This is pdfTeX, Version 3.141592653-2.6-1.40.29 (TeX Live 2026/Arch Linux) (preloaded format=pdflatex 2026.4.9)  3 MAY 2026 22:23
entering extended mode
 restricted \write18 enabled.
 file:line:error style messages enabled.
 %&-line parsing enabled.
**/home/max/testgen-suite/ocr-frq/output_latex/output_frq.tex
(/home/max/testgen-suite/ocr-frq/output_latex/output_frq.tex
LaTeX2e <2025-11-01>
L3 programming layer <2026-01-19>
(/usr/share/texmf-dist/tex/latex/exam/exam.cls
Document Class: exam 2023/07/09 Version 2.704 by Philip Hirschhorn
(/usr/share/texmf-dist/tex/latex/base/ifthen.sty
Package: ifthen 2024/03/16 v1.1e Standard LaTeX ifthen package (DPC)
) (/usr/share/texmf-dist/tex/latex/base/article.cls
Document Class: article 2025/01/22 v1.4n Standard LaTeX document class
(/usr/share/texmf-dist/tex/latex/base/size12.clo
File: size12.clo 2025/01/22 v1.4n Standard LaTeX file (size option)
)
\c@part=\count275
\c@section=\count276
\c@subsection=\count277
\c@subsubsection=\count278
\c@paragraph=\count279
\c@subparagraph=\count280
\c@figure=\count281
\c@table=\count282
\abovecaptionskip=\skip49
\belowcaptionskip=\skip50
\bibindent=\dimen148
)
\@extrawidth=\skip51
\@rightmargin=\skip52
\@extrahead=\skip53
\@extrafoot=\skip54
\run@exhd=\skip55
\fp@exhd=\skip56
\run@exft=\skip57
\fp@exft=\skip58
\covrun@exhd=\skip59
\covfp@exhd=\skip60
\covrun@exft=\skip61
\covfp@exft=\skip62
\c@num@coverpages=\count283
\c@latest@ques=\count284
\c@ques@end=\count285
\c@last@object=\count286
\c@incmp@ques=\count287
\c@next@ques=\count288
\c@next@page=\count289
\c@tmp@hlfcntr=\count290
\c@ifpos@cntr=\count291
\c@question=\count292
\c@partno=\count293
\c@subpart=\count294
\c@subsubpart=\count295
\c@choice=\count296
\c@numpoints=\count297
\c@numbonuspoints=\count298
\c@pointsof@thisquestion=\count299
\c@bonuspointsof@thisquestion=\count300
\c@numquestions=\count301
\c@numparts=\count302
\c@numsubparts=\count303
\c@numsubsubparts=\count304
\c@Curr@Page=\count305
\c@@pagepoints=\count306
\c@@pagebonuspoints=\count307
\c@pageof@pagepoints=\count308
\c@pageof@pagebonuspoints=\count309
\c@latest@points=\count310
\c@latest@bonuspoints=\count311
\pageinfo@commands=\toks17
\temp@toks=\toks18
\pagepoint@commands=\toks19
\point@toks=\toks20
\c@ques@object=\count312
\marginpointssep=\skip63
\rightpointsmargin=\skip64
\choice@toks=\toks21
\answerlinelength=\skip65
\answerskip=\skip66
\answerclearance=\skip67
\fillinlinelength=\skip68
\linefillheight=\skip69
\linefillthickness=\skip70
\dottedlinefillheight=\skip71
\gridsize=\skip72
\gridlinewidth=\skip73
\minboxheight=\skip74
\c@@iterator=\count313
\@cellwidth=\skip75
\c@tbl@points=\count314
\c@tbl@bonuspoints=\count315
\c@pq@index=\count316
\c@pq@index@pts=\count317
\c@pq@index@bpts=\count318
\c@num@cols=\count319
\c@num@rows=\count320
\c@current@row=\count321
\c@cols@done=\count322
\c@exam@saved@eqnum=\count323
\exam@box=\box53
\saved@totalleftmargin=\dimen149
\@sollistdepth=\count324
\exam@FrameRule=\dimen150
\exam@FrameSep=\dimen151
) (/usr/share/texmf-dist/tex/latex/geometry/geometry.sty
Package: geometry 2020/01/02 v5.9 Page Geometry
 (/usr/share/texmf-dist/tex/latex/graphics/keyval.sty
Package: keyval 2022/05/29 v1.15 key=value parser (DPC)
\KV@toks@=\toks22
) (/usr/share/texmf-dist/tex/generic/iftex/ifvtex.sty
Package: ifvtex 2019/10/25 v1.7 ifvtex legacy package. Use iftex instead.
 (/usr/share/texmf-dist/tex/generic/iftex/iftex.sty
Package: iftex 2024/12/12 v1.0g TeX engine tests
))
\Gm@cnth=\count325
\Gm@cntv=\count326
\c@Gm@tempcnt=\count327
\Gm@bindingoffset=\dimen152
\Gm@wd@mp=\dimen153
\Gm@odd@mp=\dimen154
\Gm@even@mp=\dimen155
\Gm@layoutwidth=\dimen156
\Gm@layoutheight=\dimen157
\Gm@layouthoffset=\dimen158
\Gm@layoutvoffset=\dimen159
\Gm@dimlist=\toks23
) (/usr/share/texmf-dist/tex/latex/amsmath/amsmath.sty
Package: amsmath 2025/07/09 v2.17z AMS math features
\@mathmargin=\skip76

For additional information on amsmath, use the `?' option.
(/usr/share/texmf-dist/tex/latex/amsmath/amstext.sty
Package: amstext 2024/11/17 v2.01 AMS text
 (/usr/share/texmf-dist/tex/latex/amsmath/amsgen.sty
File: amsgen.sty 1999/11/30 v2.0 generic functions
\@emptytoks=\toks24
\ex@=\dimen160
)) (/usr/share/texmf-dist/tex/latex/amsmath/amsbsy.sty
Package: amsbsy 1999/11/29 v1.2d Bold Symbols
\pmbraise@=\dimen161
) (/usr/share/texmf-dist/tex/latex/amsmath/amsopn.sty
Package: amsopn 2022/04/08 v2.04 operator names
)
\inf@bad=\count328
LaTeX Info: Redefining \frac on input line 233.
\uproot@=\count329
\leftroot@=\count330
LaTeX Info: Redefining \overline on input line 398.
LaTeX Info: Redefining \colon on input line 409.
\classnum@=\count331
\DOTSCASE@=\count332
LaTeX Info: Redefining \ldots on input line 495.
LaTeX Info: Redefining \dots on input line 498.
LaTeX Info: Redefining \cdots on input line 619.
\Mathstrutbox@=\box54
\strutbox@=\box55
LaTeX Info: Redefining \big on input line 721.
LaTeX Info: Redefining \Big on input line 722.
LaTeX Info: Redefining \bigg on input line 723.
LaTeX Info: Redefining \Bigg on input line 724.
\big@size=\dimen162
LaTeX Font Info:    Redeclaring font encoding OML on input line 742.
LaTeX Font Info:    Redeclaring font encoding OMS on input line 743.
\macc@depth=\count333
LaTeX Info: Redefining \bmod on input line 904.
LaTeX Info: Redefining \pmod on input line 909.
LaTeX Info: Redefining \smash on input line 939.
LaTeX Info: Redefining \relbar on input line 969.
LaTeX Info: Redefining \Relbar on input line 970.
\c@MaxMatrixCols=\count334
\dotsspace@=\muskip17
\c@parentequation=\count335
\dspbrk@lvl=\count336
\tag@help=\toks25
\row@=\count337
\column@=\count338
\maxfields@=\count339
\andhelp@=\toks26
\eqnshift@=\dimen163
\alignsep@=\dimen164
\tagshift@=\dimen165
\tagwidth@=\dimen166
\totwidth@=\dimen167
\lineht@=\dimen168
\@envbody=\toks27
\multlinegap=\skip77
\multlinetaggap=\skip78
\mathdisplay@stack=\toks28
LaTeX Info: Redefining \[ on input line 2950.
LaTeX Info: Redefining \] on input line 2951.
) (/usr/share/texmf-dist/tex/latex/amsfonts/amssymb.sty
Package: amssymb 2013/01/14 v3.01 AMS font symbols
 (/usr/share/texmf-dist/tex/latex/amsfonts/amsfonts.sty
Package: amsfonts 2013/01/14 v3.01 Basic AMSFonts support
\symAMSa=\mathgroup4
\symAMSb=\mathgroup5
LaTeX Font Info:    Redeclaring math symbol \hbar on input line 98.
LaTeX Font Info:    Overwriting math alphabet `\mathfrak' in version `bold'
(Font)                  U/euf/m/n --> U/euf/b/n on input line 106.
)) (/usr/share/texmf-dist/tex/latex/graphics/graphicx.sty
Package: graphicx 2024/12/31 v1.2e Enhanced LaTeX Graphics (DPC,SPQR)
 (/usr/share/texmf-dist/tex/latex/graphics/graphics.sty
Package: graphics 2024/08/06 v1.4g Standard LaTeX Graphics (DPC,SPQR)
 (/usr/share/texmf-dist/tex/latex/graphics/trig.sty
Package: trig 2023/12/02 v1.11 sin cos tan (DPC)
) (/usr/share/texmf-dist/tex/latex/graphics-cfg/graphics.cfg
File: graphics.cfg 2016/06/04 v1.11 sample graphics configuration
)
Package graphics Info: Driver file: pdftex.def on input line 106.
 (/usr/share/texmf-dist/tex/latex/graphics-def/pdftex.def
File: pdftex.def 2025/09/29 v1.2d Graphics/color driver for pdftex
))
\Gin@req@height=\dimen169
\Gin@req@width=\dimen170
) (/usr/share/texmf-dist/tex/latex/multirow/multirow.sty
Package: multirow 2024/11/12 v2.9 Span multiple rows of a table
\multirow@colwidth=\skip79
\multirow@cntb=\count340
\multirow@dima=\skip80
\bigstrutjot=\dimen171
) (/usr/share/texmf-dist/tex/latex/base/fontenc.sty
Package: fontenc 2025/07/18 v2.1d Standard LaTeX package
) (/usr/share/texmf-dist/tex/latex/base/inputenc.sty
Package: inputenc 2024/02/08 v1.3d Input encoding file
\inpenc@prehook=\toks29
\inpenc@posthook=\toks30
) (/usr/share/texmf-dist/tex/latex/l3backend/l3backend-pdftex.def
File: l3backend-pdftex.def 2025-10-09 L3 backend support: PDF output (pdfTeX)
\l__color_backend_stack_int=\count341
) (./output_frq.aux

LaTeX Warning: Label `question@1' multiply defined.


LaTeX Warning: Label `part@1@1' multiply defined.


LaTeX Warning: Label `part@1@2' multiply defined.


LaTeX Warning: Label `part@1@3' multiply defined.


LaTeX Warning: Label `question@2' multiply defined.


LaTeX Warning: Label `part@2@1' multiply defined.


LaTeX Warning: Label `part@2@2' multiply defined.


LaTeX Warning: Label `part@2@3' multiply defined.


LaTeX Warning: Label `question@3' multiply defined.


LaTeX Warning: Label `part@3@1' multiply defined.


LaTeX Warning: Label `part@3@2' multiply defined.


LaTeX Warning: Label `part@3@3' multiply defined.


LaTeX Warning: Label `question@4' multiply defined.


LaTeX Warning: Label `part@4@1' multiply defined.


LaTeX Warning: Label `part@4@2' multiply defined.


LaTeX Warning: Label `part@4@3' multiply defined.


LaTeX Warning: Label `question@5' multiply defined.


LaTeX Warning: Label `part@5@1' multiply defined.


LaTeX Warning: Label `part@5@2' multiply defined.


LaTeX Warning: Label `part@5@3' multiply defined.


LaTeX Warning: Label `part@5@4' multiply defined.


LaTeX Warning: Label `question@6' multiply defined.


LaTeX Warning: Label `part@6@1' multiply defined.


LaTeX Warning: Label `part@6@2' multiply defined.


LaTeX Warning: Label `part@6@3' multiply defined.


LaTeX Warning: Label `question@1' multiply defined.


LaTeX Warning: Label `part@1@1' multiply defined.


LaTeX Warning: Label `part@1@2' multiply defined.


LaTeX Warning: Label `part@1@3' multiply defined.


LaTeX Warning: Label `question@2' multiply defined.


LaTeX Warning: Label `part@2@1' multiply defined.


LaTeX Warning: Label `part@2@2' multiply defined.


LaTeX Warning: Label `part@2@3' multiply defined.


LaTeX Warning: Label `question@3' multiply defined.


LaTeX Warning: Label `part@3@1' multiply defined.


LaTeX Warning: Label `part@3@2' multiply defined.


LaTeX Warning: Label `part@3@3' multiply defined.


LaTeX Warning: Label `question@4' multiply defined.


LaTeX Warning: Label `part@4@1' multiply defined.


LaTeX Warning: Label `part@4@2' multiply defined.


LaTeX Warning: Label `part@4@3' multiply defined.


LaTeX Warning: Label `question@5' multiply defined.


LaTeX Warning: Label `part@5@1' multiply defined.


LaTeX Warning: Label `part@5@2' multiply defined.


LaTeX Warning: Label `part@5@3' multiply defined.


LaTeX Warning: Label `question@6' multiply defined.


LaTeX Warning: Label `part@6@1' multiply defined.


LaTeX Warning: Label `part@6@2' multiply defined.


LaTeX Warning: Label `part@6@3' multiply defined.


LaTeX Warning: Label `question@1' multiply defined.


LaTeX Warning: Label `part@1@1' multiply defined.


LaTeX Warning: Label `part@1@2' multiply defined.


LaTeX Warning: Label `part@1@3' multiply defined.


LaTeX Warning: Label `question@2' multiply defined.


LaTeX Warning: Label `part@2@1' multiply defined.


LaTeX Warning: Label `part@2@2' multiply defined.


LaTeX Warning: Label `part@2@3' multiply defined.


LaTeX Warning: Label `part@2@4' multiply defined.


LaTeX Warning: Label `question@3' multiply defined.


LaTeX Warning: Label `part@3@1' multiply defined.


LaTeX Warning: Label `part@3@2' multiply defined.


LaTeX Warning: Label `part@3@3' multiply defined.


LaTeX Warning: Label `part@3@4' multiply defined.


LaTeX Warning: Label `question@4' multiply defined.


LaTeX Warning: Label `part@4@1' multiply defined.


LaTeX Warning: Label `part@4@2' multiply defined.


LaTeX Warning: Label `part@4@3' multiply defined.


LaTeX Warning: Label `part@4@4' multiply defined.


LaTeX Warning: Label `question@5' multiply defined.


LaTeX Warning: Label `part@5@1' multiply defined.


LaTeX Warning: Label `part@5@2' multiply defined.


LaTeX Warning: Label `part@5@3' multiply defined.


LaTeX Warning: Label `question@6' multiply defined.


LaTeX Warning: Label `part@6@1' multiply defined.


LaTeX Warning: Label `part@6@2' multiply defined.


LaTeX Warning: Label `part@6@3' multiply defined.


LaTeX Warning: Label `part@6@4' multiply defined.


LaTeX Warning: Label `question@1' multiply defined.


LaTeX Warning: Label `part@1@1' multiply defined.


LaTeX Warning: Label `part@1@2' multiply defined.


LaTeX Warning: Label `part@1@3' multiply defined.


LaTeX Warning: Label `question@2' multiply defined.


LaTeX Warning: Label `part@2@1' multiply defined.


LaTeX Warning: Label `part@2@2' multiply defined.


LaTeX Warning: Label `part@2@3' multiply defined.


LaTeX Warning: Label `part@2@4' multiply defined.


LaTeX Warning: Label `question@3' multiply defined.


LaTeX Warning: Label `part@3@1' multiply defined.


LaTeX Warning: Label `part@3@2' multiply defined.


LaTeX Warning: Label `part@3@3' multiply defined.


LaTeX Warning: Label `part@3@4' multiply defined.


LaTeX Warning: Label `question@4' multiply defined.


LaTeX Warning: Label `part@4@1' multiply defined.


LaTeX Warning: Label `part@4@2' multiply defined.


LaTeX Warning: Label `part@4@3' multiply defined.


LaTeX Warning: Label `part@4@4' multiply defined.


LaTeX Warning: Label `question@5' multiply defined.


LaTeX Warning: Label `part@5@1' multiply defined.


LaTeX Warning: Label `part@5@2' multiply defined.


LaTeX Warning: Label `part@5@3' multiply defined.


LaTeX Warning: Label `part@5@4' multiply defined.


LaTeX Warning: Label `question@6' multiply defined.


LaTeX Warning: Label `part@6@1' multiply defined.


LaTeX Warning: Label `part@6@2' multiply defined.


LaTeX Warning: Label `part@6@3' multiply defined.


LaTeX Warning: Label `question@1' multiply defined.


LaTeX Warning: Label `part@1@1' multiply defined.


LaTeX Warning: Label `part@1@2' multiply defined.


LaTeX Warning: Label `part@1@3' multiply defined.


LaTeX Warning: Label `part@1@4' multiply defined.


LaTeX Warning: Label `question@2' multiply defined.


LaTeX Warning: Label `part@2@1' multiply defined.


LaTeX Warning: Label `part@2@2' multiply defined.


LaTeX Warning: Label `part@2@3' multiply defined.


LaTeX Warning: Label `part@2@4' multiply defined.


LaTeX Warning: Label `question@3' multiply defined.


LaTeX Warning: Label `part@3@1' multiply defined.


LaTeX Warning: Label `part@3@2' multiply defined.


LaTeX Warning: Label `part@3@3' multiply defined.


LaTeX Warning: Label `question@4' multiply defined.


LaTeX Warning: Label `part@4@1' multiply defined.


LaTeX Warning: Label `part@4@2' multiply defined.


LaTeX Warning: Label `part@4@3' multiply defined.


LaTeX Warning: Label `part@4@4' multiply defined.


LaTeX Warning: Label `question@5' multiply defined.


LaTeX Warning: Label `part@5@1' multiply defined.


LaTeX Warning: Label `part@5@2' multiply defined.


LaTeX Warning: Label `question@6' multiply defined.


LaTeX Warning: Label `part@6@1' multiply defined.


LaTeX Warning: Label `part@6@2' multiply defined.


LaTeX Warning: Label `part@6@3' multiply defined.


LaTeX Warning: Label `part@6@4' multiply defined.


LaTeX Warning: Label `question@1' multiply defined.


LaTeX Warning: Label `part@1@1' multiply defined.


LaTeX Warning: Label `part@1@2' multiply defined.


LaTeX Warning: Label `part@1@3' multiply defined.


LaTeX Warning: Label `question@2' multiply defined.


LaTeX Warning: Label `part@2@1' multiply defined.


LaTeX Warning: Label `part@2@2' multiply defined.


LaTeX Warning: Label `part@2@3' multiply defined.


LaTeX Warning: Label `part@2@4' multiply defined.


LaTeX Warning: Label `question@3' multiply defined.


LaTeX Warning: Label `part@3@1' multiply defined.


LaTeX Warning: Label `part@3@2' multiply defined.


LaTeX Warning: Label `part@3@3' multiply defined.


LaTeX Warning: Label `part@3@4' multiply defined.


LaTeX Warning: Label `question@4' multiply defined.


LaTeX Warning: Label `part@4@1' multiply defined.


LaTeX Warning: Label `part@4@2' multiply defined.


LaTeX Warning: Label `part@4@3' multiply defined.


LaTeX Warning: Label `part@4@4' multiply defined.


LaTeX Warning: Label `question@5' multiply defined.


LaTeX Warning: Label `part@5@1' multiply defined.


LaTeX Warning: Label `part@5@2' multiply defined.


LaTeX Warning: Label `part@5@3' multiply defined.


LaTeX Warning: Label `question@6' multiply defined.


LaTeX Warning: Label `part@6@1' multiply defined.


LaTeX Warning: Label `part@6@2' multiply defined.


LaTeX Warning: Label `part@6@3' multiply defined.


LaTeX Warning: Label `question@1' multiply defined.


LaTeX Warning: Label `part@1@1' multiply defined.


LaTeX Warning: Label `part@1@2' multiply defined.


LaTeX Warning: Label `part@1@3' multiply defined.


LaTeX Warning: Label `question@2' multiply defined.


LaTeX Warning: Label `part@2@1' multiply defined.


LaTeX Warning: Label `part@2@2' multiply defined.


LaTeX Warning: Label `part@2@3' multiply defined.


LaTeX Warning: Label `question@3' multiply defined.


LaTeX Warning: Label `part@3@1' multiply defined.


LaTeX Warning: Label `part@3@2' multiply defined.


LaTeX Warning: Label `part@3@3' multiply defined.


LaTeX Warning: Label `part@3@4' multiply defined.


LaTeX Warning: Label `question@4' multiply defined.


LaTeX Warning: Label `part@4@1' multiply defined.


LaTeX Warning: Label `part@4@2' multiply defined.


LaTeX Warning: Label `part@4@3' multiply defined.


LaTeX Warning: Label `part@4@4' multiply defined.


LaTeX Warning: Label `question@5' multiply defined.


LaTeX Warning: Label `part@5@1' multiply defined.


LaTeX Warning: Label `part@5@2' multiply defined.


LaTeX Warning: Label `part@5@3' multiply defined.


LaTeX Warning: Label `part@5@4' multiply defined.


LaTeX Warning: Label `question@6' multiply defined.


LaTeX Warning: Label `part@6@1' multiply defined.


LaTeX Warning: Label `part@6@2' multiply defined.


LaTeX Warning: Label `part@6@3' multiply defined.


LaTeX Warning: Label `part@6@4' multiply defined.


LaTeX Warning: Label `question@1' multiply defined.


LaTeX Warning: Label `part@1@1' multiply defined.


LaTeX Warning: Label `part@1@2' multiply defined.


LaTeX Warning: Label `part@1@3' multiply defined.


LaTeX Warning: Label `part@1@4' multiply defined.


LaTeX Warning: Label `question@2' multiply defined.


LaTeX Warning: Label `part@2@1' multiply defined.


LaTeX Warning: Label `part@2@2' multiply defined.


LaTeX Warning: Label `part@2@3' multiply defined.


LaTeX Warning: Label `question@3' multiply defined.


LaTeX Warning: Label `part@3@1' multiply defined.


LaTeX Warning: Label `part@3@2' multiply defined.


LaTeX Warning: Label `part@3@3' multiply defined.


LaTeX Warning: Label `part@3@4' multiply defined.


LaTeX Warning: Label `question@4' multiply defined.


LaTeX Warning: Label `part@4@1' multiply defined.


LaTeX Warning: Label `part@4@2' multiply defined.


LaTeX Warning: Label `part@4@3' multiply defined.


LaTeX Warning: Label `question@5' multiply defined.


LaTeX Warning: Label `part@5@1' multiply defined.


LaTeX Warning: Label `part@5@2' multiply defined.


LaTeX Warning: Label `part@5@3' multiply defined.


LaTeX Warning: Label `part@5@4' multiply defined.


LaTeX Warning: Label `question@6' multiply defined.


LaTeX Warning: Label `part@6@1' multiply defined.


LaTeX Warning: Label `part@6@2' multiply defined.


LaTeX Warning: Label `part@6@3' multiply defined.


LaTeX Warning: Label `part@6@4' multiply defined.


LaTeX Warning: Label `question@1' multiply defined.


LaTeX Warning: Label `part@1@1' multiply defined.


LaTeX Warning: Label `part@1@2' multiply defined.


LaTeX Warning: Label `part@1@3' multiply defined.


LaTeX Warning: Label `part@1@4' multiply defined.


LaTeX Warning: Label `question@2' multiply defined.


LaTeX Warning: Label `part@2@1' multiply defined.


LaTeX Warning: Label `part@2@2' multiply defined.


LaTeX Warning: Label `part@2@3' multiply defined.


LaTeX Warning: Label `part@2@4' multiply defined.


LaTeX Warning: Label `question@3' multiply defined.


LaTeX Warning: Label `part@3@1' multiply defined.


LaTeX Warning: Label `part@3@2' multiply defined.


LaTeX Warning: Label `part@3@3' multiply defined.


LaTeX Warning: Label `part@3@4' multiply defined.


LaTeX Warning: Label `question@4' multiply defined.


LaTeX Warning: Label `part@4@1' multiply defined.


LaTeX Warning: Label `part@4@2' multiply defined.


LaTeX Warning: Label `part@4@3' multiply defined.


LaTeX Warning: Label `question@5' multiply defined.


LaTeX Warning: Label `part@5@1' multiply defined.


LaTeX Warning: Label `part@5@2' multiply defined.


LaTeX Warning: Label `part@5@3' multiply defined.


LaTeX Warning: Label `part@5@4' multiply defined.


LaTeX Warning: Label `question@6' multiply defined.


LaTeX Warning: Label `part@6@1' multiply defined.


LaTeX Warning: Label `part@6@2' multiply defined.


LaTeX Warning: Label `part@6@3' multiply defined.


LaTeX Warning: Label `question@1' multiply defined.


LaTeX Warning: Label `part@1@1' multiply defined.


LaTeX Warning: Label `part@1@2' multiply defined.


LaTeX Warning: Label `part@1@3' multiply defined.


LaTeX Warning: Label `question@2' multiply defined.


LaTeX Warning: Label `part@2@1' multiply defined.


LaTeX Warning: Label `part@2@2' multiply defined.


LaTeX Warning: Label `part@2@3' multiply defined.


LaTeX Warning: Label `part@2@4' multiply defined.


LaTeX Warning: Label `question@3' multiply defined.


LaTeX Warning: Label `part@3@1' multiply defined.


LaTeX Warning: Label `part@3@2' multiply defined.


LaTeX Warning: Label `part@3@3' multiply defined.


LaTeX Warning: Label `part@3@4' multiply defined.


LaTeX Warning: Label `question@4' multiply defined.


LaTeX Warning: Label `part@4@1' multiply defined.


LaTeX Warning: Label `part@4@2' multiply defined.


LaTeX Warning: Label `part@4@3' multiply defined.


LaTeX Warning: Label `part@4@4' multiply defined.


LaTeX Warning: Label `question@5' multiply defined.


LaTeX Warning: Label `part@5@1' multiply defined.


LaTeX Warning: Label `part@5@2' multiply defined.


LaTeX Warning: Label `part@5@3' multiply defined.


LaTeX Warning: Label `part@5@4' multiply defined.


LaTeX Warning: Label `question@6' multiply defined.


LaTeX Warning: Label `part@6@1' multiply defined.


LaTeX Warning: Label `part@6@2' multiply defined.


LaTeX Warning: Label `part@6@3' multiply defined.


LaTeX Warning: Label `question@1' multiply defined.


LaTeX Warning: Label `part@1@1' multiply defined.


LaTeX Warning: Label `part@1@2' multiply defined.


LaTeX Warning: Label `part@1@3' multiply defined.


LaTeX Warning: Label `part@1@4' multiply defined.


LaTeX Warning: Label `question@2' multiply defined.


LaTeX Warning: Label `part@2@1' multiply defined.


LaTeX Warning: Label `part@2@2' multiply defined.


LaTeX Warning: Label `part@2@3' multiply defined.


LaTeX Warning: Label `part@2@4' multiply defined.


LaTeX Warning: Label `question@3' multiply defined.


LaTeX Warning: Label `part@3@1' multiply defined.


LaTeX Warning: Label `part@3@2' multiply defined.


LaTeX Warning: Label `part@3@3' multiply defined.


LaTeX Warning: Label `question@4' multiply defined.


LaTeX Warning: Label `part@4@1' multiply defined.


LaTeX Warning: Label `part@4@2' multiply defined.


LaTeX Warning: Label `part@4@3' multiply defined.


LaTeX Warning: Label `part@4@4' multiply defined.


LaTeX Warning: Label `question@5' multiply defined.


LaTeX Warning: Label `part@5@1' multiply defined.


LaTeX Warning: Label `part@5@2' multiply defined.


LaTeX Warning: Label `part@5@3' multiply defined.


LaTeX Warning: Label `part@5@4' multiply defined.


LaTeX Warning: Label `question@6' multiply defined.


LaTeX Warning: Label `part@6@1' multiply defined.


LaTeX Warning: Label `part@6@2' multiply defined.


LaTeX Warning: Label `part@6@3' multiply defined.


LaTeX Warning: Label `question@1' multiply defined.


LaTeX Warning: Label `part@1@1' multiply defined.


LaTeX Warning: Label `part@1@2' multiply defined.


LaTeX Warning: Label `part@1@3' multiply defined.


LaTeX Warning: Label `question@2' multiply defined.


LaTeX Warning: Label `part@2@1' multiply defined.


LaTeX Warning: Label `part@2@2' multiply defined.


LaTeX Warning: Label `part@2@3' multiply defined.


LaTeX Warning: Label `question@3' multiply defined.


LaTeX Warning: Label `part@3@1' multiply defined.


LaTeX Warning: Label `part@3@2' multiply defined.


LaTeX Warning: Label `part@3@3' multiply defined.


LaTeX Warning: Label `part@3@4' multiply defined.


LaTeX Warning: Label `question@4' multiply defined.


LaTeX Warning: Label `part@4@1' multiply defined.


LaTeX Warning: Label `part@4@2' multiply defined.


LaTeX Warning: Label `part@4@3' multiply defined.


LaTeX Warning: Label `question@5' multiply defined.


LaTeX Warning: Label `part@5@1' multiply defined.


LaTeX Warning: Label `part@5@2' multiply defined.


LaTeX Warning: Label `part@5@3' multiply defined.


LaTeX Warning: Label `part@5@4' multiply defined.


LaTeX Warning: Label `question@6' multiply defined.


LaTeX Warning: Label `part@6@1' multiply defined.


LaTeX Warning: Label `part@6@2' multiply defined.


LaTeX Warning: Label `question@1' multiply defined.


LaTeX Warning: Label `part@1@1' multiply defined.


LaTeX Warning: Label `part@1@2' multiply defined.


LaTeX Warning: Label `part@1@3' multiply defined.


LaTeX Warning: Label `question@2' multiply defined.


LaTeX Warning: Label `part@2@1' multiply defined.


LaTeX Warning: Label `part@2@2' multiply defined.


LaTeX Warning: Label `part@2@3' multiply defined.


LaTeX Warning: Label `part@2@4' multiply defined.


LaTeX Warning: Label `question@3' multiply defined.


LaTeX Warning: Label `part@3@1' multiply defined.


LaTeX Warning: Label `part@3@2' multiply defined.


LaTeX Warning: Label `part@3@3' multiply defined.


LaTeX Warning: Label `part@3@4' multiply defined.


LaTeX Warning: Label `question@4' multiply defined.


LaTeX Warning: Label `part@4@1' multiply defined.


LaTeX Warning: Label `part@4@2' multiply defined.


LaTeX Warning: Label `part@4@3' multiply defined.


LaTeX Warning: Label `part@4@4' multiply defined.


LaTeX Warning: Label `question@5' multiply defined.


LaTeX Warning: Label `part@5@1' multiply defined.


LaTeX Warning: Label `part@5@2' multiply defined.


LaTeX Warning: Label `part@5@3' multiply defined.


LaTeX Warning: Label `question@6' multiply defined.


LaTeX Warning: Label `part@6@1' multiply defined.


LaTeX Warning: Label `part@6@2' multiply defined.


LaTeX Warning: Label `part@6@3' multiply defined.


LaTeX Warning: Label `part@6@4' multiply defined.


LaTeX Warning: Label `question@1' multiply defined.


LaTeX Warning: Label `part@1@1' multiply defined.


LaTeX Warning: Label `part@1@2' multiply defined.


LaTeX Warning: Label `part@1@3' multiply defined.


LaTeX Warning: Label `question@2' multiply defined.


LaTeX Warning: Label `part@2@1' multiply defined.


LaTeX Warning: Label `part@2@2' multiply defined.


LaTeX Warning: Label `part@2@3' multiply defined.


LaTeX Warning: Label `question@3' multiply defined.


LaTeX Warning: Label `part@3@1' multiply defined.


LaTeX Warning: Label `part@3@2' multiply defined.


LaTeX Warning: Label `part@3@3' multiply defined.


LaTeX Warning: Label `question@4' multiply defined.


LaTeX Warning: Label `part@4@1' multiply defined.


LaTeX Warning: Label `part@4@2' multiply defined.


LaTeX Warning: Label `part@4@3' multiply defined.


LaTeX Warning: Label `question@5' multiply defined.


LaTeX Warning: Label `part@5@1' multiply defined.


LaTeX Warning: Label `part@5@2' multiply defined.


LaTeX Warning: Label `part@5@3' multiply defined.


LaTeX Warning: Label `part@5@4' multiply defined.


LaTeX Warning: Label `question@6' multiply defined.


LaTeX Warning: Label `part@6@1' multiply defined.


LaTeX Warning: Label `part@6@2' multiply defined.


LaTeX Warning: Label `part@6@3' multiply defined.


LaTeX Warning: Label `part@6@4' multiply defined.


LaTeX Warning: Label `question@1' multiply defined.


LaTeX Warning: Label `part@1@1' multiply defined.


LaTeX Warning: Label `part@1@2' multiply defined.


LaTeX Warning: Label `part@1@3' multiply defined.


LaTeX Warning: Label `question@2' multiply defined.


LaTeX Warning: Label `part@2@1' multiply defined.


LaTeX Warning: Label `part@2@2' multiply defined.


LaTeX Warning: Label `part@2@3' multiply defined.


LaTeX Warning: Label `part@2@4' multiply defined.


LaTeX Warning: Label `question@3' multiply defined.


LaTeX Warning: Label `part@3@1' multiply defined.


LaTeX Warning: Label `part@3@2' multiply defined.


LaTeX Warning: Label `part@3@3' multiply defined.


LaTeX Warning: Label `question@4' multiply defined.


LaTeX Warning: Label `part@4@1' multiply defined.


LaTeX Warning: Label `part@4@2' multiply defined.


LaTeX Warning: Label `part@4@3' multiply defined.


LaTeX Warning: Label `part@4@4' multiply defined.


LaTeX Warning: Label `question@5' multiply defined.


LaTeX Warning: Label `part@5@1' multiply defined.


LaTeX Warning: Label `part@5@2' multiply defined.


LaTeX Warning: Label `part@5@3' multiply defined.


LaTeX Warning: Label `part@5@4' multiply defined.


LaTeX Warning: Label `question@6' multiply defined.


LaTeX Warning: Label `part@6@1' multiply defined.


LaTeX Warning: Label `part@6@2' multiply defined.


LaTeX Warning: Label `part@6@3' multiply defined.


LaTeX Warning: Label `question@1' multiply defined.


LaTeX Warning: Label `part@1@1' multiply defined.


LaTeX Warning: Label `part@1@2' multiply defined.


LaTeX Warning: Label `part@1@3' multiply defined.


LaTeX Warning: Label `part@1@4' multiply defined.


LaTeX Warning: Label `question@2' multiply defined.


LaTeX Warning: Label `part@2@1' multiply defined.


LaTeX Warning: Label `part@2@2' multiply defined.


LaTeX Warning: Label `part@2@3' multiply defined.


LaTeX Warning: Label `part@2@4' multiply defined.


LaTeX Warning: Label `question@3' multiply defined.


LaTeX Warning: Label `part@3@1' multiply defined.


LaTeX Warning: Label `part@3@2' multiply defined.


LaTeX Warning: Label `part@3@3' multiply defined.


LaTeX Warning: Label `question@4' multiply defined.


LaTeX Warning: Label `part@4@1' multiply defined.


LaTeX Warning: Label `part@4@2' multiply defined.


LaTeX Warning: Label `part@4@3' multiply defined.


LaTeX Warning: Label `part@4@4' multiply defined.


LaTeX Warning: Label `question@5' multiply defined.


LaTeX Warning: Label `part@5@1' multiply defined.


LaTeX Warning: Label `part@5@2' multiply defined.


LaTeX Warning: Label `part@5@3' multiply defined.


LaTeX Warning: Label `question@6' multiply defined.


LaTeX Warning: Label `part@6@1' multiply defined.


LaTeX Warning: Label `part@6@2' multiply defined.


LaTeX Warning: Label `part@6@3' multiply defined.


LaTeX Warning: Label `part@6@4' multiply defined.


LaTeX Warning: Label `question@1' multiply defined.


LaTeX Warning: Label `part@1@1' multiply defined.


LaTeX Warning: Label `part@1@2' multiply defined.


LaTeX Warning: Label `part@1@3' multiply defined.


LaTeX Warning: Label `part@1@4' multiply defined.


LaTeX Warning: Label `question@2' multiply defined.


LaTeX Warning: Label `part@2@1' multiply defined.


LaTeX Warning: Label `part@2@2' multiply defined.


LaTeX Warning: Label `part@2@3' multiply defined.


LaTeX Warning: Label `question@3' multiply defined.


LaTeX Warning: Label `part@3@1' multiply defined.


LaTeX Warning: Label `part@3@2' multiply defined.


LaTeX Warning: Label `part@3@3' multiply defined.


LaTeX Warning: Label `part@3@4' multiply defined.


LaTeX Warning: Label `question@4' multiply defined.


LaTeX Warning: Label `part@4@1' multiply defined.


LaTeX Warning: Label `part@4@2' multiply defined.


LaTeX Warning: Label `part@4@3' multiply defined.


LaTeX Warning: Label `question@5' multiply defined.


LaTeX Warning: Label `part@5@1' multiply defined.


LaTeX Warning: Label `part@5@2' multiply defined.


LaTeX Warning: Label `part@5@3' multiply defined.


LaTeX Warning: Label `part@5@4' multiply defined.


LaTeX Warning: Label `question@6' multiply defined.


LaTeX Warning: Label `part@6@1' multiply defined.


LaTeX Warning: Label `part@6@2' multiply defined.


LaTeX Warning: Label `part@6@3' multiply defined.


LaTeX Warning: Label `part@6@4' multiply defined.


LaTeX Warning: Label `question@1' multiply defined.


LaTeX Warning: Label `part@1@1' multiply defined.


LaTeX Warning: Label `part@1@2' multiply defined.


LaTeX Warning: Label `part@1@3' multiply defined.


LaTeX Warning: Label `part@1@4' multiply defined.


LaTeX Warning: Label `question@2' multiply defined.


LaTeX Warning: Label `part@2@1' multiply defined.


LaTeX Warning: Label `part@2@2' multiply defined.


LaTeX Warning: Label `part@2@3' multiply defined.


LaTeX Warning: Label `part@2@4' multiply defined.


LaTeX Warning: Label `question@3' multiply defined.


LaTeX Warning: Label `part@3@1' multiply defined.


LaTeX Warning: Label `part@3@2' multiply defined.


LaTeX Warning: Label `part@3@3' multiply defined.


LaTeX Warning: Label `part@3@4' multiply defined.


LaTeX Warning: Label `question@4' multiply defined.


LaTeX Warning: Label `part@4@1' multiply defined.


LaTeX Warning: Label `part@4@2' multiply defined.


LaTeX Warning: Label `part@4@3' multiply defined.


LaTeX Warning: Label `question@5' multiply defined.


LaTeX Warning: Label `part@5@1' multiply defined.


LaTeX Warning: Label `part@5@2' multiply defined.


LaTeX Warning: Label `part@5@3' multiply defined.


LaTeX Warning: Label `part@5@4' multiply defined.


LaTeX Warning: Label `question@6' multiply defined.


LaTeX Warning: Label `part@6@1' multiply defined.


LaTeX Warning: Label `part@6@2' multiply defined.


LaTeX Warning: Label `part@6@3' multiply defined.


LaTeX Warning: Label `part@6@4' multiply defined.


LaTeX Warning: Label `question@1' multiply defined.


LaTeX Warning: Label `part@1@1' multiply defined.


LaTeX Warning: Label `part@1@2' multiply defined.


LaTeX Warning: Label `part@1@3' multiply defined.


LaTeX Warning: Label `question@2' multiply defined.


LaTeX Warning: Label `part@2@1' multiply defined.


LaTeX Warning: Label `part@2@2' multiply defined.


LaTeX Warning: Label `part@2@3' multiply defined.


LaTeX Warning: Label `part@2@4' multiply defined.


LaTeX Warning: Label `question@3' multiply defined.


LaTeX Warning: Label `part@3@1' multiply defined.


LaTeX Warning: Label `part@3@2' multiply defined.


LaTeX Warning: Label `part@3@3' multiply defined.


LaTeX Warning: Label `part@3@4' multiply defined.


LaTeX Warning: Label `question@4' multiply defined.


LaTeX Warning: Label `part@4@1' multiply defined.


LaTeX Warning: Label `part@4@2' multiply defined.


LaTeX Warning: Label `part@4@3' multiply defined.


LaTeX Warning: Label `question@5' multiply defined.


LaTeX Warning: Label `part@5@1' multiply defined.


LaTeX Warning: Label `part@5@2' multiply defined.


LaTeX Warning: Label `part@5@3' multiply defined.


LaTeX Warning: Label `part@5@4' multiply defined.


LaTeX Warning: Label `question@6' multiply defined.


LaTeX Warning: Label `part@6@1' multiply defined.


LaTeX Warning: Label `part@6@2' multiply defined.


LaTeX Warning: Label `part@6@3' multiply defined.


LaTeX Warning: Label `part@6@4' multiply defined.


LaTeX Warning: Label `question@1' multiply defined.


LaTeX Warning: Label `part@1@1' multiply defined.


LaTeX Warning: Label `part@1@2' multiply defined.


LaTeX Warning: Label `part@1@3' multiply defined.


LaTeX Warning: Label `part@1@4' multiply defined.


LaTeX Warning: Label `question@2' multiply defined.


LaTeX Warning: Label `part@2@1' multiply defined.


LaTeX Warning: Label `part@2@2' multiply defined.


LaTeX Warning: Label `part@2@3' multiply defined.


LaTeX Warning: Label `part@2@4' multiply defined.


LaTeX Warning: Label `question@3' multiply defined.


LaTeX Warning: Label `part@3@1' multiply defined.


LaTeX Warning: Label `part@3@2' multiply defined.


LaTeX Warning: Label `part@3@3' multiply defined.


LaTeX Warning: Label `part@3@4' multiply defined.


LaTeX Warning: Label `question@4' multiply defined.


LaTeX Warning: Label `part@4@1' multiply defined.


LaTeX Warning: Label `part@4@2' multiply defined.


LaTeX Warning: Label `part@4@3' multiply defined.


LaTeX Warning: Label `question@5' multiply defined.


LaTeX Warning: Label `part@5@1' multiply defined.


LaTeX Warning: Label `part@5@2' multiply defined.


LaTeX Warning: Label `part@5@3' multiply defined.


LaTeX Warning: Label `question@6' multiply defined.


LaTeX Warning: Label `part@6@1' multiply defined.


LaTeX Warning: Label `part@6@2' multiply defined.


LaTeX Warning: Label `part@6@3' multiply defined.


LaTeX Warning: Label `part@6@4' multiply defined.


LaTeX Warning: Label `question@1' multiply defined.


LaTeX Warning: Label `part@1@1' multiply defined.


LaTeX Warning: Label `part@1@2' multiply defined.


LaTeX Warning: Label `part@1@3' multiply defined.


LaTeX Warning: Label `question@2' multiply defined.


LaTeX Warning: Label `part@2@1' multiply defined.


LaTeX Warning: Label `part@2@2' multiply defined.


LaTeX Warning: Label `part@2@3' multiply defined.


LaTeX Warning: Label `part@2@4' multiply defined.


LaTeX Warning: Label `question@3' multiply defined.


LaTeX Warning: Label `part@3@1' multiply defined.


LaTeX Warning: Label `part@3@2' multiply defined.


LaTeX Warning: Label `part@3@3' multiply defined.


LaTeX Warning: Label `part@3@4' multiply defined.


LaTeX Warning: Label `question@4' multiply defined.


LaTeX Warning: Label `part@4@1' multiply defined.


LaTeX Warning: Label `part@4@2' multiply defined.


LaTeX Warning: Label `part@4@3' multiply defined.


LaTeX Warning: Label `part@4@4' multiply defined.


LaTeX Warning: Label `question@5' multiply defined.


LaTeX Warning: Label `part@5@1' multiply defined.


LaTeX Warning: Label `part@5@2' multiply defined.


LaTeX Warning: Label `question@6' multiply defined.


LaTeX Warning: Label `part@6@1' multiply defined.


LaTeX Warning: Label `part@6@2' multiply defined.


LaTeX Warning: Label `question@1' multiply defined.


LaTeX Warning: Label `part@1@1' multiply defined.


LaTeX Warning: Label `part@1@2' multiply defined.


LaTeX Warning: Label `part@1@3' multiply defined.


LaTeX Warning: Label `part@1@4' multiply defined.


LaTeX Warning: Label `question@2' multiply defined.


LaTeX Warning: Label `part@2@1' multiply defined.


LaTeX Warning: Label `part@2@2' multiply defined.


LaTeX Warning: Label `part@2@3' multiply defined.


LaTeX Warning: Label `part@2@4' multiply defined.


LaTeX Warning: Label `question@3' multiply defined.


LaTeX Warning: Label `part@3@1' multiply defined.


LaTeX Warning: Label `part@3@2' multiply defined.


LaTeX Warning: Label `part@3@3' multiply defined.


LaTeX Warning: Label `question@4' multiply defined.


LaTeX Warning: Label `part@4@1' multiply defined.


LaTeX Warning: Label `part@4@2' multiply defined.


LaTeX Warning: Label `part@4@3' multiply defined.


LaTeX Warning: Label `part@4@4' multiply defined.


LaTeX Warning: Label `question@5' multiply defined.


LaTeX Warning: Label `part@5@1' multiply defined.


LaTeX Warning: Label `part@5@2' multiply defined.


LaTeX Warning: Label `part@5@3' multiply defined.


LaTeX Warning: Label `question@6' multiply defined.


LaTeX Warning: Label `part@6@1' multiply defined.


LaTeX Warning: Label `part@6@2' multiply defined.


LaTeX Warning: Label `part@6@3' multiply defined.


LaTeX Warning: Label `part@6@4' multiply defined.


LaTeX Warning: Label `question@1' multiply defined.


LaTeX Warning: Label `part@1@1' multiply defined.


LaTeX Warning: Label `part@1@2' multiply defined.


LaTeX Warning: Label `part@1@3' multiply defined.


LaTeX Warning: Label `part@1@4' multiply defined.


LaTeX Warning: Label `question@2' multiply defined.


LaTeX Warning: Label `part@2@1' multiply defined.


LaTeX Warning: Label `part@2@2' multiply defined.


LaTeX Warning: Label `part@2@3' multiply defined.


LaTeX Warning: Label `question@3' multiply defined.


LaTeX Warning: Label `part@3@1' multiply defined.


LaTeX Warning: Label `part@3@2' multiply defined.


LaTeX Warning: Label `part@3@3' multiply defined.


LaTeX Warning: Label `question@4' multiply defined.


LaTeX Warning: Label `part@4@1' multiply defined.


LaTeX Warning: Label `part@4@2' multiply defined.


LaTeX Warning: Label `part@4@3' multiply defined.


LaTeX Warning: Label `part@4@4' multiply defined.


LaTeX Warning: Label `question@5' multiply defined.


LaTeX Warning: Label `part@5@1' multiply defined.


LaTeX Warning: Label `part@5@2' multiply defined.


LaTeX Warning: Label `part@5@3' multiply defined.


LaTeX Warning: Label `part@5@4' multiply defined.


LaTeX Warning: Label `question@6' multiply defined.


LaTeX Warning: Label `part@6@1' multiply defined.


LaTeX Warning: Label `part@6@2' multiply defined.


LaTeX Warning: Label `part@6@3' multiply defined.


LaTeX Warning: Label `part@6@4' multiply defined.


LaTeX Warning: Label `question@1' multiply defined.


LaTeX Warning: Label `part@1@1' multiply defined.


LaTeX Warning: Label `part@1@2' multiply defined.


LaTeX Warning: Label `part@1@3' multiply defined.


LaTeX Warning: Label `part@1@4' multiply defined.


LaTeX Warning: Label `question@2' multiply defined.


LaTeX Warning: Label `part@2@1' multiply defined.


LaTeX Warning: Label `part@2@2' multiply defined.


LaTeX Warning: Label `part@2@3' multiply defined.


LaTeX Warning: Label `part@2@4' multiply defined.


LaTeX Warning: Label `question@3' multiply defined.


LaTeX Warning: Label `part@3@1' multiply defined.


LaTeX Warning: Label `part@3@2' multiply defined.


LaTeX Warning: Label `part@3@3' multiply defined.


LaTeX Warning: Label `part@3@4' multiply defined.


LaTeX Warning: Label `question@4' multiply defined.


LaTeX Warning: Label `part@4@1' multiply defined.


LaTeX Warning: Label `part@4@2' multiply defined.


LaTeX Warning: Label `part@4@3' multiply defined.


LaTeX Warning: Label `part@4@4' multiply defined.


LaTeX Warning: Label `question@5' multiply defined.


LaTeX Warning: Label `part@5@1' multiply defined.


LaTeX Warning: Label `part@5@2' multiply defined.


LaTeX Warning: Label `part@5@3' multiply defined.


LaTeX Warning: Label `question@6' multiply defined.


LaTeX Warning: Label `part@6@1' multiply defined.


LaTeX Warning: Label `part@6@2' multiply defined.


LaTeX Warning: Label `part@6@3' multiply defined.


LaTeX Warning: Label `question@1' multiply defined.


LaTeX Warning: Label `part@1@1' multiply defined.


LaTeX Warning: Label `part@1@2' multiply defined.


LaTeX Warning: Label `part@1@3' multiply defined.


LaTeX Warning: Label `part@1@4' multiply defined.


LaTeX Warning: Label `question@2' multiply defined.


LaTeX Warning: Label `part@2@1' multiply defined.


LaTeX Warning: Label `part@2@2' multiply defined.


LaTeX Warning: Label `part@2@3' multiply defined.


LaTeX Warning: Label `question@3' multiply defined.


LaTeX Warning: Label `part@3@1' multiply defined.


LaTeX Warning: Label `part@3@2' multiply defined.


LaTeX Warning: Label `part@3@3' multiply defined.


LaTeX Warning: Label `part@3@4' multiply defined.


LaTeX Warning: Label `question@4' multiply defined.


LaTeX Warning: Label `part@4@1' multiply defined.


LaTeX Warning: Label `part@4@2' multiply defined.


LaTeX Warning: Label `part@4@3' multiply defined.


LaTeX Warning: Label `part@4@4' multiply defined.


LaTeX Warning: Label `question@5' multiply defined.


LaTeX Warning: Label `part@5@1' multiply defined.


LaTeX Warning: Label `part@5@2' multiply defined.


LaTeX Warning: Label `part@5@3' multiply defined.


LaTeX Warning: Label `question@6' multiply defined.


LaTeX Warning: Label `part@6@1' multiply defined.


LaTeX Warning: Label `part@6@2' multiply defined.


LaTeX Warning: Label `part@6@3' multiply defined.


LaTeX Warning: Label `question@1' multiply defined.


LaTeX Warning: Label `part@1@1' multiply defined.


LaTeX Warning: Label `part@1@2' multiply defined.


LaTeX Warning: Label `part@1@3' multiply defined.


LaTeX Warning: Label `part@1@4' multiply defined.


LaTeX Warning: Label `question@2' multiply defined.


LaTeX Warning: Label `part@2@1' multiply defined.


LaTeX Warning: Label `part@2@2' multiply defined.


LaTeX Warning: Label `part@2@3' multiply defined.


LaTeX Warning: Label `part@2@4' multiply defined.


LaTeX Warning: Label `question@3' multiply defined.


LaTeX Warning: Label `part@3@1' multiply defined.


LaTeX Warning: Label `part@3@2' multiply defined.


LaTeX Warning: Label `part@3@3' multiply defined.


LaTeX Warning: Label `part@3@4' multiply defined.


LaTeX Warning: Label `question@4' multiply defined.


LaTeX Warning: Label `part@4@1' multiply defined.


LaTeX Warning: Label `part@4@2' multiply defined.


LaTeX Warning: Label `part@4@3' multiply defined.


LaTeX Warning: Label `part@4@4' multiply defined.


LaTeX Warning: Label `question@5' multiply defined.


LaTeX Warning: Label `part@5@1' multiply defined.


LaTeX Warning: Label `part@5@2' multiply defined.


LaTeX Warning: Label `part@5@3' multiply defined.


LaTeX Warning: Label `question@6' multiply defined.


LaTeX Warning: Label `part@6@1' multiply defined.


LaTeX Warning: Label `part@6@2' multiply defined.


LaTeX Warning: Label `part@6@3' multiply defined.


LaTeX Warning: Label `question@1' multiply defined.


LaTeX Warning: Label `part@1@1' multiply defined.


LaTeX Warning: Label `part@1@2' multiply defined.


LaTeX Warning: Label `part@1@3' multiply defined.


LaTeX Warning: Label `part@1@4' multiply defined.


LaTeX Warning: Label `question@2' multiply defined.


LaTeX Warning: Label `part@2@1' multiply defined.


LaTeX Warning: Label `part@2@2' multiply defined.


LaTeX Warning: Label `part@2@3' multiply defined.


LaTeX Warning: Label `part@2@4' multiply defined.


LaTeX Warning: Label `question@3' multiply defined.


LaTeX Warning: Label `part@3@1' multiply defined.


LaTeX Warning: Label `part@3@2' multiply defined.


LaTeX Warning: Label `part@3@3' multiply defined.


LaTeX Warning: Label `part@3@4' multiply defined.


LaTeX Warning: Label `question@4' multiply defined.


LaTeX Warning: Label `part@4@1' multiply defined.


LaTeX Warning: Label `part@4@2' multiply defined.


LaTeX Warning: Label `part@4@3' multiply defined.


LaTeX Warning: Label `part@4@4' multiply defined.


LaTeX Warning: Label `question@5' multiply defined.


LaTeX Warning: Label `part@5@1' multiply defined.


LaTeX Warning: Label `part@5@2' multiply defined.


LaTeX Warning: Label `part@5@3' multiply defined.


LaTeX Warning: Label `part@5@4' multiply defined.


LaTeX Warning: Label `question@6' multiply defined.


LaTeX Warning: Label `part@6@1' multiply defined.


LaTeX Warning: Label `part@6@2' multiply defined.


LaTeX Warning: Label `part@6@3' multiply defined.


LaTeX Warning: Label `question@1' multiply defined.


LaTeX Warning: Label `part@1@1' multiply defined.


LaTeX Warning: Label `part@1@2' multiply defined.


LaTeX Warning: Label `part@1@3' multiply defined.


LaTeX Warning: Label `part@1@4' multiply defined.


LaTeX Warning: Label `question@2' multiply defined.


LaTeX Warning: Label `part@2@1' multiply defined.


LaTeX Warning: Label `part@2@2' multiply defined.


LaTeX Warning: Label `part@2@3' multiply defined.


LaTeX Warning: Label `part@2@4' multiply defined.


LaTeX Warning: Label `question@3' multiply defined.


LaTeX Warning: Label `part@3@1' multiply defined.


LaTeX Warning: Label `part@3@2' multiply defined.


LaTeX Warning: Label `part@3@3' multiply defined.


LaTeX Warning: Label `part@3@4' multiply defined.


LaTeX Warning: Label `question@4' multiply defined.


LaTeX Warning: Label `part@4@1' multiply defined.


LaTeX Warning: Label `part@4@2' multiply defined.


LaTeX Warning: Label `part@4@3' multiply defined.


LaTeX Warning: Label `part@4@4' multiply defined.


LaTeX Warning: Label `question@5' multiply defined.


LaTeX Warning: Label `part@5@1' multiply defined.


LaTeX Warning: Label `part@5@2' multiply defined.


LaTeX Warning: Label `part@5@3' multiply defined.


LaTeX Warning: Label `question@6' multiply defined.


LaTeX Warning: Label `part@6@1' multiply defined.


LaTeX Warning: Label `part@6@2' multiply defined.


LaTeX Warning: Label `part@6@3' multiply defined.


LaTeX Warning: Label `part@6@4' multiply defined.


LaTeX Warning: Label `question@1' multiply defined.


LaTeX Warning: Label `part@1@1' multiply defined.


LaTeX Warning: Label `part@1@2' multiply defined.


LaTeX Warning: Label `part@1@3' multiply defined.


LaTeX Warning: Label `part@1@4' multiply defined.


LaTeX Warning: Label `question@2' multiply defined.


LaTeX Warning: Label `part@2@1' multiply defined.


LaTeX Warning: Label `part@2@2' multiply defined.


LaTeX Warning: Label `part@2@3' multiply defined.


LaTeX Warning: Label `part@2@4' multiply defined.


LaTeX Warning: Label `question@3' multiply defined.


LaTeX Warning: Label `part@3@1' multiply defined.


LaTeX Warning: Label `part@3@2' multiply defined.


LaTeX Warning: Label `part@3@3' multiply defined.


LaTeX Warning: Label `part@3@4' multiply defined.


LaTeX Warning: Label `question@4' multiply defined.


LaTeX Warning: Label `part@4@1' multiply defined.


LaTeX Warning: Label `part@4@2' multiply defined.


LaTeX Warning: Label `part@4@3' multiply defined.


LaTeX Warning: Label `question@5' multiply defined.


LaTeX Warning: Label `part@5@1' multiply defined.


LaTeX Warning: Label `part@5@2' multiply defined.


LaTeX Warning: Label `part@5@3' multiply defined.


LaTeX Warning: Label `part@5@4' multiply defined.


LaTeX Warning: Label `question@6' multiply defined.


LaTeX Warning: Label `part@6@1' multiply defined.


LaTeX Warning: Label `part@6@2' multiply defined.


LaTeX Warning: Label `part@6@3' multiply defined.


LaTeX Warning: Label `part@6@4' multiply defined.


LaTeX Warning: Label `question@1' multiply defined.


LaTeX Warning: Label `part@1@1' multiply defined.


LaTeX Warning: Label `part@1@2' multiply defined.


LaTeX Warning: Label `part@1@3' multiply defined.


LaTeX Warning: Label `part@1@4' multiply defined.


LaTeX Warning: Label `question@2' multiply defined.


LaTeX Warning: Label `part@2@1' multiply defined.


LaTeX Warning: Label `part@2@2' multiply defined.


LaTeX Warning: Label `part@2@3' multiply defined.


LaTeX Warning: Label `part@2@4' multiply defined.


LaTeX Warning: Label `question@3' multiply defined.


LaTeX Warning: Label `part@3@1' multiply defined.


LaTeX Warning: Label `part@3@2' multiply defined.


LaTeX Warning: Label `part@3@3' multiply defined.


LaTeX Warning: Label `part@3@4' multiply defined.


LaTeX Warning: Label `question@4' multiply defined.


LaTeX Warning: Label `part@4@1' multiply defined.


LaTeX Warning: Label `part@4@2' multiply defined.


LaTeX Warning: Label `part@4@3' multiply defined.


LaTeX Warning: Label `part@4@4' multiply defined.


LaTeX Warning: Label `question@5' multiply defined.


LaTeX Warning: Label `part@5@1' multiply defined.


LaTeX Warning: Label `part@5@2' multiply defined.


LaTeX Warning: Label `part@5@3' multiply defined.


LaTeX Warning: Label `question@6' multiply defined.


LaTeX Warning: Label `part@6@1' multiply defined.


LaTeX Warning: Label `part@6@2' multiply defined.


LaTeX Warning: Label `part@6@3' multiply defined.


LaTeX Warning: Label `question@1' multiply defined.


LaTeX Warning: Label `part@1@1' multiply defined.


LaTeX Warning: Label `part@1@2' multiply defined.


LaTeX Warning: Label `part@1@3' multiply defined.


LaTeX Warning: Label `part@1@4' multiply defined.


LaTeX Warning: Label `question@2' multiply defined.


LaTeX Warning: Label `part@2@1' multiply defined.


LaTeX Warning: Label `part@2@2' multiply defined.


LaTeX Warning: Label `part@2@3' multiply defined.


LaTeX Warning: Label `part@2@4' multiply defined.


LaTeX Warning: Label `question@3' multiply defined.


LaTeX Warning: Label `part@3@1' multiply defined.


LaTeX Warning: Label `part@3@2' multiply defined.


LaTeX Warning: Label `part@3@3' multiply defined.


LaTeX Warning: Label `part@3@4' multiply defined.


LaTeX Warning: Label `question@4' multiply defined.


LaTeX Warning: Label `part@4@1' multiply defined.


LaTeX Warning: Label `part@4@2' multiply defined.


LaTeX Warning: Label `part@4@3' multiply defined.


LaTeX Warning: Label `question@5' multiply defined.


LaTeX Warning: Label `part@5@1' multiply defined.


LaTeX Warning: Label `part@5@2' multiply defined.


LaTeX Warning: Label `part@5@3' multiply defined.


LaTeX Warning: Label `question@6' multiply defined.


LaTeX Warning: Label `part@6@1' multiply defined.


LaTeX Warning: Label `part@6@2' multiply defined.


LaTeX Warning: Label `part@6@3' multiply defined.


LaTeX Warning: Label `part@6@4' multiply defined.

)
\openout1 = `output_frq.aux'.

LaTeX Font Info:    Checking defaults for OML/cmm/m/it on input line 10.
LaTeX Font Info:    ... okay on input line 10.
LaTeX Font Info:    Checking defaults for OMS/cmsy/m/n on input line 10.
LaTeX Font Info:    ... okay on input line 10.
LaTeX Font Info:    Checking defaults for OT1/cmr/m/n on input line 10.
LaTeX Font Info:    ... okay on input line 10.
LaTeX Font Info:    Checking defaults for T1/cmr/m/n on input line 10.
LaTeX Font Info:    ... okay on input line 10.
LaTeX Font Info:    Checking defaults for TS1/cmr/m/n on input line 10.
LaTeX Font Info:    ... okay on input line 10.
LaTeX Font Info:    Checking defaults for OMX/cmex/m/n on input line 10.
LaTeX Font Info:    ... okay on input line 10.
LaTeX Font Info:    Checking defaults for U/cmr/m/n on input line 10.
LaTeX Font Info:    ... okay on input line 10.

*geometry* driver: auto-detecting
*geometry* detected driver: pdftex
*geometry* verbose mode - [ preamble ] result:
* driver: pdftex
* paper: <default>
* layout: <same size as paper>
* layoutoffset:(h,v)=(0.0pt,0.0pt)
* modes: 
* h-part:(L,W,R)=(72.26999pt, 469.75502pt, 72.26999pt)
* v-part:(T,H,B)=(72.26999pt, 650.43001pt, 72.26999pt)
* \paperwidth=614.295pt
* \paperheight=794.96999pt
* \textwidth=469.75502pt
* \textheight=650.43001pt
* \oddsidemargin=0.0pt
* \evensidemargin=0.0pt
* \topmargin=-30.0pt
* \headheight=15.0pt
* \headsep=15.0pt
* \topskip=12.0pt
* \footskip=29.0pt
* \marginparwidth=36.135pt
* \marginparsep=5.0pt
* \columnsep=10.0pt
* \skip\footins=10.8pt plus 4.0pt minus 2.0pt
* \hoffset=0.0pt
* \voffset=0.0pt
* \mag=1000
* \@twocolumnfalse
* \@twosidefalse
* \@mparswitchfalse
* \@reversemarginfalse
* (1in=72.27pt=25.4mm, 1cm=28.453pt)

(/usr/share/texmf-dist/tex/context/base/mkii/supp-pdf.mkii
[Loading MPS to PDF converter (version 2006.09.02).]
\scratchcounter=\count342
\scratchdimen=\dimen172
\scratchbox=\box56
\nofMPsegments=\count343
\nofMParguments=\count344
\everyMPshowfont=\toks31
\MPscratchCnt=\count345
\MPscratchDim=\dimen173
\MPnumerator=\count346
\makeMPintoPDFobject=\count347
\everyMPtoPDFconversion=\toks32
) (/usr/share/texmf-dist/tex/latex/epstopdf-pkg/epstopdf-base.sty
Package: epstopdf-base 2020-01-24 v2.11 Base part for package epstopdf
 (/usr/share/texmf-dist/tex/generic/infwarerr/infwarerr.sty
Package: infwarerr 2019/12/03 v1.5 Providing info/warning/error messages (HO)
) (/usr/share/texmf-dist/tex/latex/grfext/grfext.sty
Package: grfext 2019/12/03 v1.3 Manage graphics extensions (HO)
 (/usr/share/texmf-dist/tex/generic/kvdefinekeys/kvdefinekeys.sty
Package: kvdefinekeys 2019-12-19 v1.6 Define keys (HO)
)) (/usr/share/texmf-dist/tex/latex/kvoptions/kvoptions.sty
Package: kvoptions 2022-06-15 v3.15 Key value format for package options (HO)
 (/usr/share/texmf-dist/tex/generic/ltxcmds/ltxcmds.sty
Package: ltxcmds 2023-12-04 v1.26 LaTeX kernel commands for general use (HO)
) (/usr/share/texmf-dist/tex/latex/kvsetkeys/kvsetkeys.sty
Package: kvsetkeys 2022-10-05 v1.19 Key value parser (HO)
)) (/usr/share/texmf-dist/tex/generic/pdftexcmds/pdftexcmds.sty
Package: pdftexcmds 2020-06-27 v0.33 Utility functions of pdfTeX for LuaTeX (HO)
Package pdftexcmds Info: \pdf@primitive is available.
Package pdftexcmds Info: \pdf@ifprimitive is available.
Package pdftexcmds Info: \pdfdraftmode found.
)
Package epstopdf-base Info: Redefining graphics rule for `.eps' on input line 485.
Package grfext Info: Graphics extension search list:
(grfext)             [.pdf,.png,.jpg,.mps,.jpeg,.jbig2,.jb2,.PDF,.PNG,.JPG,.JPEG,.JBIG2,.JB2,.eps]
(grfext)             \AppendGraphicsExtensions on input line 504.
 (/usr/share/texmf-dist/tex/latex/latexconfig/epstopdf-sys.cfg
File: epstopdf-sys.cfg 2010/07/13 v1.3 Configuration of (r)epstopdf for TeX Live
))
LaTeX Font Info:    Trying to load font information for U+msa on input line 19.
 (/usr/share/texmf-dist/tex/latex/amsfonts/umsa.fd
File: umsa.fd 2013/01/14 v3.01 AMS symbols A
)
LaTeX Font Info:    Trying to load font information for U+msb on input line 19.
 (/usr/share/texmf-dist/tex/latex/amsfonts/umsb.fd
File: umsb.fd 2013/01/14 v3.01 AMS symbols B
)
Underfull \hbox (badness 10000) in paragraph at lines 17--20

 []

<figures/sg-bc-1998_fig1.jpg, id=1, 460.72125pt x 454.69875pt>
File: figures/sg-bc-1998_fig1.jpg Graphic file (type jpg)
<use figures/sg-bc-1998_fig1.jpg>
Package pdftex.def Info: figures/sg-bc-1998_fig1.jpg  used on input line 27.
(pdftex.def)             Requested size: 258.04456pt x 254.67119pt.
[1

{/var/lib/texmf/fonts/map/pdftex/updmap/pdftex.map}{/usr/share/texmf-dist/fonts/enc/dvips/cm-super/cm-super-t1.enc} <./figures/sg-bc-1998_fig1.jpg>]
Underfull \hbox (badness 10000) in paragraph at lines 71--74

 []

[2]
Underfull \hbox (badness 10000) in paragraph at lines 113--116

 []

[3] [4]
Underfull \hbox (badness 10000) in paragraph at lines 155--158

 []


Underfull \hbox (badness 10000) in paragraph at lines 159--160

 []

<figures/bc-1998_fig1.jpg, id=27, 540.0175pt x 677.53125pt>
File: figures/bc-1998_fig1.jpg Graphic file (type jpg)
<use figures/bc-1998_fig1.jpg>
Package pdftex.def Info: figures/bc-1998_fig1.jpg  used on input line 161.
(pdftex.def)             Requested size: 254.44398pt x 319.23578pt.
[5 <./figures/bc-1998_fig1.jpg>]
<figures/sg-bc-1998_fig2.jpg, id=31, 378.41376pt x 479.7925pt>
File: figures/sg-bc-1998_fig2.jpg Graphic file (type jpg)
<use figures/sg-bc-1998_fig2.jpg>
Package pdftex.def Info: figures/sg-bc-1998_fig2.jpg  used on input line 168.
(pdftex.def)             Requested size: 258.04456pt x 327.17702pt.

Underfull \hbox (badness 10000) in paragraph at lines 167--169

 []

[6 <./figures/sg-bc-1998_fig2.jpg>]
Underfull \hbox (badness 10000) in paragraph at lines 200--201

 []


Underfull \hbox (badness 10000) in paragraph at lines 202--203

 []

<figures/bc-1998_fig2.jpg, id=35, 1012.78375pt x 656.4525pt>
File: figures/bc-1998_fig2.jpg Graphic file (type jpg)
<use figures/bc-1998_fig2.jpg>
Package pdftex.def Info: figures/bc-1998_fig2.jpg  used on input line 204.
(pdftex.def)             Requested size: 254.44398pt x 164.91405pt.
[7 <./figures/bc-1998_fig2.jpg>]
<figures/sg-bc-1998_fig3.jpg, id=40, 632.3625pt x 408.52625pt>
File: figures/sg-bc-1998_fig3.jpg Graphic file (type jpg)
<use figures/sg-bc-1998_fig3.jpg>
Package pdftex.def Info: figures/sg-bc-1998_fig3.jpg  used on input line 212.
(pdftex.def)             Requested size: 258.04456pt x 166.70517pt.

Underfull \hbox (badness 10000) in paragraph at lines 211--213

 []


Overfull \vbox (28.48137pt too high) detected at line 243
 []

[8 <./figures/sg-bc-1998_fig3.jpg>]
Underfull \hbox (badness 10000) in paragraph at lines 246--249

 []

[9]
Underfull \hbox (badness 10000) in paragraph at lines 307--310

 []


Underfull \hbox (badness 10000) in paragraph at lines 311--312

 []

<figures/bc-1999_fig1.jpg, id=48, 710.655pt x 511.9125pt>
File: figures/bc-1999_fig1.jpg Graphic file (type jpg)
<use figures/bc-1999_fig1.jpg>
Package pdftex.def Info: figures/bc-1999_fig1.jpg  used on input line 313.
(pdftex.def)             Requested size: 254.44398pt x 183.28853pt.
[10]
<figures/sg-bc-1999_fig1.jpg, id=52, 712.6625pt x 519.9425pt>
File: figures/sg-bc-1999_fig1.jpg Graphic file (type jpg)
<use figures/sg-bc-1999_fig1.jpg>
Package pdftex.def Info: figures/sg-bc-1999_fig1.jpg  used on input line 320.
(pdftex.def)             Requested size: 258.04456pt x 188.25813pt.

Underfull \hbox (badness 10000) in paragraph at lines 319--321

 []

<figures/bc-1999_fig2.jpg, id=53, 355.3275pt x 401.5pt>
File: figures/bc-1999_fig2.jpg Graphic file (type jpg)
<use figures/bc-1999_fig2.jpg>
Package pdftex.def Info: figures/bc-1999_fig2.jpg  used on input line 330.
(pdftex.def)             Requested size: 269.32466pt x 304.32835pt.
[11 <./figures/bc-1999_fig1.jpg> <./figures/sg-bc-1999_fig1.jpg>]
Underfull \hbox (badness 10000) in paragraph at lines 332--333

 []


Underfull \hbox (badness 10000) in paragraph at lines 363--364

 []

[12 <./figures/bc-1999_fig2.jpg>]
Overfull \vbox (17.81847pt too high) detected at line 453
 []

[13] [14]
Underfull \hbox (badness 10000) in paragraph at lines 456--459

 []

[15]
<figures/bc-1999_fig3.jpg, id=70, 541.02126pt x 531.9875pt>
File: figures/bc-1999_fig3.jpg Graphic file (type jpg)
<use figures/bc-1999_fig3.jpg>
Package pdftex.def Info: figures/bc-1999_fig3.jpg  used on input line 498.
(pdftex.def)             Requested size: 269.32466pt x 264.83229pt.
 [16]
Underfull \hbox (badness 10000) in paragraph at lines 500--501

 []

[17 <./figures/bc-1999_fig3.jpg>]
Underfull \hbox (badness 10000) in paragraph at lines 535--538

 []

[18]
<figures/bc-2000_fig1.jpg, id=82, 743.77875pt x 714.67pt>
File: figures/bc-2000_fig1.jpg Graphic file (type jpg)
<use figures/bc-2000_fig1.jpg>
Package pdftex.def Info: figures/bc-2000_fig1.jpg  used on input line 582.
(pdftex.def)             Requested size: 269.32466pt x 258.78589pt.
 [19]
Underfull \hbox (badness 10000) in paragraph at lines 584--585

 []

<figures/sg-bc-2000_fig3.jpg, id=87, 594.22pt x 335.2525pt>
File: figures/sg-bc-2000_fig3.jpg Graphic file (type jpg)
<use figures/sg-bc-2000_fig3.jpg>
Package pdftex.def Info: figures/sg-bc-2000_fig3.jpg  used on input line 637.
(pdftex.def)             Requested size: 243.16388pt x 137.19351pt.
<figures/sg-bc-2000_fig4.jpg, id=88, 755.82375pt x 408.52625pt>
File: figures/sg-bc-2000_fig4.jpg Graphic file (type jpg)
<use figures/sg-bc-2000_fig4.jpg>
Package pdftex.def Info: figures/sg-bc-2000_fig4.jpg  used on input line 640.
(pdftex.def)             Requested size: 243.16388pt x 131.42923pt.

Overfull \hbox (1236.87997pt too wide) in paragraph at lines 664--664
 []\T1/cmtt/m/n/12 \[5 \begin{cases}1: & \text { separates variables } \\ 1: & \text { antiderivatives } \\ 1: & \text { constant of integration } \\ 1: & \text { uses initial condition } f(0)=-1 \\ 1: & \text { solves for } y \\ & 0 / 1 \text { if } y \text { is linear }\end{cases}\][] 
 []

[20 <./figures/bc-2000_fig1.jpg>] [21] [22 <./figures/sg-bc-2000_fig3.jpg> <./figures/sg-bc-2000_fig4.jpg>]
<figures/bc-2000_fig2.jpg, id=99, 1281.78876pt x 825.0825pt>
File: figures/bc-2000_fig2.jpg Graphic file (type jpg)
<use figures/bc-2000_fig2.jpg>
Package pdftex.def Info: figures/bc-2000_fig2.jpg  used on input line 678.
(pdftex.def)             Requested size: 269.32466pt x 173.36057pt.

Underfull \hbox (badness 10000) in paragraph at lines 680--681

 []


Underfull \hbox (badness 10000) in paragraph at lines 688--691

 []

[23 <./figures/bc-2000_fig2.jpg>]
Underfull \hbox (badness 10000) in paragraph at lines 698--701

 []


Underfull \hbox (badness 10000) in paragraph at lines 709--712

 []


Underfull \hbox (badness 10000) in paragraph at lines 719--722

 []


Underfull \hbox (badness 10000) in paragraph at lines 723--724

 []

<figures/bc-2000_fig3.jpg, id=103, 1180.41pt x 656.4525pt>
File: figures/bc-2000_fig3.jpg Graphic file (type jpg)
<use figures/bc-2000_fig3.jpg>
Package pdftex.def Info: figures/bc-2000_fig3.jpg  used on input line 725.
(pdftex.def)             Requested size: 254.44398pt x 141.49513pt.

Underfull \hbox (badness 10000) in paragraph at lines 727--728

 []

<figures/bc-2000_fig4.jpg, id=104, 1178.4025pt x 658.46pt>
File: figures/bc-2000_fig4.jpg Graphic file (type jpg)
<use figures/bc-2000_fig4.jpg>
Package pdftex.def Info: figures/bc-2000_fig4.jpg  used on input line 729.
(pdftex.def)             Requested size: 254.44398pt x 142.16898pt.
[24 <./figures/bc-2000_fig3.jpg>]
Underfull \hbox (badness 10000) in paragraph at lines 747--748

 []

[25 <./figures/bc-2000_fig4.jpg>]
Underfull \hbox (badness 10000) in paragraph at lines 813--814

 []

[26]
<figures/bc-2001_fig1.jpg, id=115, 1185.42876pt x 555.07375pt>
File: figures/bc-2001_fig1.jpg Graphic file (type jpg)
<use figures/bc-2001_fig1.jpg>
Package pdftex.def Info: figures/bc-2001_fig1.jpg  used on input line 846.
(pdftex.def)             Requested size: 269.32466pt x 126.10583pt.

Underfull \hbox (badness 10000) in paragraph at lines 848--849

 []

[27 <./figures/bc-2001_fig1.jpg>]
Underfull \hbox (badness 10000) in paragraph at lines 884--887

 []

[28]
<figures/sg-bc-2001_fig2.jpg, id=122, 660.4675pt x 162.6075pt>
File: figures/sg-bc-2001_fig2.jpg Graphic file (type jpg)
<use figures/sg-bc-2001_fig2.jpg>
Package pdftex.def Info: figures/sg-bc-2001_fig2.jpg  used on input line 896.
(pdftex.def)             Requested size: 243.16388pt x 59.86609pt.

Underfull \hbox (badness 10000) in paragraph at lines 922--925

 []

[29 <./figures/sg-bc-2001_fig2.jpg>] [30]
Underfull \hbox (badness 10000) in paragraph at lines 963--964

 []

[31]
Underfull \hbox (badness 10000) in paragraph at lines 1005--1008

 []

[32]
Underfull \hbox (badness 10000) in paragraph at lines 1047--1048

 []

[33]
<figures/bc-2002_fig1.jpg, id=139, 1572.87625pt x 378.41376pt>
File: figures/bc-2002_fig1.jpg Graphic file (type jpg)
<use figures/bc-2002_fig1.jpg>
Package pdftex.def Info: figures/bc-2002_fig1.jpg  used on input line 1095.
(pdftex.def)             Requested size: 269.32466pt x 64.79718pt.
 [34 <./figures/bc-2002_fig1.jpg>]
Overfull \vbox (5.60582pt too high) detected at line 1142
 []

[35]
<figures/bc-2002_fig2.jpg, id=146, 500.87125pt x 682.55pt>
File: figures/bc-2002_fig2.jpg Graphic file (type jpg)
<use figures/bc-2002_fig2.jpg>
Package pdftex.def Info: figures/bc-2002_fig2.jpg  used on input line 1148.
(pdftex.def)             Requested size: 269.32466pt x 367.03012pt.

Underfull \hbox (badness 10000) in paragraph at lines 1150--1151

 []

[36 <./figures/bc-2002_fig2.jpg>]
<figures/sg-bc-2002_fig3.jpg, id=150, 551.05875pt x 451.6875pt>
File: figures/sg-bc-2002_fig3.jpg Graphic file (type jpg)
<use figures/sg-bc-2002_fig3.jpg>
Package pdftex.def Info: figures/sg-bc-2002_fig3.jpg  used on input line 1169.
(pdftex.def)             Requested size: 243.16388pt x 199.31516pt.

Underfull \hbox (badness 10000) in paragraph at lines 1193--1196

 []

[37 <./figures/sg-bc-2002_fig3.jpg>]
Underfull \hbox (badness 10000) in paragraph at lines 1197--1199

 []

<figures/bc-2002_fig3.jpg, id=155, 605.26125pt x 553.06625pt>
File: figures/bc-2002_fig3.jpg Graphic file (type jpg)
<use figures/bc-2002_fig3.jpg>
Package pdftex.def Info: figures/bc-2002_fig3.jpg  used on input line 1200.
(pdftex.def)             Requested size: 254.44398pt x 232.49721pt.
<figures/sg-bc-2002_fig4.jpg, id=156, 485.815pt x 421.575pt>
File: figures/sg-bc-2002_fig4.jpg Graphic file (type jpg)
<use figures/sg-bc-2002_fig4.jpg>
Package pdftex.def Info: figures/sg-bc-2002_fig4.jpg  used on input line 1208.
(pdftex.def)             Requested size: 258.04456pt x 223.92256pt.

Underfull \hbox (badness 10000) in paragraph at lines 1207--1209

 []


Underfull \vbox (badness 10000) detected at line 1234
 []

[38 <./figures/bc-2002_fig3.jpg>] [39 <./figures/sg-bc-2002_fig4.jpg>]
Underfull \hbox (badness 10000) in paragraph at lines 1243--1244

 []


Overfull \vbox (9.33623pt too high) detected at line 1285
 []

[40]
Underfull \hbox (badness 10000) in paragraph at lines 1294--1297

 []


Underfull \hbox (badness 10000) in paragraph at lines 1298--1299

 []

<figures/bc-2002-form-b_fig1.jpg, id=166, 622.325pt x 697.60625pt>
File: figures/bc-2002-form-b_fig1.jpg Graphic file (type jpg)
<use figures/bc-2002-form-b_fig1.jpg>
Package pdftex.def Info: figures/bc-2002-form-b_fig1.jpg  used on input line 1300.
(pdftex.def)             Requested size: 254.44398pt x 285.22206pt.
[41]
<figures/sg-bc-2002-form-b_fig1.jpg, id=170, 263.98625pt x 423.5825pt>
File: figures/sg-bc-2002-form-b_fig1.jpg Graphic file (type jpg)
<use figures/sg-bc-2002-form-b_fig1.jpg>
Package pdftex.def Info: figures/sg-bc-2002-form-b_fig1.jpg  used on input line 1308.
(pdftex.def)             Requested size: 258.04456pt x 414.07388pt.

Underfull \hbox (badness 10000) in paragraph at lines 1307--1309

 []


Underfull \vbox (badness 10000) detected at line 1329
 []

[42 <./figures/bc-2002-form-b_fig1.jpg>]
Overfull \vbox (3.1325pt too high) detected at line 1329
 []

[43 <./figures/sg-bc-2002-form-b_fig1.jpg>]
Underfull \hbox (badness 10000) in paragraph at lines 1332--1335

 []

[44]
<figures/bc-2002-form-b_fig2.jpg, id=181, 543.02875pt x 520.94624pt>
File: figures/bc-2002-form-b_fig2.jpg Graphic file (type jpg)
<use figures/bc-2002-form-b_fig2.jpg>
Package pdftex.def Info: figures/bc-2002-form-b_fig2.jpg  used on input line 1365.
(pdftex.def)             Requested size: 269.32466pt x 258.3819pt.

Underfull \hbox (badness 10000) in paragraph at lines 1367--1368

 []

[45 <./figures/bc-2002-form-b_fig2.jpg>]
<figures/bc-2002-form-b_fig3.jpg, id=185, 1018.80624pt x 555.07375pt>
File: figures/bc-2002-form-b_fig3.jpg Graphic file (type jpg)
<use figures/bc-2002-form-b_fig3.jpg>
Package pdftex.def Info: figures/bc-2002-form-b_fig3.jpg  used on input line 1413.
(pdftex.def)             Requested size: 269.32466pt x 146.7381pt.

Underfull \hbox (badness 10000) in paragraph at lines 1415--1416

 []

[46 <./figures/bc-2002-form-b_fig3.jpg>]
Underfull \hbox (badness 10000) in paragraph at lines 1452--1455

 []

[47]
Underfull \hbox (badness 10000) in paragraph at lines 1498--1501

 []

[48]
<figures/bc-2003_fig1.jpg, id=195, 575.14874pt x 561.09625pt>
File: figures/bc-2003_fig1.jpg Graphic file (type jpg)
<use figures/bc-2003_fig1.jpg>
Package pdftex.def Info: figures/bc-2003_fig1.jpg  used on input line 1549.
(pdftex.def)             Requested size: 269.32466pt x 262.7478pt.
 [49]
Underfull \hbox (badness 10000) in paragraph at lines 1551--1552

 []

[50 <./figures/bc-2003_fig1.jpg>]
<figures/bc-2003_fig2.jpg, id=203, 779.91376pt x 399.4925pt>
File: figures/bc-2003_fig2.jpg Graphic file (type jpg)
<use figures/bc-2003_fig2.jpg>
Package pdftex.def Info: figures/bc-2003_fig2.jpg  used on input line 1589.
(pdftex.def)             Requested size: 269.32466pt x 137.95306pt.

Underfull \hbox (badness 10000) in paragraph at lines 1591--1592

 []

[51 <./figures/bc-2003_fig2.jpg>]
<figures/bc-2003_fig3.jpg, id=208, 669.50125pt x 574.145pt>
File: figures/bc-2003_fig3.jpg Graphic file (type jpg)
<use figures/bc-2003_fig3.jpg>
Package pdftex.def Info: figures/bc-2003_fig3.jpg  used on input line 1629.
(pdftex.def)             Requested size: 269.32466pt x 230.96803pt.
 [52]
Underfull \hbox (badness 10000) in paragraph at lines 1631--1632

 []

[53 <./figures/bc-2003_fig3.jpg>]
<figures/bc-2003_fig4.jpg, id=215, 956.57375pt x 667.49374pt>
File: figures/bc-2003_fig4.jpg Graphic file (type jpg)
<use figures/bc-2003_fig4.jpg>
Package pdftex.def Info: figures/bc-2003_fig4.jpg  used on input line 1677.
(pdftex.def)             Requested size: 269.32466pt x 187.92567pt.
 [54]
Underfull \hbox (badness 10000) in paragraph at lines 1679--1680

 []

[55 <./figures/bc-2003_fig4.jpg>]
<figures/bc-2003_fig5.jpg, id=223, 406.51875pt x 678.535pt>
File: figures/bc-2003_fig5.jpg Graphic file (type jpg)
<use figures/bc-2003_fig5.jpg>
Package pdftex.def Info: figures/bc-2003_fig5.jpg  used on input line 1727.
(pdftex.def)             Requested size: 269.32466pt x 449.55318pt.
 [56]
Underfull \hbox (badness 10000) in paragraph at lines 1729--1730

 []

[57 <./figures/bc-2003_fig5.jpg>] [58]
Underfull \hbox (badness 10000) in paragraph at lines 1771--1772

 []

<figures/sg-bc-2003_fig6.jpg, id=233, 570.13pt x 275.0275pt>
File: figures/sg-bc-2003_fig6.jpg Graphic file (type jpg)
<use figures/sg-bc-2003_fig6.jpg>
Package pdftex.def Info: figures/sg-bc-2003_fig6.jpg  used on input line 1779.
(pdftex.def)             Requested size: 258.04456pt x 124.47884pt.
[59 <./figures/sg-bc-2003_fig6.jpg>]
<figures/bc-2003-form-b_fig1.jpg, id=237, 1221.56375pt x 585.18625pt>
File: figures/bc-2003-form-b_fig1.jpg Graphic file (type jpg)
<use figures/bc-2003-form-b_fig1.jpg>
Package pdftex.def Info: figures/bc-2003-form-b_fig1.jpg  used on input line 1816.
(pdftex.def)             Requested size: 269.32466pt x 129.01817pt.

Underfull \hbox (badness 10000) in paragraph at lines 1818--1819

 []

[60 <./figures/bc-2003-form-b_fig1.jpg>]
<figures/bc-2003-form-b_fig2.jpg, id=241, 643.40375pt x 540.0175pt>
File: figures/bc-2003-form-b_fig2.jpg Graphic file (type jpg)
<use figures/bc-2003-form-b_fig2.jpg>
Package pdftex.def Info: figures/bc-2003-form-b_fig2.jpg  used on input line 1882.
(pdftex.def)             Requested size: 269.32466pt x 226.05595pt.
 [61]
Underfull \hbox (badness 10000) in paragraph at lines 1884--1885

 []

[62 <./figures/bc-2003-form-b_fig2.jpg>]
Underfull \hbox (badness 10000) in paragraph at lines 1951--1952

 []

[63] [64]
<figures/bc-2003-form-b_fig3.jpg, id=255, 681.54625pt x 553.06625pt>
File: figures/bc-2003-form-b_fig3.jpg Graphic file (type jpg)
<use figures/bc-2003-form-b_fig3.jpg>
Package pdftex.def Info: figures/bc-2003-form-b_fig3.jpg  used on input line 2011.
(pdftex.def)             Requested size: 269.32466pt x 218.55582pt.

Underfull \hbox (badness 10000) in paragraph at lines 2013--2014

 []

[65 <./figures/bc-2003-form-b_fig3.jpg>] [66]
Underfull \hbox (badness 10000) in paragraph at lines 2052--2053

 []


Overfull \vbox (1.07307pt too high) detected at line 2083
 []

[67]
Underfull \hbox (badness 10000) in paragraph at lines 2097--2098

 []

[68]
<figures/bc-2004_fig1.jpg, id=269, 500.87125pt x 560.0925pt>
File: figures/bc-2004_fig1.jpg Graphic file (type jpg)
<use figures/bc-2004_fig1.jpg>
Package pdftex.def Info: figures/bc-2004_fig1.jpg  used on input line 2134.
(pdftex.def)             Requested size: 269.32466pt x 301.18059pt.

Underfull \hbox (badness 10000) in paragraph at lines 2136--2137

 []

[69 <./figures/bc-2004_fig1.jpg>]
Underfull \hbox (badness 10000) in paragraph at lines 2164--2167

 []

[70]
Underfull \hbox (badness 10000) in paragraph at lines 2207--2210

 []

[71] [72]
Underfull \hbox (badness 10000) in paragraph at lines 2298--2301

 []

[73] [74]
Underfull \hbox (badness 10000) in paragraph at lines 2354--2355

 []

[75] [76]
Underfull \hbox (badness 10000) in paragraph at lines 2475--2476

 []

[77]
<figures/bc-2004-form-b_fig1.jpg, id=298, 785.93625pt x 714.67pt>
File: figures/bc-2004-form-b_fig1.jpg Graphic file (type jpg)
<use figures/bc-2004-form-b_fig1.jpg>
Package pdftex.def Info: figures/bc-2004-form-b_fig1.jpg  used on input line 2508.
(pdftex.def)             Requested size: 269.32466pt x 244.90385pt.

Underfull \hbox (badness 10000) in paragraph at lines 2510--2511

 []

[78 <./figures/bc-2004-form-b_fig1.jpg>]
Underfull \hbox (badness 10000) in paragraph at lines 2544--2547

 []

[79] [80]
<figures/bc-2004-form-b_fig2.jpg, id=310, 747.79375pt x 729.72626pt>
File: figures/bc-2004-form-b_fig2.jpg Graphic file (type jpg)
<use figures/bc-2004-form-b_fig2.jpg>
Package pdftex.def Info: figures/bc-2004-form-b_fig2.jpg  used on input line 2596.
(pdftex.def)             Requested size: 269.32466pt x 262.8126pt.

Underfull \hbox (badness 10000) in paragraph at lines 2598--2599

 []

[81 <./figures/bc-2004-form-b_fig2.jpg>]
<figures/bc-2005_fig1.jpg, id=314, 712.6625pt x 712.6625pt>
File: figures/bc-2005_fig1.jpg Graphic file (type jpg)
<use figures/bc-2005_fig1.jpg>
Package pdftex.def Info: figures/bc-2005_fig1.jpg  used on input line 2638.
(pdftex.def)             Requested size: 269.32466pt x 269.32478pt.

Underfull \hbox (badness 10000) in paragraph at lines 2640--2641

 []

[82 <./figures/bc-2005_fig1.jpg>]
<figures/bc-2005_fig2.jpg, id=318, 783.92876pt x 538.01pt>
File: figures/bc-2005_fig2.jpg Graphic file (type jpg)
<use figures/bc-2005_fig2.jpg>
Package pdftex.def Info: figures/bc-2005_fig2.jpg  used on input line 2676.
(pdftex.def)             Requested size: 269.32466pt x 184.84196pt.

Underfull \hbox (badness 10000) in paragraph at lines 2678--2679

 []

[83 <./figures/bc-2005_fig2.jpg>] [84]
Underfull \hbox (badness 10000) in paragraph at lines 2752--2753

 []

[85]
Underfull \hbox (badness 10000) in paragraph at lines 2786--2789

 []


Underfull \hbox (badness 10000) in paragraph at lines 2790--2791

 []

<figures/bc-2005_fig3.jpg, id=329, 607.26875pt x 447.6725pt>
File: figures/bc-2005_fig3.jpg Graphic file (type jpg)
<use figures/bc-2005_fig3.jpg>
Package pdftex.def Info: figures/bc-2005_fig3.jpg  used on input line 2792.
(pdftex.def)             Requested size: 254.44398pt x 187.57033pt.
<figures/sg-bc-2005_fig4.jpg, id=330, 749.80125pt x 574.145pt>
File: figures/sg-bc-2005_fig4.jpg Graphic file (type jpg)
<use figures/sg-bc-2005_fig4.jpg>
Package pdftex.def Info: figures/sg-bc-2005_fig4.jpg  used on input line 2800.
(pdftex.def)             Requested size: 258.04456pt x 197.58963pt.
[86 <./figures/bc-2005_fig3.jpg>]
<figures/bc-2005_fig4.jpg, id=334, 673.51625pt x 472.76625pt>
File: figures/bc-2005_fig4.jpg Graphic file (type jpg)
<use figures/bc-2005_fig4.jpg>
Package pdftex.def Info: figures/bc-2005_fig4.jpg  used on input line 2828.
(pdftex.def)             Requested size: 269.32466pt x 189.05264pt.
 [87 <./figures/sg-bc-2005_fig4.jpg>]
Underfull \hbox (badness 10000) in paragraph at lines 2830--2831

 []

[88 <./figures/bc-2005_fig4.jpg>]
Underfull \hbox (badness 10000) in paragraph at lines 2867--2870

 []

[89]
Underfull \hbox (badness 10000) in paragraph at lines 2930--2931

 []

[90] [91]
Underfull \hbox (badness 10000) in paragraph at lines 3026--3027

 []

[92] [93]
<figures/bc-2005-form-b_fig1.jpg, id=357, 667.49374pt x 519.9425pt>
File: figures/bc-2005-form-b_fig1.jpg Graphic file (type jpg)
<use figures/bc-2005-form-b_fig1.jpg>
Package pdftex.def Info: figures/bc-2005-form-b_fig1.jpg  used on input line 3076.
(pdftex.def)             Requested size: 269.32466pt x 209.79013pt.

Underfull \hbox (badness 10000) in paragraph at lines 3078--3079

 []

[94 <./figures/bc-2005-form-b_fig1.jpg>]
Underfull \hbox (badness 10000) in paragraph at lines 3116--3119

 []

[95]
<figures/bc-2005-form-b_fig2.jpg, id=364, 920.43875pt x 564.1075pt>
File: figures/bc-2005-form-b_fig2.jpg Graphic file (type jpg)
<use figures/bc-2005-form-b_fig2.jpg>
Package pdftex.def Info: figures/bc-2005-form-b_fig2.jpg  used on input line 3159.
(pdftex.def)             Requested size: 269.32466pt x 165.05887pt.

Underfull \hbox (badness 10000) in paragraph at lines 3161--3162

 []

[96 <./figures/bc-2005-form-b_fig2.jpg>]
<figures/bc-2006_fig1.jpg, id=368, 479.7925pt x 564.1075pt>
File: figures/bc-2006_fig1.jpg Graphic file (type jpg)
<use figures/bc-2006_fig1.jpg>
Package pdftex.def Info: figures/bc-2006_fig1.jpg  used on input line 3215.
(pdftex.def)             Requested size: 269.32466pt x 316.6555pt.
 [97]
Underfull \hbox (badness 10000) in paragraph at lines 3217--3218

 []

[98 <./figures/bc-2006_fig1.jpg>]
<figures/bc-2006_fig2.jpg, id=376, 928.46875pt x 641.39626pt>
File: figures/bc-2006_fig2.jpg Graphic file (type jpg)
<use figures/bc-2006_fig2.jpg>
Package pdftex.def Info: figures/bc-2006_fig2.jpg  used on input line 3245.
(pdftex.def)             Requested size: 269.32466pt x 186.04907pt.

Underfull \hbox (badness 10000) in paragraph at lines 3247--3248

 []


Overfull \vbox (1.5384pt too high) detected at line 3273
 []

[99 <./figures/bc-2006_fig2.jpg>]
Underfull \hbox (badness 10000) in paragraph at lines 3282--3283

 []

[100]
Underfull \hbox (badness 10000) in paragraph at lines 3353--3354

 []

[101]
Underfull \hbox (badness 10000) in paragraph at lines 3391--3394

 []

[102] [103]
Underfull \hbox (badness 10000) in paragraph at lines 3435--3436

 []


Overfull \vbox (29.93253pt too high) detected at line 3476
 []

[104]
<figures/bc-2006-form-b_fig1.jpg, id=397, 675.52374pt x 557.08125pt>
File: figures/bc-2006-form-b_fig1.jpg Graphic file (type jpg)
<use figures/bc-2006-form-b_fig1.jpg>
Package pdftex.def Info: figures/bc-2006-form-b_fig1.jpg  used on input line 3488.
(pdftex.def)             Requested size: 269.32466pt x 222.10602pt.

Underfull \hbox (badness 10000) in paragraph at lines 3490--3491

 []

[105 <./figures/bc-2006-form-b_fig1.jpg>]
Underfull \hbox (badness 10000) in paragraph at lines 3530--3531

 []

[106]
<figures/bc-2006-form-b_fig2.jpg, id=404, 645.41125pt x 464.73625pt>
File: figures/bc-2006-form-b_fig2.jpg Graphic file (type jpg)
<use figures/bc-2006-form-b_fig2.jpg>
Package pdftex.def Info: figures/bc-2006-form-b_fig2.jpg  used on input line 3569.
(pdftex.def)             Requested size: 269.32466pt x 193.92563pt.

Underfull \hbox (badness 10000) in paragraph at lines 3571--3575

 []

[107 <./figures/bc-2006-form-b_fig2.jpg>]
<figures/bc-2006-form-b_fig3.jpg, id=408, 838.13126pt x 571.13374pt>
File: figures/bc-2006-form-b_fig3.jpg Graphic file (type jpg)
<use figures/bc-2006-form-b_fig3.jpg>
Package pdftex.def Info: figures/bc-2006-form-b_fig3.jpg  used on input line 3608.
(pdftex.def)             Requested size: 269.32466pt x 183.52472pt.

Underfull \hbox (badness 10000) in paragraph at lines 3610--3611

 []

[108 <./figures/bc-2006-form-b_fig3.jpg>] [109] [110]
Underfull \hbox (badness 10000) in paragraph at lines 3690--3691

 []

[111]
Underfull \hbox (badness 10000) in paragraph at lines 3727--3730

 []

<figures/bc-2007_fig1.jpg, id=422, 1099.10625pt x 764.8575pt>
File: figures/bc-2007_fig1.jpg Graphic file (type jpg)
<use figures/bc-2007_fig1.jpg>
Package pdftex.def Info: figures/bc-2007_fig1.jpg  used on input line 3757.
(pdftex.def)             Requested size: 269.32466pt x 187.4209pt.
[112]
Underfull \hbox (badness 10000) in paragraph at lines 3767--3768

 []

[113 <./figures/bc-2007_fig1.jpg>]
<figures/bc-2007_fig2.jpg, id=429, 639.38875pt x 607.26875pt>
File: figures/bc-2007_fig2.jpg Graphic file (type jpg)
<use figures/bc-2007_fig2.jpg>
Package pdftex.def Info: figures/bc-2007_fig2.jpg  used on input line 3820.
(pdftex.def)             Requested size: 269.32466pt x 255.79243pt.

Underfull \hbox (badness 10000) in paragraph at lines 3822--3823

 []

[114 <./figures/bc-2007_fig2.jpg>]
Underfull \hbox (badness 10000) in paragraph at lines 3861--3864

 []

[115] [116]
Underfull \hbox (badness 10000) in paragraph at lines 3932--3934

 []

[117]
Underfull \hbox (badness 10000) in paragraph at lines 3961--3964

 []

[118]
<figures/bc-2007-form-b_fig1.jpg, id=446, 641.39626pt x 500.87125pt>
File: figures/bc-2007-form-b_fig1.jpg Graphic file (type jpg)
<use figures/bc-2007-form-b_fig1.jpg>
Package pdftex.def Info: figures/bc-2007-form-b_fig1.jpg  used on input line 4006.
(pdftex.def)             Requested size: 269.32466pt x 210.31862pt.

Underfull \hbox (badness 10000) in paragraph at lines 4008--4009

 []

[119 <./figures/bc-2007-form-b_fig1.jpg>]
Underfull \hbox (badness 10000) in paragraph at lines 4047--4048

 []

[120]
Overfull \hbox (0.33774pt too wide) in paragraph at lines 4063--4064
[]\T1/cmr/m/n/12 Since $\OML/cmm/m/it/12 t > \OT1/cmr/m/n/12 0\OML/cmm/m/it/12 ; t \OT1/cmr/m/n/12 = 1\OML/cmm/m/it/12 :\OT1/cmr/m/n/12 35766$\T1/cmr/m/n/12 . At this time, the ac-cel-er-a-tion is $[][] \OT1/cmr/m/n/12 =
 []


Underfull \hbox (badness 10000) in paragraph at lines 4076--4079

 []

[121]
<figures/bc-2007-form-b_fig2.jpg, id=457, 910.40125pt x 541.02126pt>
File: figures/bc-2007-form-b_fig2.jpg Graphic file (type jpg)
<use figures/bc-2007-form-b_fig2.jpg>
Package pdftex.def Info: figures/bc-2007-form-b_fig2.jpg  used on input line 4129.
(pdftex.def)             Requested size: 269.32466pt x 160.05392pt.
 [122]
Underfull \hbox (badness 10000) in paragraph at lines 4131--4132

 []

[123 <./figures/bc-2007-form-b_fig2.jpg>]
Underfull \hbox (badness 10000) in paragraph at lines 4174--4177

 []

[124]
Underfull \hbox (badness 10000) in paragraph at lines 4216--4219

 []

[125] [126]
<figures/bc-2008_fig1.jpg, id=473, 684.5575pt x 507.8975pt>
File: figures/bc-2008_fig1.jpg Graphic file (type jpg)
<use figures/bc-2008_fig1.jpg>
Package pdftex.def Info: figures/bc-2008_fig1.jpg  used on input line 4286.
(pdftex.def)             Requested size: 269.32466pt x 199.82295pt.

Underfull \hbox (badness 10000) in paragraph at lines 4288--4289

 []

[127 <./figures/bc-2008_fig1.jpg>]
Underfull \hbox (badness 10000) in paragraph at lines 4341--4342

 []


Overfull \hbox (137.99832pt too wide) in paragraph at lines 4369--4369
 []\T1/cmtt/m/n/12 $2:\left\{\begin{array}{l}1: \text { estimate } \\ 1: \text { units }\end{array}\right.$[] 
 []


Overfull \hbox (187.38626pt too wide) in paragraph at lines 4369--4369
 []\T1/cmtt/m/n/12 $2:\left\{\begin{array}{l}1: \text { trapezoidal sum } \\ 1: \text { answer }\end{array}\right.$[] 
 []


Overfull \hbox (625.70422pt too wide) in paragraph at lines 4369--4369
 []\T1/cmtt/m/n/12 $3:\left\{\begin{array}{l}1: \text { considers change in } \\ \quad \text { sign of } L^{\prime} \\ 1: \text { analysis } \\ 1: \text { conclusion }\end{array}\right.$[] 
 []

[128]
Underfull \hbox (badness 10000) in paragraph at lines 4392--4393

 []

[129]
Overfull \hbox (46.53519pt too wide) in paragraph at lines 4403--4405
[]\T1/cmr/m/n/12 The fourth deriva-tive of $\OML/cmm/m/it/12 h$ \T1/cmr/m/n/12 is in-creas-ing on the in-ter-val $\OT1/cmr/m/n/12 1 \OMS/cmsy/m/n/12 ^^T \OML/cmm/m/it/12 x \OMS/cmsy/m/n/12 ^^T \OT1/cmr/m/n/12 3$\T1/cmr/m/n/12 , so $[][] [] \OT1/cmr/m/n/12 =
 []

<figures/bc-2008_fig2.jpg, id=484, 757.83125pt x 516.93124pt>
File: figures/bc-2008_fig2.jpg Graphic file (type jpg)
<use figures/bc-2008_fig2.jpg>
Package pdftex.def Info: figures/bc-2008_fig2.jpg  used on input line 4432.
(pdftex.def)             Requested size: 269.32466pt x 183.71301pt.

Underfull \hbox (badness 10000) in paragraph at lines 4435--4437

 []

[130 <./figures/bc-2008_fig2.jpg>] [131]
Underfull \hbox (badness 10000) in paragraph at lines 4473--4476

 []

[132]
Underfull \hbox (badness 10000) in paragraph at lines 4517--4520

 []


Underfull \hbox (badness 10000) in paragraph at lines 4521--4522

 []

<figures/bc-2008_fig3.jpg, id=494, 816.04875pt x 893.3375pt>
File: figures/bc-2008_fig3.jpg Graphic file (type jpg)
<use figures/bc-2008_fig3.jpg>
Package pdftex.def Info: figures/bc-2008_fig3.jpg  used on input line 4523.
(pdftex.def)             Requested size: 254.44398pt x 278.54024pt.
[133 <./figures/bc-2008_fig3.jpg>]
<figures/sg-bc-2008_fig4.jpg, id=499, 557.08125pt x 611.28375pt>
File: figures/sg-bc-2008_fig4.jpg Graphic file (type jpg)
<use figures/sg-bc-2008_fig4.jpg>
Package pdftex.def Info: figures/sg-bc-2008_fig4.jpg  used on input line 4531.
(pdftex.def)             Requested size: 258.04456pt x 283.1527pt.

Underfull \hbox (badness 10000) in paragraph at lines 4530--4532

 []

[134 <./figures/sg-bc-2008_fig4.jpg>]
Underfull \hbox (badness 10000) in paragraph at lines 4568--4569

 []

[135]
Underfull \hbox (badness 10000) in paragraph at lines 4597--4600

 []

[136]
Underfull \hbox (badness 10000) in paragraph at lines 4647--4648

 []

[137]
Underfull \hbox (badness 10000) in paragraph at lines 4677--4680

 []

[138]
<figures/bc-2008-form-b_fig1.jpg, id=515, 1007.765pt x 665.48625pt>
File: figures/bc-2008-form-b_fig1.jpg Graphic file (type jpg)
<use figures/bc-2008-form-b_fig1.jpg>
Package pdftex.def Info: figures/bc-2008-form-b_fig1.jpg  used on input line 4721.
(pdftex.def)             Requested size: 269.32466pt x 177.84572pt.

Underfull \hbox (badness 10000) in paragraph at lines 4723--4724

 []

[139 <./figures/bc-2008-form-b_fig1.jpg>]
Underfull \hbox (badness 10000) in paragraph at lines 4773--4776

 []

[140] [141]
<figures/bc-2009_fig1.jpg, id=526, 1144.275pt x 592.2125pt>
File: figures/bc-2009_fig1.jpg Graphic file (type jpg)
<use figures/bc-2009_fig1.jpg>
Package pdftex.def Info: figures/bc-2009_fig1.jpg  used on input line 4824.
(pdftex.def)             Requested size: 269.32466pt x 139.38683pt.

Underfull \hbox (badness 10000) in paragraph at lines 4826--4827

 []

[142 <./figures/bc-2009_fig1.jpg>]
Underfull \hbox (badness 10000) in paragraph at lines 4856--4859

 []

[143]
<figures/bc-2009_fig2.jpg, id=533, 473.77pt x 910.40125pt>
File: figures/bc-2009_fig2.jpg Graphic file (type jpg)
<use figures/bc-2009_fig2.jpg>
Package pdftex.def Info: figures/bc-2009_fig2.jpg  used on input line 4899.
(pdftex.def)             Requested size: 269.32466pt x 517.54494pt.
 [144] [145 <./figures/bc-2009_fig2.jpg>]
Underfull \hbox (badness 10000) in paragraph at lines 4907--4908

 []


Underfull \hbox (badness 10000) in paragraph at lines 4942--4945

 []

[146] [147]
Underfull \hbox (badness 10000) in paragraph at lines 5005--5006

 []


Overfull \hbox (18.91032pt too wide) in paragraph at lines 5029--5030
[]\T1/cmr/m/n/12 1 : an-swer $\OT1/cmr/m/n/12 2 : [] 2 : [] 4 :
 []

[148]
Underfull \hbox (badness 10000) in paragraph at lines 5034--5037

 []

[149]
<figures/bc-2009-form-b_fig1.jpg, id=553, 701.62125pt x 516.93124pt>
File: figures/bc-2009-form-b_fig1.jpg Graphic file (type jpg)
<use figures/bc-2009-form-b_fig1.jpg>
Package pdftex.def Info: figures/bc-2009-form-b_fig1.jpg  used on input line 5087.
(pdftex.def)             Requested size: 269.32466pt x 198.4315pt.

Underfull \hbox (badness 10000) in paragraph at lines 5089--5090

 []

[150 <./figures/bc-2009-form-b_fig1.jpg>]
Underfull \hbox (badness 10000) in paragraph at lines 5126--5129

 []

<figures/bc-2009-form-b_fig2.jpg, id=557, 926.46124pt x 363.3575pt>
File: figures/bc-2009-form-b_fig2.jpg Graphic file (type jpg)
<use figures/bc-2009-form-b_fig2.jpg>
Package pdftex.def Info: figures/bc-2009-form-b_fig2.jpg  used on input line 5131.
(pdftex.def)             Requested size: 269.32466pt x 105.626pt.
[151] [152 <./figures/bc-2009-form-b_fig2.jpg>]
Underfull \hbox (badness 10000) in paragraph at lines 5174--5177

 []

[153]
<figures/bc-2009-form-b_fig3.jpg, id=569, 677.53125pt x 564.1075pt>
File: figures/bc-2009-form-b_fig3.jpg Graphic file (type jpg)
<use figures/bc-2009-form-b_fig3.jpg>
Package pdftex.def Info: figures/bc-2009-form-b_fig3.jpg  used on input line 5209.
(pdftex.def)             Requested size: 269.32466pt x 224.24457pt.

Underfull \hbox (badness 10000) in paragraph at lines 5211--5212

 []

<figures/bc-2009-form-b_fig4.jpg, id=570, 659.46375pt x 391.4625pt>
File: figures/bc-2009-form-b_fig4.jpg Graphic file (type jpg)
<use figures/bc-2009-form-b_fig4.jpg>
Package pdftex.def Info: figures/bc-2009-form-b_fig4.jpg  used on input line 5214.
(pdftex.def)             Requested size: 269.32466pt x 159.87346pt.
[154 <./figures/bc-2009-form-b_fig3.jpg>] [155 <./figures/bc-2009-form-b_fig4.jpg>]
Underfull \hbox (badness 10000) in paragraph at lines 5247--5250

 []

[156]
Underfull \hbox (badness 10000) in paragraph at lines 5284--5285

 []

[157] [158]
Underfull \hbox (badness 10000) in paragraph at lines 5380--5381

 []

[159] [160]
Underfull \hbox (badness 10000) in paragraph at lines 5421--5424

 []

[161]
<figures/bc-2010_fig1.jpg, id=596, 596.2275pt x 438.63875pt>
File: figures/bc-2010_fig1.jpg Graphic file (type jpg)
<use figures/bc-2010_fig1.jpg>
Package pdftex.def Info: figures/bc-2010_fig1.jpg  used on input line 5463.
(pdftex.def)             Requested size: 269.32466pt x 198.14192pt.

Underfull \hbox (badness 10000) in paragraph at lines 5465--5466

 []

[162 <./figures/bc-2010_fig1.jpg>]
Underfull \hbox (badness 10000) in paragraph at lines 5490--5493

 []

[163]
Underfull \hbox (badness 10000) in paragraph at lines 5532--5534

 []

[164]
<figures/bc-2010-form-b_fig1.jpg, id=607, 710.655pt x 727.71875pt>
File: figures/bc-2010-form-b_fig1.jpg Graphic file (type jpg)
<use figures/bc-2010-form-b_fig1.jpg>
Package pdftex.def Info: figures/bc-2010-form-b_fig1.jpg  used on input line 5577.
(pdftex.def)             Requested size: 269.32466pt x 275.79202pt.
 [165]
Underfull \hbox (badness 10000) in paragraph at lines 5579--5580

 []

[166 <./figures/bc-2010-form-b_fig1.jpg>]
Underfull \hbox (badness 10000) in paragraph at lines 5613--5614

 []

[167]
<figures/bc-2010-form-b_fig2.jpg, id=617, 853.1875pt x 284.06125pt>
File: figures/bc-2010-form-b_fig2.jpg Graphic file (type jpg)
<use figures/bc-2010-form-b_fig2.jpg>
Package pdftex.def Info: figures/bc-2010-form-b_fig2.jpg  used on input line 5659.
(pdftex.def)             Requested size: 269.32466pt x 89.67047pt.

Underfull \hbox (badness 10000) in paragraph at lines 5661--5662

 []

[168 <./figures/bc-2010-form-b_fig2.jpg>]
<figures/bc-2010-form-b_fig3.jpg, id=621, 1318.9275pt x 639.38875pt>
File: figures/bc-2010-form-b_fig3.jpg Graphic file (type jpg)
<use figures/bc-2010-form-b_fig3.jpg>
Package pdftex.def Info: figures/bc-2010-form-b_fig3.jpg  used on input line 5695.
(pdftex.def)             Requested size: 269.32466pt x 130.55846pt.

Underfull \hbox (badness 10000) in paragraph at lines 5697--5698

 []

[169 <./figures/bc-2010-form-b_fig3.jpg>]
Underfull \hbox (badness 10000) in paragraph at lines 5742--5745

 []

[170]
Underfull \hbox (badness 10000) in paragraph at lines 5784--5787

 []

[171]
Underfull \hbox (badness 10000) in paragraph at lines 5828--5831

 []

[172] [173]
Underfull \hbox (badness 10000) in paragraph at lines 5892--5893

 []

[174]
<figures/bc-2011_fig1.jpg, id=641, 603.25375pt x 451.6875pt>
File: figures/bc-2011_fig1.jpg Graphic file (type jpg)
<use figures/bc-2011_fig1.jpg>
Package pdftex.def Info: figures/bc-2011_fig1.jpg  used on input line 5931.
(pdftex.def)             Requested size: 269.32466pt x 201.65161pt.

Underfull \hbox (badness 10000) in paragraph at lines 5933--5934

 []

<figures/bc-2011_fig2.jpg, id=642, 848.16875pt x 773.89125pt>
File: figures/bc-2011_fig2.jpg Graphic file (type jpg)
<use figures/bc-2011_fig2.jpg>
Package pdftex.def Info: figures/bc-2011_fig2.jpg  used on input line 5936.
(pdftex.def)             Requested size: 269.32466pt x 245.73726pt.
[175 <./figures/bc-2011_fig1.jpg>]
Overfull \vbox (8.41359pt too high) detected at line 5960
 []

[176 <./figures/bc-2011_fig2.jpg>]
Underfull \hbox (badness 10000) in paragraph at lines 5963--5966

 []

[177]
Underfull \hbox (badness 10000) in paragraph at lines 5995--5998

 []

[178]
<figures/bc-2011_fig3.jpg, id=656, 731.73375pt x 421.575pt>
File: figures/bc-2011_fig3.jpg Graphic file (type jpg)
<use figures/bc-2011_fig3.jpg>
Package pdftex.def Info: figures/bc-2011_fig3.jpg  used on input line 6036.
(pdftex.def)             Requested size: 269.32466pt x 155.16335pt.

Underfull \hbox (badness 10000) in paragraph at lines 6039--6041

 []

[179 <./figures/bc-2011_fig3.jpg>]
Underfull \hbox (badness 10000) in paragraph at lines 6076--6079

 []

[180]
Underfull \hbox (badness 10000) in paragraph at lines 6118--6121

 []

[181]
<figures/bc-2011-form-b_fig1.jpg, id=667, 753.81625pt x 361.35pt>
File: figures/bc-2011-form-b_fig1.jpg Graphic file (type jpg)
<use figures/bc-2011-form-b_fig1.jpg>
Package pdftex.def Info: figures/bc-2011-form-b_fig1.jpg  used on input line 6149.
(pdftex.def)             Requested size: 269.32466pt x 129.09894pt.

Underfull \hbox (badness 10000) in paragraph at lines 6151--6152

 []

<figures/bc-2011-form-b_fig2.jpg, id=668, 635.37375pt x 600.2425pt>
File: figures/bc-2011-form-b_fig2.jpg Graphic file (type jpg)
<use figures/bc-2011-form-b_fig2.jpg>
Package pdftex.def Info: figures/bc-2011-form-b_fig2.jpg  used on input line 6154.
(pdftex.def)             Requested size: 269.32466pt x 254.43565pt.
[182 <./figures/bc-2011-form-b_fig1.jpg>] [183 <./figures/bc-2011-form-b_fig2.jpg>]
Underfull \hbox (badness 10000) in paragraph at lines 6193--6196

 []

[184]
Overfull \hbox (12.51837pt too wide) in paragraph at lines 6252--6253
\T1/cmr/m/n/12 Ben rides a uni-cy-cle back and forth along a straight east-west track. The twice-differentiable
 []


Underfull \hbox (badness 10000) in paragraph at lines 6252--6253

 []

[185]
Underfull \hbox (badness 10000) in paragraph at lines 6282--6285

 []

[186] [187]
Underfull \hbox (badness 10000) in paragraph at lines 6340--6341

 []

[188]
Underfull \hbox (badness 10000) in paragraph at lines 6391--6394

 []

[189]
<figures/bc-2012_fig1.jpg, id=694, 829.0975pt x 558.085pt>
File: figures/bc-2012_fig1.jpg Graphic file (type jpg)
<use figures/bc-2012_fig1.jpg>
Package pdftex.def Info: figures/bc-2012_fig1.jpg  used on input line 6430.
(pdftex.def)             Requested size: 269.32466pt x 181.2818pt.

Underfull \hbox (badness 10000) in paragraph at lines 6432--6433

 []

[190 <./figures/bc-2012_fig1.jpg>]
Underfull \hbox (badness 10000) in paragraph at lines 6472--6473

 []

[191] [192]
Underfull \hbox (badness 10000) in paragraph at lines 6529--6530

 []


Underfull \hbox (badness 10000) in paragraph at lines 6532--6533

 []

<figures/bc-2012_fig2.jpg, id=704, 718.685pt x 622.325pt>
File: figures/bc-2012_fig2.jpg Graphic file (type jpg)
<use figures/bc-2012_fig2.jpg>
Package pdftex.def Info: figures/bc-2012_fig2.jpg  used on input line 6534.
(pdftex.def)             Requested size: 254.44398pt x 220.32393pt.
[193 <./figures/bc-2012_fig2.jpg>] [194] [195]
Underfull \hbox (badness 10000) in paragraph at lines 6632--6635

 []

[196]
<figures/bc-2013_fig1.jpg, id=718, 545.03625pt x 549.05125pt>
File: figures/bc-2013_fig1.jpg Graphic file (type jpg)
<use figures/bc-2013_fig1.jpg>
Package pdftex.def Info: figures/bc-2013_fig1.jpg  used on input line 6679.
(pdftex.def)             Requested size: 269.32466pt x 271.30786pt.

Underfull \hbox (badness 10000) in paragraph at lines 6681--6682

 []

[197 <./figures/bc-2013_fig1.jpg>]
Overfull \hbox (106.59508pt too wide) detected at line 6706
[][][][][]
 []


Underfull \hbox (badness 10000) in paragraph at lines 6742--6743

 []

[198]
<figures/bc-2013_fig2.jpg, id=725, 1181.41376pt x 814.04124pt>
File: figures/bc-2013_fig2.jpg Graphic file (type jpg)
<use figures/bc-2013_fig2.jpg>
Package pdftex.def Info: figures/bc-2013_fig2.jpg  used on input line 6776.
(pdftex.def)             Requested size: 269.32466pt x 185.57352pt.
 [199]
Underfull \hbox (badness 10000) in paragraph at lines 6778--6779

 []


Underfull \vbox (badness 6691) detected at line 6820
 []

[200 <./figures/bc-2013_fig2.jpg>]
Underfull \hbox (badness 10000) in paragraph at lines 6823--6826

 []

[201]
Underfull \hbox (badness 10000) in paragraph at lines 6866--6869

 []

[202]
Underfull \hbox (badness 10000) in paragraph at lines 6925--6928

 []

[203] [204]
<figures/bc-2014_fig1.jpg, id=746, 814.04124pt x 579.16376pt>
File: figures/bc-2014_fig1.jpg Graphic file (type jpg)
<use figures/bc-2014_fig1.jpg>
Package pdftex.def Info: figures/bc-2014_fig1.jpg  used on input line 6960.
(pdftex.def)             Requested size: 269.32466pt x 191.61067pt.

Underfull \hbox (badness 10000) in paragraph at lines 6962--6963

 []

<figures/bc-2014_fig2.jpg, id=747, 654.445pt x 507.8975pt>
File: figures/bc-2014_fig2.jpg Graphic file (type jpg)
<use figures/bc-2014_fig2.jpg>
Package pdftex.def Info: figures/bc-2014_fig2.jpg  used on input line 6965.
(pdftex.def)             Requested size: 269.32466pt x 209.01431pt.
[205 <./figures/bc-2014_fig1.jpg> <./figures/bc-2014_fig2.jpg>]
Underfull \hbox (badness 10000) in paragraph at lines 7004--7007

 []

[206]
Underfull \hbox (badness 10000) in paragraph at lines 7055--7056

 []

[207] [208]
<figures/bc-2014_fig3.jpg, id=761, 468.75125pt x 438.63875pt>
File: figures/bc-2014_fig3.jpg Graphic file (type jpg)
<use figures/bc-2014_fig3.jpg>
Package pdftex.def Info: figures/bc-2014_fig3.jpg  used on input line 7097.
(pdftex.def)             Requested size: 269.32466pt x 252.02121pt.

Underfull \hbox (badness 10000) in paragraph at lines 7099--7100

 []

[209 <./figures/bc-2014_fig3.jpg>]
Underfull \hbox (badness 10000) in paragraph at lines 7126--7129

 []

[210]
Underfull \hbox (badness 10000) in paragraph at lines 7186--7189

 []

[211]
Underfull \hbox (badness 10000) in paragraph at lines 7228--7231

 []

[212]
Underfull \hbox (badness 10000) in paragraph at lines 7282--7283

 []

[213]
Underfull \hbox (badness 10000) in paragraph at lines 7323--7326

 []


Underfull \hbox (badness 10000) in paragraph at lines 7327--7328

 []

[214]
<figures/bc-2015_fig1.jpg, id=781, 370.38374pt x 660.4675pt>
File: figures/bc-2015_fig1.jpg Graphic file (type jpg)
<use figures/bc-2015_fig1.jpg>
Package pdftex.def Info: figures/bc-2015_fig1.jpg  used on input line 7329.
(pdftex.def)             Requested size: 254.44398pt x 453.72763pt.
 [215 <./figures/bc-2015_fig1.jpg>]
<figures/sg-bc-2015_fig1.jpg, id=785, 275.0275pt x 528.97626pt>
File: figures/sg-bc-2015_fig1.jpg Graphic file (type jpg)
<use figures/sg-bc-2015_fig1.jpg>
Package pdftex.def Info: figures/sg-bc-2015_fig1.jpg  used on input line 7337.
(pdftex.def)             Requested size: 258.04456pt x 496.35796pt.

Underfull \hbox (badness 10000) in paragraph at lines 7336--7338

 []

[216 <./figures/sg-bc-2015_fig1.jpg>]
Underfull \hbox (badness 10000) in paragraph at lines 7366--7369

 []

[217]
Underfull \hbox (badness 10000) in paragraph at lines 7412--7415

 []

[218] [219]
Underfull \hbox (badness 10000) in paragraph at lines 7487--7488

 []

[220]
<figures/bc-2016_fig1.jpg, id=802, 598.235pt x 626.34pt>
File: figures/bc-2016_fig1.jpg Graphic file (type jpg)
<use figures/bc-2016_fig1.jpg>
Package pdftex.def Info: figures/bc-2016_fig1.jpg  used on input line 7527.
(pdftex.def)             Requested size: 269.32466pt x 281.98419pt.

Underfull \hbox (badness 10000) in paragraph at lines 7529--7530

 []

[221 <./figures/bc-2016_fig1.jpg>]
<figures/bc-2016_fig2.jpg, id=806, 1007.765pt x 573.14125pt>
File: figures/bc-2016_fig2.jpg Graphic file (type jpg)
<use figures/bc-2016_fig2.jpg>
Package pdftex.def Info: figures/bc-2016_fig2.jpg  used on input line 7573.
(pdftex.def)             Requested size: 269.32466pt x 153.16728pt.
 [222]
Underfull \hbox (badness 10000) in paragraph at lines 7576--7578

 []

[223 <./figures/bc-2016_fig2.jpg>]
Underfull \hbox (badness 10000) in paragraph at lines 7615--7618

 []

[224]
<figures/bc-2016_fig3.jpg, id=817, 656.4525pt x 675.52374pt>
File: figures/bc-2016_fig3.jpg Graphic file (type jpg)
<use figures/bc-2016_fig3.jpg>
Package pdftex.def Info: figures/bc-2016_fig3.jpg  used on input line 7662.
(pdftex.def)             Requested size: 269.32466pt x 277.15207pt.

Underfull \hbox (badness 10000) in paragraph at lines 7664--7665

 []

[225 <./figures/bc-2016_fig3.jpg>]
Underfull \hbox (badness 10000) in paragraph at lines 7697--7700

 []

[226] [227]
Underfull \hbox (badness 10000) in paragraph at lines 7759--7760

 []

[228]
<figures/bc-2017_fig1.jpg, id=830, 702.625pt x 451.6875pt>
File: figures/bc-2017_fig1.jpg Graphic file (type jpg)
<use figures/bc-2017_fig1.jpg>
Package pdftex.def Info: figures/bc-2017_fig1.jpg  used on input line 7802.
(pdftex.def)             Requested size: 269.32466pt x 173.13863pt.

Underfull \hbox (badness 10000) in paragraph at lines 7804--7805

 []

[229 <./figures/bc-2017_fig1.jpg>] [230]
<figures/bc-2017_fig2.jpg, id=839, 727.71875pt x 522.95375pt>
File: figures/bc-2017_fig2.jpg Graphic file (type jpg)
<use figures/bc-2017_fig2.jpg>
Package pdftex.def Info: figures/bc-2017_fig2.jpg  used on input line 7843.
(pdftex.def)             Requested size: 269.32466pt x 193.54572pt.

Underfull \hbox (badness 10000) in paragraph at lines 7845--7846

 []

[231 <./figures/bc-2017_fig2.jpg>]
Underfull \hbox (badness 10000) in paragraph at lines 7890--7893

 []

[232]
Underfull \hbox (badness 10000) in paragraph at lines 7930--7933

 []

[233]
Overfull \hbox (24.80269pt too wide) in paragraph at lines 7960--7961
[]\T1/cmr/m/n/12 Since $[][] [] \OT1/cmr/m/n/12 = []$ \T1/cmr/m/n/12 and the se-ries $[][] []$ con-verges, the se-ries $[][] []$
 []

[234]
Underfull \hbox (badness 10000) in paragraph at lines 7977--7979

 []

[235]
Underfull \hbox (badness 10000) in paragraph at lines 8042--8043

 []

[236]
Underfull \hbox (badness 10000) in paragraph at lines 8087--8090

 []

[237] [238]
<figures/bc-2018_fig1.jpg, id=865, 712.6625pt x 710.655pt>
File: figures/bc-2018_fig1.jpg Graphic file (type jpg)
<use figures/bc-2018_fig1.jpg>
Package pdftex.def Info: figures/bc-2018_fig1.jpg  used on input line 8130.
(pdftex.def)             Requested size: 269.32466pt x 268.56612pt.

Underfull \hbox (badness 10000) in paragraph at lines 8133--8135

 []

[239 <./figures/bc-2018_fig1.jpg>]
Underfull \hbox (badness 10000) in paragraph at lines 8189--8190

 []

[240] [241]
<figures/bc-2018_fig2.jpg, id=876, 727.71875pt x 714.67pt>
File: figures/bc-2018_fig2.jpg Graphic file (type jpg)
<use figures/bc-2018_fig2.jpg>
Package pdftex.def Info: figures/bc-2018_fig2.jpg  used on input line 8235.
(pdftex.def)             Requested size: 269.32466pt x 264.50009pt.

Underfull \hbox (badness 10000) in paragraph at lines 8237--8238

 []

[242 <./figures/bc-2018_fig2.jpg>] [243]
Overfull \vbox (33.2293pt too high) detected at line 8311
 []

[244]
Underfull \hbox (badness 10000) in paragraph at lines 8320--8323

 []

[245]
<figures/bc-2019_fig1.jpg, id=889, 487.8225pt x 759.83875pt>
File: figures/bc-2019_fig1.jpg Graphic file (type jpg)
<use figures/bc-2019_fig1.jpg>
Package pdftex.def Info: figures/bc-2019_fig1.jpg  used on input line 8375.
(pdftex.def)             Requested size: 269.32466pt x 419.501pt.
 [246]
Underfull \hbox (badness 10000) in paragraph at lines 8377--8378

 []

[247 <./figures/bc-2019_fig1.jpg>]
<figures/bc-2019_fig2.jpg, id=897, 676.5275pt x 445.665pt>
File: figures/bc-2019_fig2.jpg Graphic file (type jpg)
<use figures/bc-2019_fig2.jpg>
Package pdftex.def Info: figures/bc-2019_fig2.jpg  used on input line 8419.
(pdftex.def)             Requested size: 269.32466pt x 177.4196pt.
 [248]
Underfull \hbox (badness 10000) in paragraph at lines 8422--8424

 []

[249 <./figures/bc-2019_fig2.jpg>]
<figures/bc-2019_fig3.jpg, id=904, 275.0275pt x 536.0025pt>
File: figures/bc-2019_fig3.jpg Graphic file (type jpg)
<use figures/bc-2019_fig3.jpg>
Package pdftex.def Info: figures/bc-2019_fig3.jpg  used on input line 8483.
(pdftex.def)             Requested size: 269.32466pt x 524.93536pt.
 [250]
Underfull \hbox (badness 10000) in paragraph at lines 8485--8486

 []

[251 <./figures/bc-2019_fig3.jpg>] [252]
Underfull \hbox (badness 10000) in paragraph at lines 8520--8523

 []

<figures/bc-2019_fig4.jpg, id=915, 656.4525pt x 770.88pt>
File: figures/bc-2019_fig4.jpg Graphic file (type jpg)
<use figures/bc-2019_fig4.jpg>
Package pdftex.def Info: figures/bc-2019_fig4.jpg  used on input line 8525.
(pdftex.def)             Requested size: 269.32466pt x 316.27458pt.

Underfull \hbox (badness 10000) in paragraph at lines 8530--8531

 []

[253 <./figures/bc-2019_fig4.jpg>]
Underfull \hbox (badness 10000) in paragraph at lines 8582--8583

 []

[254] [255] [256]
This exam contains 192 questions with 691 parts, 0 subparts, and 0 subsubparts.
This exam has a total of 0 points.
This exam has a total of 0 bonus points.
(./output_frq.aux)
 ***********
LaTeX2e <2025-11-01>
L3 programming layer <2026-01-19>
 ***********


LaTeX Warning: There were multiply-defined labels.

 ) 
Here is how much of TeX's memory you used:
 5965 strings out of 469515
 99800 string characters out of 5470808
 515082 words of memory out of 5000000
 34549 multiletter control sequences out of 15000+600000
 640063 words of font info for 74 fonts, out of 8000000 for 9000
 14 hyphenation exceptions out of 8191
 59i,22n,67p,731b,507s stack positions out of 10000i,1000n,20000p,200000b,200000s
</usr/share/texmf-dist/fonts/type1/public/amsfonts/cm/cmex10.pfb></usr/share/texmf-dist/fonts/type1/public/amsfonts/cmextra/cmex8.pfb></usr/share/texmf-dist/fonts/type1/public/amsfonts/cm/cmmi12.pfb></usr/share/texmf-dist/fonts/type1/public/amsfonts/cm/cmmi6.pfb></usr/share/texmf-dist/fonts/type1/public/amsfonts/cm/cmmi8.pfb></usr/share/texmf-dist/fonts/type1/public/amsfonts/cm/cmmib10.pfb></usr/share/texmf-dist/fonts/type1/public/amsfonts/cm/cmr12.pfb></usr/share/texmf-dist/fonts/type1/public/amsfonts/cm/cmr6.pfb></usr/share/texmf-dist/fonts/type1/public/amsfonts/cm/cmr8.pfb></usr/share/texmf-dist/fonts/type1/public/amsfonts/cm/cmsy10.pfb></usr/share/texmf-dist/fonts/type1/public/amsfonts/cm/cmsy6.pfb></usr/share/texmf-dist/fonts/type1/public/amsfonts/cm/cmsy8.pfb></usr/share/texmf-dist/fonts/type1/public/cm-super/sfbx1200.pfb></usr/share/texmf-dist/fonts/type1/public/cm-super/sfbx1728.pfb></usr/share/texmf-dist/fonts/type1/public/cm-super/sfrm0800.pfb></usr/share/texmf-dist/fonts/type1/public/cm-super/sfrm1200.pfb></usr/share/texmf-dist/fonts/type1/public/cm-super/sftt1200.pfb>
Output written on output_frq.pdf (256 pages, 3094200 bytes).
PDF statistics:
 1012 PDF objects out of 1200 (max. 8388607)
 619 compressed objects within 7 object streams
 0 named destinations out of 1000 (max. 500000)
 471 words of extra memory for PDF output out of 10000 (max. 10000000)

