year,term,session,question,learningOutcome,sourcePdf,sourcePages,pageCount,marksText,points,preview
2013,jan,January 2013,1,T5,/home/max/testgen-suite/ocr-frq/mb-exams/source-pdfs/marking-guides/pc_13_jan_mg.pdf,"[12, 13]",2,2 marks,2.0,Question 1 T5 Gina correctly started to answer the following question. Complete her solution. Question: Solve the following equation for all real values of θ . Express your answer in radians correct to 3 decimal places. 2 3sin 14sin 5 0 θ θ − − = Gina’s solution: Solution Method 1 ( )( ) 2 3sin 14si
2013,jan,January 2013,2,P4,/home/max/testgen-suite/ocr-frq/mb-exams/source-pdfs/marking-guides/pc_13_jan_mg.pdf,[14],1,2 marks,2.0,"Question 2 P4 Find and simplify the 6th term in the binomial expansion of 9 4 3 1 3x x   −     . Solution ( ) ( )( ) 5 4 4 3 6 9 5 16 15 1 3 1 126 81 10 206 t C x x x x x   = −       = −     = − 2 marks (1 mark for 9 5 C , ½ mark for each consistent factor) 1 mark for simplificatio"
2013,jan,January 2013,3,R10,/home/max/testgen-suite/ocr-frq/mb-exams/source-pdfs/marking-guides/pc_13_jan_mg.pdf,"[15, 16]",2,1 mark,1.0,"Question 3 R10 The number of times a website is visited can be modeled by the function: ( ) ( ) 800 where the total number of visitors at time the time in days 0 the rate of growth rt A e A t t t r = = = ≥ = After 5 days, 40 000 people have visited the site. Determine the number of visitors expected"
2013,jan,January 2013,4,R10,/home/max/testgen-suite/ocr-frq/mb-exams/source-pdfs/marking-guides/pc_13_jan_mg.pdf,[17],1,1 mark,1.0,Question 4 R10 Solve algebraically: 3 5 10 7 x x+ = Express your answer correct to 3 decimal places. Solution Method 1 Method 2 ( ) ( ) 3 5 3 5 10 7 log10 log 7 3 log10 5 log 7 3 log10 log 7 5log 7 3 log10 log 7 5log 7 5log 7 3log10 log 7 1.960 873 1.961 x x x x x x x x x x x x x + + = = = + = + − =
2013,jan,January 2013,5,P2,/home/max/testgen-suite/ocr-frq/mb-exams/source-pdfs/marking-guides/pc_13_jan_mg.pdf,[18],1,1 mark,1.0,"Question 5 P2 A word contains two Ms, two Es, two Ns, and no other repeated letters. Suppose one of the Ns is replaced by an M. Will this replacement result in greater or fewer permutations? Justify your reasoning. Solution Method 1 ( ) ( ) ( ) ( ) total number of letters ! 2Ms, 2Es, 2 Ns: 2!2!2! to"
2013,jan,January 2013,6,P3,/home/max/testgen-suite/ocr-frq/mb-exams/source-pdfs/marking-guides/pc_13_jan_mg.pdf,[19],1,1 mark,1.0,"Question 6 P3 There is a group of 16 boys and 12 girls. How many ways can a committee of 3 people be formed if there must be at least 2 girls on the committee? Express your answer as a whole number. Solution Method 1 12 2 16 1 12 3 Case 1: 2 girls, 1 boy 1056 Case 2: 3 girls 220 1056 220 1276 C C C "
2013,jan,January 2013,7,T1,/home/max/testgen-suite/ocr-frq/mb-exams/source-pdfs/marking-guides/pc_13_jan_mg.pdf,[20],1,1 mark,1.0,"Question 7 T1 A student is using the formula s r θ = to find an arc length of a circle. Given a central angle measure of 35 and a radius of 6 cm, the student’s solution is as follows: ( )( ) 35 6 210 cm s s = = Explain why this solution is incorrect. Write the correct solution. Solution When using "
2013,jan,January 2013,8,R1,/home/max/testgen-suite/ocr-frq/mb-exams/source-pdfs/marking-guides/pc_13_jan_mg.pdf,[21],1,1 mark,1.0,"Question 8 R1 Given the graph of ( ) f x below, explain how you would sketch the graph of ( ) . y f x = Solution The negative y values are reflected over the x-axis. y x 1 mark for explanation 1 mark"
2013,jan,January 2013,9,R10,/home/max/testgen-suite/ocr-frq/mb-exams/source-pdfs/marking-guides/pc_13_jan_mg.pdf,[22],1,1 mark,1.0,"Question 9 R10 Claire correctly solves the following equation: ( ) ( ) 2 2 log 6 log 3 2 x x − + − = She finds two possible values of x: 2 x = and 7. x = Identify which one of these values is unacceptable and explain why. Solution If x is greater than 3, you have a negative argument 2 but 7. x x ∴ ="
2013,jan,January 2013,10,R13,/home/max/testgen-suite/ocr-frq/mb-exams/source-pdfs/marking-guides/pc_13_jan_mg.pdf,[23],1,1 mark,1.0,"Question 10 R13 Given the graph of the function ( ) f x below, state the domain of ( ). y f x = Solution The domain is { } 1 or 3 . x x x ∈ ≤− ≥  or The domain is ( ] [ ) , 1 3, . −∞− ∞  1 mark for domain 1 mark y x 1 1"
2013,jan,January 2013,11,P1,/home/max/testgen-suite/ocr-frq/mb-exams/source-pdfs/marking-guides/pc_13_jan_mg.pdf,[24],1,1 mark,1.0,"Question 11 P1 A school offers 4 different Science courses, 3 different Mathematics courses, and 2 different English courses. Julie must select 1 Science course, 1 Mathematics course, and 1 English course. She thinks this creates 9 options for her timetable. Show why Julie is incorrect. Solution Jul"
2013,jan,January 2013,12,P4,/home/max/testgen-suite/ocr-frq/mb-exams/source-pdfs/marking-guides/pc_13_jan_mg.pdf,[25],1,1 mark,1.0,Question 12 P4 Explain how Pascal’s triangle can be used to determine the coefficients in the binomial expansion of ( ) . n x y + Solution The ( )st 1 n + row of Pascal’s triangle corresponds to the coefficients of the terms in the expansion of the binomial ( ) . n x y + 1 mark for explanation 1 mar
2013,jan,January 2013,13,T6,/home/max/testgen-suite/ocr-frq/mb-exams/source-pdfs/marking-guides/pc_13_jan_mg.pdf,"[26, 27]",2,1 mark,1.0,Question 13 T6 Prove the identity below for all permissible values of x: 1 cos 2 cot sin 2 x x x + = Solution Method 1 Method 2 2 2 1 2cos 1 LHS 2sin cos 2cos 2sin cos cos sin cot RHS x x x x x x x x x + − = = = = = 2 2 2 2 1 1 2sin LHS 2sin cos 2 2sin 2sin cos 1 sin sin cos cos sin cos cos sin cot 
2013,jan,January 2013,14,T3,/home/max/testgen-suite/ocr-frq/mb-exams/source-pdfs/marking-guides/pc_13_jan_mg.pdf,[28],1,1 mark,1.0,"Question 14 T3 Your classmate, Leo, was absent for one of his math lessons. Explain to Leo how to determine the cosecant ratio for an angle in standard position given that ( ) P 3, 4 − − is a point on the terminal arm of the angle. Solution Method 1  Locate the point ( ) 3, 4 − − on the coordinate "
2013,jan,January 2013,15,R1,/home/max/testgen-suite/ocr-frq/mb-exams/source-pdfs/marking-guides/pc_13_jan_mg.pdf,[29],1,1 mark,1.0,"Question 15 R1 Given the following graphs: Sketch the graph of ( ) ( ) f x g x + . Solution Note(s):  deduct a maximum of 1 mark for incorrect domain 2 marks (½ mark for each point where the graph changes direction) ( ) ( ) ( ) ( ) 2, 2 ; 0, 4 ; 1, 4 ; 4, 1 − −    2 marks ( ) g x ( ) f x 1 1 1 "
2013,jan,January 2013,16,R3,/home/max/testgen-suite/ocr-frq/mb-exams/source-pdfs/marking-guides/pc_13_jan_mg.pdf,[33],1,,0.0,"Question 16 R3 If ( ) 2, 3 is a point on the graph of ( ) y f x = , what point must be on the graph of 1 3 ? 4 y f x   =     a) 1 , 1 2       b) 1 , 9 2       c) ( ) 8, 1 d) ( ) 8, 9 "
2013,jan,January 2013,17,T1,/home/max/testgen-suite/ocr-frq/mb-exams/source-pdfs/marking-guides/pc_13_jan_mg.pdf,[33],1,,0.0,Question 17 T1 Consider the arc drawn on each circle. Which arc measure is closest to 3 radians? a) b) c) d) 
2013,jan,January 2013,18,R7,/home/max/testgen-suite/ocr-frq/mb-exams/source-pdfs/marking-guides/pc_13_jan_mg.pdf,[33],1,,0.0,"Question 18 R7 If 2 log 4 x = , then ( ) 2 log 2x is equal to: a) 5 b) 8 c) 16 d) 32"
2013,jan,January 2013,19,T6,/home/max/testgen-suite/ocr-frq/mb-exams/source-pdfs/marking-guides/pc_13_jan_mg.pdf,[34],1,,0.0,Question 19 T6 Simplify the following expression: ( ) 2 2 cos 1 cot x x + a) 2 sin x b) 2 cos x c) 2 cot x d) 2 sec x 
2013,jan,January 2013,20,R14,/home/max/testgen-suite/ocr-frq/mb-exams/source-pdfs/marking-guides/pc_13_jan_mg.pdf,[34],1,,0.0,Question 20 R14 Identify the graph of the function . x y x = a) b) c) d) 2 2 y x 2 2 y x 2 2 y x y x 2 2
2013,jan,January 2013,21,P4,/home/max/testgen-suite/ocr-frq/mb-exams/source-pdfs/marking-guides/pc_13_jan_mg.pdf,[35],1,,0.0,Question 21 P4 How many terms are in the expansion of ( ) 7 2 3 4 ? y z − a) 2 b) 6 c) 7 d) 8 
2013,jan,January 2013,22,R6,/home/max/testgen-suite/ocr-frq/mb-exams/source-pdfs/marking-guides/pc_13_jan_mg.pdf,[35],1,,0.0,Question 22 R6 Determine one possible restriction for the domain of ( )2 3 4 y x = + − so that its inverse is a function. a) 3 x ≤− b) 0 x ≤ c) 3 x ≤ d) 4 x ≤ 
2013,jan,January 2013,23,P2,/home/max/testgen-suite/ocr-frq/mb-exams/source-pdfs/marking-guides/pc_13_jan_mg.pdf,[35],1,,0.0,Question 23 P2 Find the total possible number of arrangements for 7 adults and 3 children seated in a row if the 3 children must sit together. a) 10! b) 8!3! c) 7!3! d) 7! 
2013,jan,January 2013,24,R9,/home/max/testgen-suite/ocr-frq/mb-exams/source-pdfs/marking-guides/pc_13_jan_mg.pdf,[35],1,,0.0,Question 24 R9 Identify the value of the x-intercept of the function ( ) ln 2 . y x = − a) 1 − b) 0 c) 2 d) 3
2013,jan,January 2013,25,R7,/home/max/testgen-suite/ocr-frq/mb-exams/source-pdfs/marking-guides/pc_13_jan_mg.pdf,[36],1,,0.0,"Question 25 R7 Given log 3 b a = , give one example of possible values for a and b that make this equation true. Solution Answers will vary but 3 . b a = Some possible solutions are: "
2013,jan,January 2013,26,R5,/home/max/testgen-suite/ocr-frq/mb-exams/source-pdfs/marking-guides/pc_13_jan_mg.pdf,[36],1,1 mark,1.0,"Question 26 R5 The range of the graph of ( ) [ ] is 3, 2 . y f x = − Explain why there is no effect on the range of the graph that is a result of the transformation ( ). y f x = − Solution ( ) y f x = − is a reflection over the y-axis. The domain is affected, but the range remains the same. 1 mark f"
2013,jan,January 2013,27,R12,/home/max/testgen-suite/ocr-frq/mb-exams/source-pdfs/marking-guides/pc_13_jan_mg.pdf,[37],1,1 mark,1.0,"Question 27 R12 Sketch the graph of ( )( ) ( ) 2 1 2 5 . y x x x = + − + Identify the x-intercepts and y-intercept. Solution -intercepts: 5, 1, and 2 x − − -intercept: 20 y Note(s):  if no graph is shown, give ½ mark for ( ) -intercepts 5, 1, and 2 x − − and ½ mark for ( ) intercept 20 y −  relati"
2013,jan,January 2013,28,T4,/home/max/testgen-suite/ocr-frq/mb-exams/source-pdfs/marking-guides/pc_13_jan_mg.pdf,[38],1,,0.0,"Question 28 T4 The graph of the function sin y x = has been transformed to create a new graph. The range of this new graph is [ ] 4, 4 − and the zeros are 2 x k π = , where k is an integer. Write the equation that corresponds to this new graph. Solution ( ) ( ) Amplitude 4 Period 2 2 4sin 2 4sin 2 b"
2013,jan,January 2013,29,R1,/home/max/testgen-suite/ocr-frq/mb-exams/source-pdfs/marking-guides/pc_13_jan_mg.pdf,[38],1,1 mark,1.0,"Question 29 R1 Given the functions ( ) 2 1 f x x = − and ( ) 1 g x x = + , state the domain of ( ) ( ) . g x f x Solution Domain: where 1 and 1 x x x ∈ ≠ ≠−  1 mark for correct amplitude ½ mark for correct period ½ mark for consistent value of b 2 marks 1 mark (½ mark for 1 x ≠ , ½ mark for 1 x ≠−)"
2013,jan,January 2013,30,R9,/home/max/testgen-suite/ocr-frq/mb-exams/source-pdfs/marking-guides/pc_13_jan_mg.pdf,[39],1,1 mark,1.0,"Question 30 R9 a) Sketch the graph of 3 x y = . b) Explain how the graph of 3 x y = can be used to sketch the graph of 3 log y x = . Solutions a) b) To graph 3 log y x = , you can reflect the graph of 3x y = over the line . y x = or You can switch the x and y coordinates of 3 x y = to get the graph "
2013,jan,January 2013,31,"R11, R12",/home/max/testgen-suite/ocr-frq/mb-exams/source-pdfs/marking-guides/pc_13_jan_mg.pdf,[40],1,1 mark,1.0,"Question 31 R11, R12 A box in the shape of a rectangular prism has side lengths , 2, and 10. x x x + + Write a function, ( ) V x , to express the volume of the box in terms of x. Find all possible values of x, given that the volume of the box is 3 96 cm . State the dimensions of the box. Solution ( "
2013,jan,January 2013,32,R5,/home/max/testgen-suite/ocr-frq/mb-exams/source-pdfs/marking-guides/pc_13_jan_mg.pdf,[41],1,,0.0,"Question 32 R5 Given the graph of ( ) f x below, sketch the graph of ( ) y f x = − . Solution "
2013,jan,January 2013,33,T2,/home/max/testgen-suite/ocr-frq/mb-exams/source-pdfs/marking-guides/pc_13_jan_mg.pdf,[41],1,1 mark,1.0,"Question 33 T2 Determine the coordinates of a point ( ) ,x y on the unit circle if you are given 30 θ =  where θ is in standard position. Solution ( ) ( ) ( ) ( ) ( ) P cos , sin If 30 , then the coordinates of P would be cos30 , sin 30 . 3 1 P 30 , 2 2 θ θ θ θ θ = =   =     or     1 mark"
2013,jan,January 2013,34,T4,/home/max/testgen-suite/ocr-frq/mb-exams/source-pdfs/marking-guides/pc_13_jan_mg.pdf,"[42, 43]",2,1 mark,1.0,Question 34 T4 Given the following sinusoidal equation: ( ) ( ) P 3000sin 2010 10 000 10 t t π   = − +     Determine the maximum value of ( ) P t and a value of t at which this maximum occurs. Solution Method 1 ( ) ( ) ( ) ( ) Maximum value 10 000 3000 13 000 13 000 3000sin 2010 10 000 10 3000
2013,jan,January 2013,35,R13,/home/max/testgen-suite/ocr-frq/mb-exams/source-pdfs/marking-guides/pc_13_jan_mg.pdf,"[44, 45]",2,1 mark,1.0,"Question 35 R13 Sketch the graph of 2 2 y x = − . Solution Method 1 ( ) 2 2 2 1 y x x = − = − 1 mark for domain: [ ) 1, ∞ 1 mark for shape (graph of a radical function) 1 mark for horizontal compression 3 marks y x  ( ) 3, 2 ( ) 1, 0 "
2013,jan,January 2013,36,R6,/home/max/testgen-suite/ocr-frq/mb-exams/source-pdfs/marking-guides/pc_13_jan_mg.pdf,[46],1,,0.0,"Question 36 R6 Given ( ) 2 6 f x x = − , write the equation of ( ) 1 . f x − Solution Switch the x and y values. ( ) 1 2 6 6 2 6 2 6 2 x y x y x y x f x − = − + = + = + ∴ = "
2013,jan,January 2013,37,R8,/home/max/testgen-suite/ocr-frq/mb-exams/source-pdfs/marking-guides/pc_13_jan_mg.pdf,[46],1,1 mark,1.0,Question 37 R8 Frank tried to expand a logarithmic expression using the laws of logarithms. He made one error. Frank's solution: ( ) 2 log log log 2 log log a a a a a x x z w zw + = + − − Write the correct solution. Solution Correct solution: ( ) ( ) 2 log log 2 log log a a a a x x z w zw + = + − − 
2013,jan,January 2013,38,T6,/home/max/testgen-suite/ocr-frq/mb-exams/source-pdfs/marking-guides/pc_13_jan_mg.pdf,[47],1,1 mark,1.0,"Question 38 T6 Determine all non-permissible values of θ over the interval [ ] 0, 2 . π sin csc cot 1 cos θ θ θ θ + + + Explain your reasoning. Solution To determine non-permissible values, the denominator needs to equal zero. The denominators of this expression are “1 cosθ + ” and “sinθ ” 1 cos sin"
2013,jan,January 2013,39,R1,/home/max/testgen-suite/ocr-frq/mb-exams/source-pdfs/marking-guides/pc_13_jan_mg.pdf,[48],1,1 mark,1.0,Question 39 R1 Given the following graphs: a) Determine the value of [ ]( ) 0 . f g  b) Determine the value of ( ) ( ) 4 . g f c) Determine a value for k where ( ) 1. f k = Solutions a) b) c) 2 3 k k = = − or ( ) ( ) [ ]( ) ( )( ) 0 1 0 2 0 1 2 2 f g f g = − = = − = −  1 mark for the value of [ ](
2013,jan,January 2013,40,R1,/home/max/testgen-suite/ocr-frq/mb-exams/source-pdfs/marking-guides/pc_13_jan_mg.pdf,[49],1,,0.0,"Question 40 R1 Given that ( ) 2 2 5 3 h x x x = + − and that ( ) ( ) ( ) h x f x g x =  , determine ( ) f x and ( ). g x Solution ( ) ( ) 2 1 3 f x x g x x = − = + Other answers are possible. "
2013,jan,January 2013,41,T5,/home/max/testgen-suite/ocr-frq/mb-exams/source-pdfs/marking-guides/pc_13_jan_mg.pdf,[49],1,1 mark,1.0,"Question 41 T5 The graph of 2cos 1 y θ = + below can be used to solve the equation 1 cos 2 θ = − over the interval [ ] 2 , 2 −π π . Indicate on the graph where to find the solutions to the equation 1 cos . 2 θ = − Solution The solution to the equation 1 cos 2 θ = − is found where the graph of 2cos 1"
2013,jan,January 2013,42,R1,/home/max/testgen-suite/ocr-frq/mb-exams/source-pdfs/marking-guides/pc_13_jan_mg.pdf,[50],1,,0.0,"Question 42 R1 The function ( ) f x is transformed. A new function, 1 ( ) y f x = , is created that does not have any vertical asymptotes. What can you conclude about the original function ( )? f x Solution If ( ) f x does not have any x-intercepts, then the transformation would not have any vertica"
2013,jan,January 2013,43,T1,/home/max/testgen-suite/ocr-frq/mb-exams/source-pdfs/marking-guides/pc_13_jan_mg.pdf,[50],1,1 mark,1.0,Question 43 T1 Draw the angle 7 8 π − in standard position. Solution 1 mark for conclusion 1 mark 1 mark for angle drawn in Quadrant III 1 mark x 8 7π − y
2013,jan,January 2013,44,"T3, T6",/home/max/testgen-suite/ocr-frq/mb-exams/source-pdfs/marking-guides/pc_13_jan_mg.pdf,"[51, 52]",2,1 mark,1.0,"Question 44 T3, T6 Determine the exact value of: 11 4cos 12 π       Solution Method 1 11 2 4cos 4cos 12 4 3 2 2 4 cos cos sin sin 4 3 4 3 2 1 2 3 4 2 2 2 2 2 6 4 4 2 6 π π π     = +         π π π π   = −              = − −                     "
2013,jan,January 2013,45,R14,/home/max/testgen-suite/ocr-frq/mb-exams/source-pdfs/marking-guides/pc_13_jan_mg.pdf,[53],1,1 mark,1.0,"Question 45 R14 Sketch the graph of ( ) 2 4 . 3 4 x f x x x − = − − Solution ( ) ( )( ) ( ) ( ) ( ) ( ) 2 2 4 3 4 4 4 1 1 with a point of discontinuity at 4 1 1 point of discontinuity: 4 5 1 there is a point of discontinuity at 4, 5 0 4 -intercept: 0 0 3 0 4 4 4 1 x f x x x x x x x x f y f − = − − −"
2013,jan,January 2013,46,R7,/home/max/testgen-suite/ocr-frq/mb-exams/source-pdfs/marking-guides/pc_13_jan_mg.pdf,[54],1,,0.0,Question 46 R7 Estimate the value of 5 log 35. Justify your answer. Solution 2 3 5 25 5 125 = = The value of 5 log 35 is more than 2 but less than 2.5. 
2013,jan,January 2013,47,R11,/home/max/testgen-suite/ocr-frq/mb-exams/source-pdfs/marking-guides/pc_13_jan_mg.pdf,[54],1,1 mark,1.0,"Question 47 R11 If ( ) 5 12 1 p x x x = − + , determine the remainder when ( ) p x is divided by ( ) 2 . x + Solution Method 1 Method 2 ( ) ( ) ( ) ( ) 5 5 12 1 2 2 12 2 1 32 24 1 7 p x x x p = − + − = − − − + = − + + = − 1 mark for substitution 1 mark ½ mark for justification ½ mark for estimated a"
2013,jan,January 2013,48,R2,/home/max/testgen-suite/ocr-frq/mb-exams/source-pdfs/marking-guides/pc_13_jan_mg.pdf,[55],1,1 mark,1.0,"Question 48 R2 Describe the effects on the graph of ( ) y f x = when asked for the graph of ( ) 3 5. y f x = − + Solution Shift right 3 and up 5 or ( ) 3, 5 x y + + ½ mark for horizontal translation ½ mark for vertical translation 1 mark"
2013,jan,January 2013,49,T3,/home/max/testgen-suite/ocr-frq/mb-exams/source-pdfs/marking-guides/pc_13_jan_mg.pdf,[56],1,1 mark,1.0,"Question 49 T3 Find the exact value of the following expression: 11 4 5 sin sec tan 3 3 6 π π π       −               Solution ( ) 3 1 2 2 3 1     = − −         = 1 mark for 11 sin 3 π       (½ mark for quadrant, ½ mark for value) 1 mark for 4 sec 3 π      "
2013,jun,June 2013,1,T1,/home/max/testgen-suite/ocr-frq/mb-exams/source-pdfs/marking-guides/pc_13_jun_mg.pdf,[12],1,1 mark,1.0,"Question 1 T1 A central angle of a circle subtends an arc length of 5π cm. Given the circle has a radius of 9 cm, find the measure of the central angle in degrees. Solution ( ) 5 9 5 9 5 180 (in degrees) 9 100 s r = π = π = π = π = θ θ θ θ    ½ mark for substitution into correct formula ½ mark fo"
2013,jun,June 2013,2,"T3, T5",/home/max/testgen-suite/ocr-frq/mb-exams/source-pdfs/marking-guides/pc_13_jun_mg.pdf,"[13, 14]",2,1 mark,1.0,"Question 2 T3, T5 Solve the equation 2 csc 3csc 4 0 + − = θ θ over the interval [ ] 0, 2 . π Express your answers as exact values or correct to 3 decimal places. Solution Method 1 ( )( ) 2 csc 3csc 4 0 csc 1 csc 4 0 csc 1 csc 4 1 sin 1 sin 4 0.252 680 2 1.570 796 3.394 273, 6.030 505 , 3.394, 6.031 "
2013,jun,June 2013,3,R10,/home/max/testgen-suite/ocr-frq/mb-exams/source-pdfs/marking-guides/pc_13_jun_mg.pdf,"[15, 16]",2,2 marks,2.0,"Question 3 R10 Jess invests $12 000 at a rate of 4.75% compounded monthly. How long will it take for Jess to triple her investment? Express your answer in years, correct to 3 decimal places. Solution Method 1 12 12 12 1 0.0475 36 000 12 000 1 12 0.0475 3 1 12 0.0475 ln3 ln 1 12 0.0475 ln3 12 ln 1 12"
2013,jun,June 2013,4,P4,/home/max/testgen-suite/ocr-frq/mb-exams/source-pdfs/marking-guides/pc_13_jun_mg.pdf,[17],1,2 marks,2.0,Question 4 P4 The 4th term in the binomial expansion of 10 2 3 qx x   −     is 11 414 720 . x Determine the value of q algebraically. Solution ( ) ( ) 3 7 2 4 10 3 11 7 14 3 7 7 3 27 414 720 120 414 720 3240 128 2 t C qx x x q x x q q q   = −       = −     = − = − = − 2 marks (1 ma
2013,jun,June 2013,5,P1,/home/max/testgen-suite/ocr-frq/mb-exams/source-pdfs/marking-guides/pc_13_jun_mg.pdf,[18],1,,0.0,"Question 5 P1 Bella has 2 pairs of shoes, 3 pairs of pants, and 10 shirts. Carey has 4 pairs of shoes, 4 pairs of pants, and 4 shirts. An outfit is made up of one pair of shoes, one pair of pants, and one shirt. Who can make more outfits? Justify your answer. Solution Bella: 2 3 10 60 outfits × × = "
2013,jun,June 2013,6,P4,/home/max/testgen-suite/ocr-frq/mb-exams/source-pdfs/marking-guides/pc_13_jun_mg.pdf,[18],1,1 mark,1.0,"Question 6 P4 In the binomial expansion of ( )10 , x y − how many terms will be positive? Justify your answer. Solution Six terms will be positive. The term will be positive when “ y −” has an even exponent. 1 mark for justification 1 mark 1 mark for six terms 1 mark for justification 2 marks"
2013,jun,June 2013,7,"T3, T5, T6",/home/max/testgen-suite/ocr-frq/mb-exams/source-pdfs/marking-guides/pc_13_jun_mg.pdf,[19],1,3 marks,3.0,"Question 7 T3, T5, T6 Solve the following equation algebraically where 180 360 . ≤ ≤   θ 2 2sin 5cos 1 0 + + = θ θ Solution ( ) ( )( ) 2 2 2 2 1 cos 5cos 1 0 2 2cos 5cos 1 0 2cos 5cos 3 0 2cos 1 cos 3 0 1 cos cos 3 2 60 no solution 240 r − + + = − + + = − = + − = = − = = ∴ =   θ θ θ θ θ − θ θ θ "
2013,jun,June 2013,8,R10,/home/max/testgen-suite/ocr-frq/mb-exams/source-pdfs/marking-guides/pc_13_jun_mg.pdf,[20],1,1 mark,1.0,Question 8 R10 Solve the following equation algebraically: ( ) ( ) 3 3 log 4 log 2 1 x x − + − = Solution Method 1 ( ) ( ) ( )( ) ( )( ) ( )( ) 3 3 3 1 2 2 log 4 log 2 1 log 4 2 1 3 4 2 3 6 8 0 6 5 0 5 1 5 1 x x x x x x x x x x x x x x − + − = − − = = − − = − + = − + = − − = = Method 2 ( ) ( ) ( )( 
2013,jun,June 2013,9,R1,/home/max/testgen-suite/ocr-frq/mb-exams/source-pdfs/marking-guides/pc_13_jun_mg.pdf,[21],1,1 mark,1.0,"Question 9 R1 Given that ( ) ( ) ( ) ( ) ( ) { } 1, 3 , 2, 5 , 3, 4 , 4, 2 , f x = find ( ) ( ) 3 . f f Solution ( ) ( ) ( ) 3 4 2 f f f = = ½ mark for ( ) 3 4 f = ½ mark for ( ) 4 2 f = 1 mark"
2013,jun,June 2013,10,R1,/home/max/testgen-suite/ocr-frq/mb-exams/source-pdfs/marking-guides/pc_13_jun_mg.pdf,[22],1,1 mark,1.0,"Question 10 R1 Given the graphs of ( ) f x and ( ) g x below, sketch the graph of ( ) ( ). y f x g x = − Solution x ( ) f x ( ) g x ( ) ( ) f x g x − -4 -2 3 -5 -2 0 1 -1 -1 1 0 1 0 2 1 1 2 4 3 1 1 mark for subtraction of ( ) ( ) f x g x − 1 mark for restricted domain 2 marks y x ( ) 4, 5 − − ( ) 2,"
2013,jun,June 2013,11,"R2, R3",/home/max/testgen-suite/ocr-frq/mb-exams/source-pdfs/marking-guides/pc_13_jun_mg.pdf,[23],1,,0.0,"Question 11 R2, R3 Given the graph of ( ), y f x = describe the transformations to obtain the graph of the function ( ) 2 6 . = − y f x Solution Method 1 Factor out the 2. ( ) ( ) 2 3 = − y f x Horizontally compress by a factor of 2. Then shift 3 units to the right. Method 2 ( ) 2 6 = − y f x Shift "
2013,jun,June 2013,12,R5,/home/max/testgen-suite/ocr-frq/mb-exams/source-pdfs/marking-guides/pc_13_jun_mg.pdf,[23],1,1 mark,1.0,"Question 12 R5 Given ( ) ( ) ( ) ( ) { } 3, 4 , 2, 7 , 8, 6 , = − f x state the domain of the resulting function after ( ) f x is reflected through the line . y x = Solution Domain: { } 4, 6, 7 Note(s):  award ½ mark for stating the inverse of the function: ( ) ( ) ( ) ( ) { } 1 4, 3 , 7, 2 , 6, 8 "
2013,jun,June 2013,13,R8,/home/max/testgen-suite/ocr-frq/mb-exams/source-pdfs/marking-guides/pc_13_jun_mg.pdf,[24],1,,0.0,Question 13 R8 Determine the value of y in the following equation: log 27 log 3 2log x x x y − = Solution 2 2 log 27 log 3 2log 27 log 2log 3 log 9 log 9 3 3 3 x x x x x x x y y y y y y y − = = = = = ± = = − 
2013,jun,June 2013,14,T1,/home/max/testgen-suite/ocr-frq/mb-exams/source-pdfs/marking-guides/pc_13_jun_mg.pdf,[24],1,1 mark,1.0,"Question 14 T1 Angle θ, measuring 5 , 4 π is drawn in standard position as shown below. Determine the measures of all angles in the interval [ ] 4 , 2 −π π that are coterminal with θ. Solution 3 4 11 4 π = − π = − θ θ 1 mark for quotient rule 1 mark for power rule ½ mark for positive value of y ½ ma"
2013,jun,June 2013,15,T6,/home/max/testgen-suite/ocr-frq/mb-exams/source-pdfs/marking-guides/pc_13_jun_mg.pdf,"[25, 26]",2,1 mark,1.0,Question 15 T6 Prove the identity below for all permissible values of x: 2 2 sin cos cos sec 1 x x x x = − + Solution Method 1 ( ) ( )( ) ( )( ) 2 2 2 2 1 cos LHS 1 1 cos 1 cos 1 cos cos cos 1 cos 1 cos cos 1 cos 1 cos 1 cos 1 cos cos cos cos RHS x x x x x x x x x x x x x x x x − = + − = +   = − 
2013,jun,June 2013,16,P3,/home/max/testgen-suite/ocr-frq/mb-exams/source-pdfs/marking-guides/pc_13_jun_mg.pdf,[27],1,3 marks,3.0,Question 16 P3 Solve algebraically: 2 4 5 nC n = + Solution ( ) ( ) ( ) 2 4 5 ! 4 5 2 !2! 1 2 ! nC n n n n n n n = + = + − − − ( ) 2 ! n − ( ) ( ) ( )( ) 2 2 4 5 2! 1 2! 4 5 8 10 9 10 0 10 1 0 10 1 n n n n n n n n n n n n n = + − = + − = + − − = − + = = = − ½ mark for factorial notation ½ mark for f
2013,jun,June 2013,17,P2,/home/max/testgen-suite/ocr-frq/mb-exams/source-pdfs/marking-guides/pc_13_jun_mg.pdf,[31],1,,0.0,Question 17 P2 How many different arrangements are possible when arranging all of the letters of the word SEPTEMBER? a) 9! b) 6!3! c) 9! 3! d) 6! 3! 
2013,jun,June 2013,18,T1,/home/max/testgen-suite/ocr-frq/mb-exams/source-pdfs/marking-guides/pc_13_jun_mg.pdf,[31],1,,0.0,Question 18 T1 Which one of the following angles terminates in Quadrant III? a) 3 radians b) 7 5 π radians c) 210 −  d) 500 
2013,jun,June 2013,19,P4,/home/max/testgen-suite/ocr-frq/mb-exams/source-pdfs/marking-guides/pc_13_jun_mg.pdf,[31],1,,0.0,Question 19 P4 There are 13 terms in the expansion of ( )2 3 . n x y − Determine the value of n. a) 6 b) 6.5 c) 7 d) 26
2013,jun,June 2013,20,T4,/home/max/testgen-suite/ocr-frq/mb-exams/source-pdfs/marking-guides/pc_13_jun_mg.pdf,[32],1,,0.0,Question 20 T4 Which of the following is true about the periods of the three functions below? ( ) 2sin3 2 f π   = −     θ θ ( ) sin3 6 g = + θ θ ( ) 3sin 6 k = + θ θ a) The graphs of ( ) f θ and ( ) g θ have the same period. b) The graphs of ( ) g θ and ( ) k θ have the same period. c) All of 
2013,jun,June 2013,21,T5,/home/max/testgen-suite/ocr-frq/mb-exams/source-pdfs/marking-guides/pc_13_jun_mg.pdf,[32],1,,0.0,"Question 21 T5 Which of the following represents the general solution to the equation tan 1? = − θ a) 2 , I 4 k k θ π = + π ∈ b) , I 4 k k θ π = + π ∈ c) 2 , I 4 k k θ 3π = + π ∈ d) , I 4 k k θ 3π = + π ∈ "
2013,jun,June 2013,22,R4,/home/max/testgen-suite/ocr-frq/mb-exams/source-pdfs/marking-guides/pc_13_jun_mg.pdf,[32],1,,0.0,"Question 22 R4 If ( ) 3, 2 − is a point on the graph of ( ), = y f x what point must be on the graph of ( ) 2 1 ? = + y f x a) ( ) 4, 1 − b) ( ) 4, 4 − c) ( ) 2, 1 d) ( ) 2, 4 −"
2013,jun,June 2013,23,R9,/home/max/testgen-suite/ocr-frq/mb-exams/source-pdfs/marking-guides/pc_13_jun_mg.pdf,[33],1,,0.0,Question 23 R9 Which equation is represented by the graph sketched below? a) 1 2 x y −  =   b) 1 2 x y  =   c) 2x y = d) 2x y = − 
2013,jun,June 2013,24,R12,/home/max/testgen-suite/ocr-frq/mb-exams/source-pdfs/marking-guides/pc_13_jun_mg.pdf,[33],1,,0.0,Question 24 R12 What is the degree of the polynomial represented below? a) 2 b) 3 c) 4 d) 5 y x −4 −3 −2 −1 1 2 3 4 −4 −3 −2 −1 1 2 3 4 y x
2013,jun,June 2013,25,T4,/home/max/testgen-suite/ocr-frq/mb-exams/source-pdfs/marking-guides/pc_13_jun_mg.pdf,[34],1,1 mark,1.0,"Question 25 T4 Given the graph of 2cos 1 y x = π + below, determine another equation that will produce the same graph. Solution Some sample equations are: Other answers are possible. ( ) ( ) ( ) 2cos 2 1 2cos 1 1 2cos 1 1 1 2sin 1 2 3 2sin 1 2 y x y x y x y x y x = π − + = − π − + = − π + +   = π "
2013,jun,June 2013,26,R1,/home/max/testgen-suite/ocr-frq/mb-exams/source-pdfs/marking-guides/pc_13_jun_mg.pdf,[35],1,,0.0,"Question 26 R1 Given ( ) 3 f x = and ( ) 2, g x x = + determine the domain and range of ( ) ( ) ( ) . f x h x g x = Solution { } { } Domain: , 2 Range: , 0 x x x y y y ∈ ≠− ∈ ≠   "
2013,jun,June 2013,27,T3,/home/max/testgen-suite/ocr-frq/mb-exams/source-pdfs/marking-guides/pc_13_jun_mg.pdf,[35],1,1 mark,1.0,Question 27 T3 Explain how to find the exact value of sec . 6 19π       Solution Find the exact value of 19 cos 6 π      . Then take the reciprocal of the value of 19 cos 6 π      . 1 mark for domain 1 mark for range 2 marks 1 mark for 19 cos 6 π       1 mark for reciprocal 2
2013,jun,June 2013,28,R6,/home/max/testgen-suite/ocr-frq/mb-exams/source-pdfs/marking-guides/pc_13_jun_mg.pdf,[36],1,1 mark,1.0,"Question 28 R6 Given ( ) 4 , f x x = − verify that ( ) ( ) 1 . f x f x − = Solution Method 1 ( ) ( ) ( ) ( ) 1 1 1 4 To find , switch and values. 4 4 4 4 1 mark for verifying − − − = − = − − = − = − = − = y x f x x y x y y x y x f x x f x f x Method 2 When 4 y x = − is reflected over the line y x = "
2013,jun,June 2013,29,R12,/home/max/testgen-suite/ocr-frq/mb-exams/source-pdfs/marking-guides/pc_13_jun_mg.pdf,[37],1,1 mark,1.0,"Question 29 R12 Sketch the graph of: ( ) ( )( )( )2 2 3 1 = − + + f x x x x Label the x-intercepts and y-intercept. Solution x-intercepts: 3, 1, and 2 − − y-intercept: 6 1 mark for x-intercepts ½ mark for y-intercept 1 mark for multiplicity of 2 at 1 x = − only ½ mark for end behaviour 3 marks y x −"
2013,jun,June 2013,30,R7,/home/max/testgen-suite/ocr-frq/mb-exams/source-pdfs/marking-guides/pc_13_jun_mg.pdf,[38],1,1 mark,1.0,Question 30 R7 Which expression has a larger value? 2 3 log 36 or log 80 Justify your answer. Solution Method 1 5 ? 2 6 3 ? 3 4 2 2 32 log 36 2 36 5.1 2 64 3 27 log 80 3 80 3.9 3 81 log 36 is the larger value = = ≈ = = = ≈ = ∴ Method 2 2 2 3 3 2 log 32 5 log 36 is a little more than 5 log 81 4 log 8
2013,jun,June 2013,31,R12,/home/max/testgen-suite/ocr-frq/mb-exams/source-pdfs/marking-guides/pc_13_jun_mg.pdf,[39],1,1 mark,1.0,"Question 31 R12 The graph below represents the equation 3 2 6 5 10. y ax x x = + + − What must be true about the value of a? Explain your reasoning. Solution a is any negative number. Explanation with reference to end behaviour. or a cannot be zero. The graph is of a cubic function, not a quadratic "
2013,jun,June 2013,32,T2,/home/max/testgen-suite/ocr-frq/mb-exams/source-pdfs/marking-guides/pc_13_jun_mg.pdf,[40],1,2 marks,2.0,"Question 32 T2 The terminal arm of an angle θ, in standard position, intersects the unit circle in Quadrant IV at a point 5 P , 4 y       . Determine the value of sinθ. Solution Method 1 The point ( ) P θ on the unit circle has coordinates ( ) cos , sin . θ θ 2 2 2 2 2 2 cos sin 1 5 sin 1 4 5 "
2013,jun,June 2013,33,"R1, R2",/home/max/testgen-suite/ocr-frq/mb-exams/source-pdfs/marking-guides/pc_13_jun_mg.pdf,[41],1,1 mark,1.0,"Question 33 R1, R2 Given the sinusoidal function ( ) f x below, sketch the graph of ( ) ( ) 1. g x f x = − Solution 1 mark for absolute value 1 mark for vertical shift 2 marks y x 1 90 ( ) f x   y x 1 90      ( ) g x"
2013,jun,June 2013,34,R14,/home/max/testgen-suite/ocr-frq/mb-exams/source-pdfs/marking-guides/pc_13_jun_mg.pdf,[42],1,,0.0,"Question 34 R14 The graph of a rational function, ( ), f x has a point of discontinuity when 2 x = and an asymptote when 4. x = Write a possible equation for ( ). f x Solution A possible equation is: ( ) ( )( ) 2 2 4 x f x x x − = − − "
2013,jun,June 2013,35,R11,/home/max/testgen-suite/ocr-frq/mb-exams/source-pdfs/marking-guides/pc_13_jun_mg.pdf,[42],1,1 mark,1.0,"Question 35 R11 Given that ( )1 x − is one of the factors, express 3 57 56 x x − + as a product of factors. Solution ( )( ) ( )( )( ) 2 1 56 1 8 7 x x x x x x − + − − + − or 1 mark for 2 2 x x − − (point of discontinuity when 2 x = ) 1 mark for 4 x − in denominator (asymptote when 4 x = ) 2 marks 1 "
2013,jun,June 2013,36,T6,/home/max/testgen-suite/ocr-frq/mb-exams/source-pdfs/marking-guides/pc_13_jun_mg.pdf,"[43, 44]",2,1 mark,1.0,"Question 36 T6 Give an example using values for A and B, in degrees or radians, to verify that ( ) cos cos cos + = + A B A B is not an identity. Solution Method 1 Let 45 and 90 A B = =  . ( ) ( ) LHS RHS cos 45 90 cos45 cos90 cos 135 cos45 cos90 2 2 0 2 2 2 2 2 2 + + + − + −        1 mark f"
2013,jun,June 2013,37,R13,/home/max/testgen-suite/ocr-frq/mb-exams/source-pdfs/marking-guides/pc_13_jun_mg.pdf,[45],1,1 mark,1.0,"Question 37 R13 Sketch the graph of 1 2 y x = + − and verify that the value of the x-intercept is the same as the solution to the equation 1 2 0. x + − = Solution y x    ( ) 1, 2 − − ( ) 0, 1 − ( ) 3, 0 1 ( ) ( ) 2 2 1 2 1 2 0 1 2 3 1 2 0 1 4 4 2 0 3 0 0 x x x x x + = + − = + = + − = + = − = = = "
2013,jun,June 2013,38,T4,/home/max/testgen-suite/ocr-frq/mb-exams/source-pdfs/marking-guides/pc_13_jun_mg.pdf,[46],1,1 mark,1.0,"Question 38 T4 Mohamed is asked to sketch the graph of tan . y x = His graph is shown below. Explain why his graph is incorrect. Solution The graph of tan y x = should have zeros at I. k k π, ∈ or The graph of tan y x = should have asymptotes at ( ) 2 1 2 k π + or I. 2 k k π + π, ∈ or Mohamed sketch"
2013,jun,June 2013,39,T6,/home/max/testgen-suite/ocr-frq/mb-exams/source-pdfs/marking-guides/pc_13_jun_mg.pdf,[47],1,1 mark,1.0,"Question 39 T6 On the interval 0 2 ≤ π, θ < identify the non-permissible values of θ for the trigonometric identity: 1 tan cot = θ θ Solution sin 1 cos cos sin = θ θ θ θ ∴the above identity is non-permissible when cos 0 or sin 0. = = θ θ cos 0 sin 0 3 , 0, 2 2 3 0, , , 2 2 ≠ ≠ π π ≠ ≠ π π π ≠ π θ θ "
2013,jun,June 2013,40,"a) R9; b) R2, R5",/home/max/testgen-suite/ocr-frq/mb-exams/source-pdfs/marking-guides/pc_13_jun_mg.pdf,[48],1,2 marks,2.0,"Question 40 a) R9 b) R2, R5 a) Sketch the graph of ( ) ln . y x = b) Sketch the graph of ( ) ln 2 . y x = − − Solutions a) b) ½ mark for increasing logarithmic function ½ mark for x-intercept at ( ) 1, 0 ½ mark for consistent point on logarithmic function ½ mark for vertical asymptotic behaviour 2 m"
2013,jun,June 2013,41,"R1, R13",/home/max/testgen-suite/ocr-frq/mb-exams/source-pdfs/marking-guides/pc_13_jun_mg.pdf,[49],1,1 mark,1.0,"Question 41 R1, R13 Given ( ) 2 f x x = − and ( ) 3 , g x x = write the equation for ( ) ( ) ( ). h x f g x = What are the restrictions on the domain of ( )? h x Explain your reasoning. Solution ( ) 3 2 3 2 0 3 2 2 3 h x x x x x = − − ≥ ≥ ≥ Since we cannot find a square root of a negative number, th"
2013,jun,June 2013,42,T4,/home/max/testgen-suite/ocr-frq/mb-exams/source-pdfs/marking-guides/pc_13_jun_mg.pdf,[50],1,1 mark,1.0,"Question 42 T4 Sketch the graph of ( ) 10cos 2 2 y x π   = −     over the interval [ ] 0, 6 . Solution 2 period 4 2 π = = π Note(s):  deduct ½ mark if the interval [ ] 0, 6 is not completely sketched 1 mark for amplitude 1 mark for period 1 mark for horizontal shift 3 marks y x 10 10 − 1 3 5 "
2013,jun,June 2013,43,R14,/home/max/testgen-suite/ocr-frq/mb-exams/source-pdfs/marking-guides/pc_13_jun_mg.pdf,[51],1,1 mark,1.0,"Question 43 R14 Sketch the graph of the function ( ) 2 2 . x f x x x = − Solution 1 mark for vertical asymptote at 1 x = 1 mark for horizontal asymptote at 1 y = 1 mark for point of discontinuity at ( ) 0, 0 or a point of discontinuity consistent with graph ½ mark for graph left of vertical asymptot"
2013,jun,June 2013,44,R11,/home/max/testgen-suite/ocr-frq/mb-exams/source-pdfs/marking-guides/pc_13_jun_mg.pdf,[52],1,1 mark,1.0,"Question 44 R11 Is ( ) 3 x − a factor of 4 3 2 3 1? x x x x − − + − Justify your answer. Solution Method 1 ( ) ( ) ( ) ( ) 4 3 2 3 3 3 3 3 3 1 81 27 27 3 1 29 x = ∴ − − + − = − − + − = The remainder does not equal zero, therefore ( ) 3 x − is not a factor. Method 2 3 1 1 3 1 1 3 6 9 30 1 2 3 10 29 −"
2013,jun,June 2013,45,R1,/home/max/testgen-suite/ocr-frq/mb-exams/source-pdfs/marking-guides/pc_13_jun_mg.pdf,[53],1,1 mark,1.0,"Question 45 R1 Given ( ) 1 f x x = − and ( ) 2, g x x = write the equation of ( ) ( ) y f g x = and sketch the graph. Solution ( ) ( ) 2 2 1 1 f g x x y x = − = − or 1 mark for composition 1 mark for consistent graph 2 marks y x 1 1"
2014,jan,January 2014,1,T1,/home/max/testgen-suite/ocr-frq/mb-exams/source-pdfs/marking-guides/pc_14_jan_mg.pdf,[12],1,1 mark,1.0,"Question 1 T1 Find the coterminal angle to 27 5 π over the interval ) 360 , 0 . −    Solution Method 1 ( ) ( )( ) 27 180 27 36 5 972 972 360 3 108   π =   π   = − = −       Method 2 3 27 is a coterminal angle to . 5 5 3 180 108 5 π π − π − = − π    1 mark for conversion to degrees"
2014,jan,January 2014,2,T5,/home/max/testgen-suite/ocr-frq/mb-exams/source-pdfs/marking-guides/pc_14_jan_mg.pdf,[14],1,1 mark,1.0,"Question 2 T5 Solve the following equation over the interval 0 2 ≤ π. θ < ( )( ) tan 3 tan 1 0 θ θ − + = Solution 1 mark (½ mark for each branch) 2 marks (½ mark for each value of θ ) 3 marks ( )( ) tan 3 tan 1 0 tan 3 tan 1 1.249 046 4 1.249 046 4.390 639 1.249, 4.391 3 7 1.249, , 4.391, 4 4 1.249,"
2014,jan,January 2014,3,R10,/home/max/testgen-suite/ocr-frq/mb-exams/source-pdfs/marking-guides/pc_14_jan_mg.pdf,"[16, 17]",2,1 mark,1.0,Question 3 R10 An earthquake in Vancouver had a magnitude of 6.3 on the Richter scale. An earthquake in Japan had a magnitude of 8.9 on the Richter scale. How many times more intense was the Japan earthquake than the Vancouver earthquake? You may use the formula below: 0 0 log where is the magnitude
2014,jan,January 2014,4,P4,/home/max/testgen-suite/ocr-frq/mb-exams/source-pdfs/marking-guides/pc_14_jan_mg.pdf,[20],1,1 mark,1.0,Question 4 P4 Find and simplify the last term in the expansion of ( )7 2 3 . y x − Solution ( ) ( ) 0 7 8 7 7 7 2 3 2187 t C y x x = − = − Note(s):  no deduction if ( )0 7 7 and 2 C y are not shown ½ mark for 7 7 C ½ mark for ( )0 2y 1 mark for ( )7 3x − which is equal to 7 2187x − 2 marks 16 Pre-C
2014,jan,January 2014,5,R8,/home/max/testgen-suite/ocr-frq/mb-exams/source-pdfs/marking-guides/pc_14_jan_mg.pdf,[22],1,1 mark,1.0,"Question 5 R8 Given log 9 1.129 and log 4 0.712, a a = = find the value of log 12. a Solution Method 1 ( ) 2 log 9 1.129 log 3 1.129 2log 3 1.129 log 3 0.5645 log 12 log 4 3 log 4 log 3 0.712 0.5645 1.2765 1.277 a a a a a a a a = = = = = = + = + = =  Method 2 ( ) ( ) log 12 log 9 4 1 log 9 log 4 2 "
2014,jan,January 2014,6,P2,/home/max/testgen-suite/ocr-frq/mb-exams/source-pdfs/marking-guides/pc_14_jan_mg.pdf,[24],1,1 mark,1.0,Question 6 P2 How many different ways can 4 girls and 4 boys be arranged in a row if the girls and the boys must alternate? Solution Method 1 Method 2 Case 1: 576 4 4 3 3 2 2 1 1 B G B G B G B G Case 2: 576 4 4 3 3 2 2 1 1 G B G B G B G B Total number of ways: 576 576 1152 ways = = + =       
2014,jan,January 2014,7,"T3, T5, T6",/home/max/testgen-suite/ocr-frq/mb-exams/source-pdfs/marking-guides/pc_14_jan_mg.pdf,"[26, 27]",2,1 mark,1.0,"Question 7 T3, T5, T6 Solve the following equation over the interval [ ] 0, 2 . π 2cos 2 1 0 θ − = Solution Method 1 ( ) 2 2 2 2cos 2 1 0 2 2cos 1 1 0 4cos 3 0 3 cos 4 3 cos 2 6 5 7 11 , , , 6 6 6 6 r − = − − = − = = = ± π = π π π π = θ θ θ θ θ θ θ Method 2 Find all zeros over the interval [ ] 0, 2 "
2014,jan,January 2014,8,R4,/home/max/testgen-suite/ocr-frq/mb-exams/source-pdfs/marking-guides/pc_14_jan_mg.pdf,[30],1,1 mark,1.0,"Question 8 R4 Alex incorrectly explains to Rashid that the graph of ( ) 2 5 y f x = + means you first move the graph of ( ) y f x = up 5 units and then multiply the y values by 2. Explain to Rashid the correct way to transform the graph. Solution Alex explains the transformations correctly, but not "
2014,jan,January 2014,9,T1,/home/max/testgen-suite/ocr-frq/mb-exams/source-pdfs/marking-guides/pc_14_jan_mg.pdf,[32],1,1 mark,1.0,Question 9 T1 Sketch the angle of 5 radians in standard position. Solution 1 mark for angle drawn in Quadrant IV 1 mark y x 28 Pre-Calculus Mathematics: Marking Guide (January 2014)
2014,jan,January 2014,10,R1,/home/max/testgen-suite/ocr-frq/mb-exams/source-pdfs/marking-guides/pc_14_jan_mg.pdf,[34],1,1 mark,1.0,"Question 10 R1 Given the graphs of ( ) f x and ( )( ) f g x − , sketch the graph of ( ). g x Solution ( ) f x ( )( ) f g x − y y x x 1 1 ( ) g x y x 1 1 1 mark for subtraction of ( ) ( )( ) f x f g x − − 1 mark for shape representing the operation given 2 marks 1 1 30 Pre-Calculus Mathematics: Marki"
2014,jan,January 2014,11,P3,/home/max/testgen-suite/ocr-frq/mb-exams/source-pdfs/marking-guides/pc_14_jan_mg.pdf,[36],1,1 mark,1.0,"Question 11 P3 A particular math class has a large number of students. From this class, you are to create a committee of 4 students that has at least 1 girl. Without actually solving the problem, explain the strategy you would use to find the total number of ways to select this committee. Solution M"
2014,jan,January 2014,12,"a) T6; b) T5, T6",/home/max/testgen-suite/ocr-frq/mb-exams/source-pdfs/marking-guides/pc_14_jan_mg.pdf,"[38, 39]",2,b) 1 mark,1.0,"Question 12 a) T6 b) T5, T6 a) Prove the identity below for all permissible values of θ. 2 2 2 1 2cos tan 3 cos + = + θ θ θ b) Determine all the non-permissible values for θ. Solution Method 1 a) b) 1 mark for appropriate algebraic strategy 1 mark for appropriate identity substitutions 2 marks ½ mar"
2014,jan,January 2014,13,R2,/home/max/testgen-suite/ocr-frq/mb-exams/source-pdfs/marking-guides/pc_14_jan_mg.pdf,[42],1,1 mark,1.0,"Question 13 R2 Given the graph of ( ) f x below, sketch the graph of ( ) ( ) 2 3. g x f x = − + Solution x y 1 mark for horizontal shift 1 mark for vertical shift 2 marks y 1 x 1 1 1 38 Pre-Calculus Mathematics: Marking Guide (January 2014)"
2014,jan,January 2014,14,T6,/home/max/testgen-suite/ocr-frq/mb-exams/source-pdfs/marking-guides/pc_14_jan_mg.pdf,[44],1,1 mark,1.0,"Question 14 T6 Given that 5 sin 13 α = , where α is in Quadrant II, and 2 cos 5 = β , where β is in Quadrant IV, find the exact value of: a) ( ) cos + α β b) sin 2α Solution a) ( ) cos cos cos sin sin 12 2 5 21 13 5 13 5 24 5 21 65 65 5 21 24 65 + = −        = − − −           "
2014,jan,January 2014,15,R1,/home/max/testgen-suite/ocr-frq/mb-exams/source-pdfs/marking-guides/pc_14_jan_mg.pdf,[48],1,1 mark,1.0,"Question 15 R1 If ( ) ( ) 3 and 2 3, f x x g x x = = − what is the value of ( )1 ? f g  −     Solution ( ) ( ) ( ) ( ) ( ) 3 1 1 1 1 2 1 3 5 1 1 5 1 5 f g f g − = − = − − = − − = −   − − =     − = ½ mark for substituting into ( ) f x and ( ) g x ½ mark for evaluating ( )1 f g  −    "
2014,jan,January 2014,16,R3,/home/max/testgen-suite/ocr-frq/mb-exams/source-pdfs/marking-guides/pc_14_jan_mg.pdf,[53],1,,0.0,"Question 16 R3 If the point ( ) 4, 3 − lies on the graph of ( ) f x , which point must lie on the graph of ( ) 2 2 f x ? a) ( ) 8, 6 − b) ( ) 2, 6 − c) 3 8, 2   −     d) 3 2, 2   −     "
2014,jan,January 2014,17,R9,/home/max/testgen-suite/ocr-frq/mb-exams/source-pdfs/marking-guides/pc_14_jan_mg.pdf,[53],1,,0.0,Question 17 R9 The graph of ( ) 2 log 2 6 y x = + intersects the graph of 4 y = at: a) 1 x = − b) 1 x = c) 5 x = d) 14 x = 
2014,jan,January 2014,18,T3,/home/max/testgen-suite/ocr-frq/mb-exams/source-pdfs/marking-guides/pc_14_jan_mg.pdf,[53],1,,0.0,"Question 18 T3 Given the point ( ) A 3, 5 − on the terminal arm of an angle θ , identify the value of cot .θ a) 3 5 − b) 5 3 − c) 4 5 − d) 5 4 − Pre-Calculus Mathematics: Marking Guide (January 2014) 49"
2014,jan,January 2014,19,R5,/home/max/testgen-suite/ocr-frq/mb-exams/source-pdfs/marking-guides/pc_14_jan_mg.pdf,[54],1,,0.0,Question 19 R5 The graph of 1 2 x y   =     compared to the graph of 1 2 y x   =     is a: a) reflection in the x-axis b) reflection in the y-axis c) reflection in the line y x = d) reciprocal function 
2014,jan,January 2014,20,R12,/home/max/testgen-suite/ocr-frq/mb-exams/source-pdfs/marking-guides/pc_14_jan_mg.pdf,[54],1,,0.0,"Question 20 R12 Given the above graph of a polynomial function, which one of the following statements can be true? a) The function has a degree of 4 with a positive leading coefficient. b) The function has a degree of 4 with a negative leading coefficient. c) The function has a degree of 3 with a po"
2014,jan,January 2014,21,R11,/home/max/testgen-suite/ocr-frq/mb-exams/source-pdfs/marking-guides/pc_14_jan_mg.pdf,[55],1,,0.0,"Question 21 R11 Given that ( ) 3 x + is a factor of polynomial ( ), P x which of the following is true? a) ( ) 3 0 P − = b) ( ) 0 3 P = − c) ( ) 0 3 P = d) ( ) 3 0 P = "
2014,jan,January 2014,22,R7,/home/max/testgen-suite/ocr-frq/mb-exams/source-pdfs/marking-guides/pc_14_jan_mg.pdf,[55],1,,0.0,Question 22 R7 Which of the following is a reasonable estimate for the value of log350? a) 2 b) 2.5 c) 2.8 d) 3 
2014,jan,January 2014,23,R9,/home/max/testgen-suite/ocr-frq/mb-exams/source-pdfs/marking-guides/pc_14_jan_mg.pdf,[55],1,,0.0,Question 23 R9 The graph of the function ( ) f x shown below is best described by the equation: a) ( ) 3 2x f x + = b) ( ) 2 3 x f x = + c) ( ) 3 2x f x − = d) ( ) 2 3 x f x = − x y 1 1 Pre-Calculus Mathematics: Marking Guide (January 2014) 51
2014,jan,January 2014,24,R13,/home/max/testgen-suite/ocr-frq/mb-exams/source-pdfs/marking-guides/pc_14_jan_mg.pdf,[56],1,,0.0,"Question 24 R13 Given the graph of ( ) = y f x , what is the domain of ( ) ? f x a) x∈ b) 2 2 x −≤ ≤ c) 2 x ≤− or 2 x ≥ d) 0 4 x ≤ ≤ "
2014,jan,January 2014,25,R10,/home/max/testgen-suite/ocr-frq/mb-exams/source-pdfs/marking-guides/pc_14_jan_mg.pdf,[56],1,,0.0,Question 25 R10 Solve: ( ) ln 5 7 x e − = a) 2 − b) ln 2 − c) ln 7 ln 5 − d) 7 5 y x 1 1 52 Pre-Calculus Mathematics: Marking Guide (January 2014)
2014,jan,January 2014,26,R11,/home/max/testgen-suite/ocr-frq/mb-exams/source-pdfs/marking-guides/pc_14_jan_mg.pdf,[58],1,1 mark,1.0,Question 26 R11 One of the factors of ( ) 3 2 7 10 P x x kx x = − − + is ( ) 2 . x − Find the value of .k Solution Method 1 ( ) ( ) ( ) 3 2 2 0 2 2 7 2 10 0 8 4 14 10 0 4 4 4 4 1 x k k k k k = = − − + = − − + = − = = Method 2 4 4 0 4 4 1 k k k − + = = = ½ mark for 2 x = 1 mark for remainder theorem 
2014,jan,January 2014,27,R13,/home/max/testgen-suite/ocr-frq/mb-exams/source-pdfs/marking-guides/pc_14_jan_mg.pdf,[60],1,1 mark,1.0,Question 27 R13 a) Sketch the graph of the function 1 = − + y x . Solution b) Determine the value of x when 3. y = Method 1 Method 2 1 3 1 2 4 4 y x x x x x = − + = − + = − = − = − 1 mark for general shape 1 mark for horizontal reflection 1 mark for vertical shift 3 marks 1 mark for consistent value
2014,jan,January 2014,28,"P2, P3",/home/max/testgen-suite/ocr-frq/mb-exams/source-pdfs/marking-guides/pc_14_jan_mg.pdf,"[63, 64]",2,1 mark,1.0,"Question 28 P2, P3 Solve the following equation: 2 3 n n P C = Solution Method 1 ( ) ( ) ! ! 2 ! 3 !3! ! n n n n n = − − ( ) 3 !3! ! n n − = ( ) ( ) ( ) ( ) ( ) 2 ! 2 ! 6 3 ! 2 3 ! 6 n n n n n − − = − − − = ( ) 3 ! n − 6 2 8 n n = − = Method 2 ( ) ( ) ( ) ( ) 2 3; we know 3 ! ! 2 ! 3 !3! 1 2 ! n n P"
2014,jan,January 2014,29,R1,/home/max/testgen-suite/ocr-frq/mb-exams/source-pdfs/marking-guides/pc_14_jan_mg.pdf,"[67, 68]",2,1 mark,1.0,"Question 29 R1 Given ( ) ( ) 2 1 and 1 f x x g x x = − = + , sketch the graph of ( ) ( ) y f g x = and state its domain. Solution Method 1 ( ) ( ) [ ) ( ) ( ) ( ) 2 2 1 1 Domain: Domain: 1, 1 1 1 1 f x x g x x x f g x x x x = − = + ∈ − ∞ = + − = + − =  Domain of y x 1 1 ( ) ( ) [ ) { } : 1, 1, f g "
2014,jan,January 2014,30,R14,/home/max/testgen-suite/ocr-frq/mb-exams/source-pdfs/marking-guides/pc_14_jan_mg.pdf,[70],1,1 mark,1.0,Question 30 R14 Write the equation of the horizontal asymptote for the function ( ) 3 . 2 x f x x − = − Solution 1 y = 1 mark for equation of horizontal asymptote 1 mark 66 Pre-Calculus Mathematics: Marking Guide (January 2014)
2014,jan,January 2014,31,R1,/home/max/testgen-suite/ocr-frq/mb-exams/source-pdfs/marking-guides/pc_14_jan_mg.pdf,[72],1,1 mark,1.0,"Question 31 R1 The x-intercept of ( ) f x is 4 and the x-intercept of ( ) g x is 4. Benjamin concludes that the x-intercept of ( ) ( ) f x g x + is 8. Do you agree with Benjamin? Justify your answer. Solution No, I do not agree with Benjamin. Benjamin added the x-values instead of adding the y-value"
2014,jan,January 2014,32,R10,/home/max/testgen-suite/ocr-frq/mb-exams/source-pdfs/marking-guides/pc_14_jan_mg.pdf,[74],1,1 mark,1.0,Question 32 R10 Solve the following equation: ( ) 4 4 2log log 3 1 − + = x x Solution ( ) ( ) ( )( ) 4 4 2 4 2 1 2 2 2log log 3 1 log 1 3 4 3 4 3 4 12 0 6 2 0 6 2 x x x x x x x x x x x x x x − + =   =   +     =   +   + = − − = − + = = = − 1 mark for power rule 1 mark for quotient rule 1 
2014,jan,January 2014,33,T4,/home/max/testgen-suite/ocr-frq/mb-exams/source-pdfs/marking-guides/pc_14_jan_mg.pdf,[76],1,1 mark,1.0,Question 33 T4 The following graph represents tidal levels in the Bay of Fundy over a 25-hour period. a) What is the average height of the water? b) What is the period of the graph above? Explain what the period represents in this situation. Solution a) 6 metres b) The period represents the time to 
2014,jan,January 2014,34,R13,/home/max/testgen-suite/ocr-frq/mb-exams/source-pdfs/marking-guides/pc_14_jan_mg.pdf,[78],1,1 mark,1.0,"Question 34 R13 Given the graph of ( ), y f x = sketch the graph of ( ). y f x = Solution 1 mark for restricting the domain ½ mark for graph above ( ) y f x = over the range [ ] 0, 1 ½ mark for graph below ( ) y f x = over the range [ ] 1, 2 2 marks y x 1 1 y x 1 1 74 Pre-Calculus Mathematics: Marki"
2014,jan,January 2014,35,R11,/home/max/testgen-suite/ocr-frq/mb-exams/source-pdfs/marking-guides/pc_14_jan_mg.pdf,[80],1,1 mark,1.0,"Question 35 R11 When ( ) P x is divided by 3, x − it has a quotient of 2 2 6 x x + − and a remainder of 4. Determine ( ) P x . Solution ( ) ( )( ) 2 3 2 6 4 P x x x x = − + − + or ( ) 3 2 2 5 9 22 P x x x x = − − + 1 mark for polynomial ( ) P x 1 mark 76 Pre-Calculus Mathematics: Marking Guide (Janu"
2014,jan,January 2014,36,R14,/home/max/testgen-suite/ocr-frq/mb-exams/source-pdfs/marking-guides/pc_14_jan_mg.pdf,[82],1,1 mark,1.0,"Question 36 R14 Identify the domain and range of the following function: ( ) 2 3 1 = + f x x Solution Domain: Range: { } ( ] 0 3 0, 3 y y ∈ < ≤ or  1 mark for domain 1 mark for range 2 marks { } ( ) , x ∈ −∞∞ or  78 Pre-Calculus Mathematics: Marking Guide (January 2014)"
2014,jan,January 2014,37,T3,/home/max/testgen-suite/ocr-frq/mb-exams/source-pdfs/marking-guides/pc_14_jan_mg.pdf,[84],1,1 mark,1.0,"Question 37 T3 Evaluate: 2 11 3 csc sin cos 6 4 3 π π 23π       + − +             Solution 1 mark for 11 csc 6 π       (½ mark for quadrant, ½ mark for value) 1 mark for 2 3 sin 4 π   −     (½ mark for quadrant, ½ mark for value) 1 mark for 23 cos 3 π       (½ mar"
2014,jan,January 2014,38,P4,/home/max/testgen-suite/ocr-frq/mb-exams/source-pdfs/marking-guides/pc_14_jan_mg.pdf,[86],1,1 mark,1.0,Question 38 P4 Evaluate the coefficient of the term containing 3 x in the expansion of ( )7 1 . x + Justify your answer. Solution Method 1 1 1 1 1 2 1 1 3 3 1 1 4 6 4 1 1 5 10 10 5 1 1 6 15 20 15 6 1 1 7 21 35 35 21 7 1 The coefficient of 3 x is 35. Method 2 ( ) ( ) 4 3 4 7 3 7 3 1 7! 3!4! 7 6 t C x
2014,jan,January 2014,39,R10,/home/max/testgen-suite/ocr-frq/mb-exams/source-pdfs/marking-guides/pc_14_jan_mg.pdf,[88],1,1 mark,1.0,"Question 39 R10 Which of the following equations could be solved without the use of logarithms? Without actually solving the problem, explain your choice. 3 1 4 10 x x + = or 2 1 4 1 1 27 3 x x + −  =   Solution 2 1 4 7 1 27 3 x x + −  =   can be solved without the use of logarithms beca"
2014,jan,January 2014,40,R12,/home/max/testgen-suite/ocr-frq/mb-exams/source-pdfs/marking-guides/pc_14_jan_mg.pdf,[90],1,1 mark,1.0,Question 40 R12 Sketch the graph of 3 2 5 3 y x x x = + − + given that one of the x-intercepts is 1. Identify the x-intercepts and y-intercept. Solution ( )( ) ( )( )( ) ( )( ) 2 2 1 2 3 1 3 1 3 1 y x x x y x x x y x x = − + − = − + − = + − 1 mark for synthetic division 1 mark for identifying the fa
2014,jan,January 2014,41,R1,/home/max/testgen-suite/ocr-frq/mb-exams/source-pdfs/marking-guides/pc_14_jan_mg.pdf,[92],1,1 mark,1.0,"Question 41 R1 If ( ) ( ) 1 and 2 2 f x g x x x = = − − , what is the domain of ( ) ( )? f x g x  Solution ( ) ( ) ( ) ( ) { } 1 2 2 Domain: , 2 Domain: Domain of : 2 f x g x x x x x x f x g x x x = = − − ∈ ≠ ∈ ∈ ≠     1 mark for domain of ( ) ( ) f x g x  1 mark 88 Pre-Calculus Mathematics: M"
2014,jan,January 2014,42,"R5, R6",/home/max/testgen-suite/ocr-frq/mb-exams/source-pdfs/marking-guides/pc_14_jan_mg.pdf,[94],1,1 mark,1.0,"Question 42 R5, R6 Given ( ) ( )2 1 f x x = + for 1, x ≤− write the equation of ( ) 1 . y f x − = Solution Method 1 ( ) ( ) ( ) ( ) 2 2 1 1 1 1 Since the domain of is 1, the range of the inverse is 1. 1 1 y x x y y x f x x y y x f x x − = + = + = ± − ≤− ≤− ∴ = − − = − − Method 2 1 mark for inverse ½"
2014,jan,January 2014,43,T4,/home/max/testgen-suite/ocr-frq/mb-exams/source-pdfs/marking-guides/pc_14_jan_mg.pdf,[96],1,1 mark,1.0,Question 43 T4 Sketch a graph of at least one period of the function ( ) 5sin 1 y x = π +   . Clearly indicate the x-intercepts. Solution period 2 b = π 2π ∴ = = π 1 mark for amplitude 1 mark for horizontal shift 1 mark for period 1 mark for clearly indicating at least two x-intercepts consisten
2014,jan,January 2014,44,R14,/home/max/testgen-suite/ocr-frq/mb-exams/source-pdfs/marking-guides/pc_14_jan_mg.pdf,[98],1,1 mark,1.0,"Question 44 R14 Sketch the graph of the following function: ( ) ( )( ) 2 2 3 2 x f x x x − = − − Solution ( ) ( )( ) ( ) ( ) ( ) ( ) ( )( ) 2 2 3 2 1 with a point of discontinuity at 2 2 3 point of discontinuity: 2 1 there is a point of discontinuity at 2, 1 0 2 -intercept: 0 2 0 3 0 2 2 6 1 3 x f x"
2014,jun,June 2014,1,T1,/home/max/testgen-suite/ocr-frq/mb-exams/source-pdfs/marking-guides/pc_14_jun_mg.pdf,[12],1,1 mark,1.0,Question 1 T1 Use the information in the diagram to determine the value of the arc length “s”. Solution ( ) 13 130 18 180 s 13 s 3.5 18 s 7.941 248 s 7.941 cm r × π π = = π = = = o o θ 1 mark for conversion 1 mark for substitution 2 marks 130o 3.5cm s 8 Pre-Calculus Mathematics: Marking Guide (June 
2014,jun,June 2014,2,T5,/home/max/testgen-suite/ocr-frq/mb-exams/source-pdfs/marking-guides/pc_14_jun_mg.pdf,[14],1,1 mark,1.0,"Question 2 T5 Solve the following equation over the interval [ ) 0, 2 . π 2 tan 2.8tan 1.96 0 + + = θ θ Use the quadratic formula 2 4 2 b b ac x a −± − = for 2 0. ax bx c + + = Solution ( ) ( )( ) ( ) ( ) 2 1 2.8 2.8 4 1 1.96 tan 2 1 2.8 0 tan 2 tan 1.4 tan 1.4 0.950 546 2.191 5.333 r − − ± − = − ± "
2014,jun,June 2014,3,R10,/home/max/testgen-suite/ocr-frq/mb-exams/source-pdfs/marking-guides/pc_14_jun_mg.pdf,[18],1,1 mark,1.0,"Question 3 R10 Determine how many monthly investments of $50 would have to be deposited into a savings account that pays 3% annual interest, compounded monthly, for the account’s future value to be $50,000. Use the formula: Express your answer as a whole number. Solution ( ) ( ) 0.03 50 1 1 12 50 00"
2014,jun,June 2014,4,P1,/home/max/testgen-suite/ocr-frq/mb-exams/source-pdfs/marking-guides/pc_14_jun_mg.pdf,[22],1,1 mark,1.0,Question 4 P1 There are 5 men and 4 women to be seated in a row. How many arrangements are possible if two men must sit at the beginning of the row and two men must sit at the end of the row? Solution 14 400 5 4 5! 3 2 m m m m = g g g g or 14 400 5 4 5 4 3 2 1 3 2 m m m m = g g g g g g g g 1 mark fo
2014,jun,June 2014,5,P4,/home/max/testgen-suite/ocr-frq/mb-exams/source-pdfs/marking-guides/pc_14_jun_mg.pdf,[24],1,b) 1 mark,1.0,"Question 5 P4 a) In the binomial expansion of 8 5 2 3 4x x   −    , determine the 3rd term. b) In the binomial expansion of 5 2 3 4 n x x   −     , the 6th term contains 25 x . Solve for n. Solution a) b) 1 mark for substitution 1 mark for equating exponents 2 marks ( ) 8 2 2 5 2 3 8 2 6"
2014,jun,June 2014,6,R1,/home/max/testgen-suite/ocr-frq/mb-exams/source-pdfs/marking-guides/pc_14_jun_mg.pdf,[28],1,1 mark,1.0,"Question 6 R1 Given the following two functions, ( ) ( ) 2 1 and 1, f x x g x x = − = + evaluate ( ) ( ) 3 . g f Solution Method 1 ( ) ( ) ( ) 2 3 3 1 2 2 2 1 2 1 3 f g = − = = + = + = Method 2 ½ mark for ( ) 3 f ½ mark for consistent value of ( ) ( ) 3 g f 1 mark ½ mark for ( ) ( ) g f x ½ mark for"
2014,jun,June 2014,7,T2,/home/max/testgen-suite/ocr-frq/mb-exams/source-pdfs/marking-guides/pc_14_jun_mg.pdf,[30],1,1 mark,1.0,"Question 7 T2 If θ terminates in quadrant II and 3 csc , 2 = θ determine the exact value of tan . θ Solution 2 2 2 2 2 2 2 csc 2 3 5 5 2 tan 5 θ θ = + = + = = = ± = − r y x y r x x x Note(s): § accept any of the following values for x: = ± = = − 5, 5, or 5 x x x ½ mark for identifying 2, 3 y r = = ½"
2014,jun,June 2014,8,R11,/home/max/testgen-suite/ocr-frq/mb-exams/source-pdfs/marking-guides/pc_14_jun_mg.pdf,[32],1,1 mark,1.0,"Question 8 R11 a) Determine the remainder when 4 2 3 1 x x − + is divided by 2. x + b) Is 2 x + a factor of 4 2 3 1? x x − + Explain your reasoning. Solution a) b) For 2 x + to be a factor of 4 2 3 1, x x − + the remainder must be 0. Since the remainder is 5, 2 x + is not a factor. 1 mark for remain"
2014,jun,June 2014,9,"R2, R3",/home/max/testgen-suite/ocr-frq/mb-exams/source-pdfs/marking-guides/pc_14_jun_mg.pdf,[36],1,1 mark,1.0,"Question 9 R2, R3 Given the graph of ( ) y f x = below, sketch the graph of ( ) 2 3. y f x = − Solution 1 mark for vertical stretch 1 mark for vertical shift 2 marks y x 1 1 1 1 y x 32 Pre-Calculus Mathematics: Marking Guide (June 2014)"
2014,jun,June 2014,10,R6,/home/max/testgen-suite/ocr-frq/mb-exams/source-pdfs/marking-guides/pc_14_jun_mg.pdf,[40],1,1 mark,1.0,Question 10 R6 Determine one possible restriction for the domain of ( ) ( )2 1 f x x = − so that the inverse of ( ) f x is a function. Solution 1 1 x x ≥ < or Note(s): § Many solutions are possible. Any solutions which restrict ( ) f x to a one-to-one function are correct. 1 mark 36 Pre-Calculus Mat
2014,jun,June 2014,11,T4,/home/max/testgen-suite/ocr-frq/mb-exams/source-pdfs/marking-guides/pc_14_jun_mg.pdf,[42],1,1 mark,1.0,"Question 11 T4 Using the graph of the sinusoidal function below, find the value of y in the point ( ) 6, y . Solution 10 y = 1 mark x 60 40 − 2 4 6 8 ( ) 6, y ( ) 4, 60 g 38 Pre-Calculus Mathematics: Marking Guide (June 2014)"
2014,jun,June 2014,12,R13,/home/max/testgen-suite/ocr-frq/mb-exams/source-pdfs/marking-guides/pc_14_jun_mg.pdf,[44],1,1 mark,1.0,Question 12 R13 Billy was given the graph of ( ). y f x = He was asked to sketch the graph of ( ). y f x = His answer is given on the graph below. Explain the error Billy made when sketching the graph of ( ). y f x = Solution Billy’s graph should be above the line ( ) y f x = over the interval where
2014,jun,June 2014,13,"P2, P3",/home/max/testgen-suite/ocr-frq/mb-exams/source-pdfs/marking-guides/pc_14_jun_mg.pdf,[46],1,1 mark,1.0,"Question 13 P2, P3 Explain why a locker combination should really be called a locker permutation. Solution The order of the locker combination matters; therefore, it is a permutation. 1 mark 1 2 3 42 Pre-Calculus Mathematics: Marking Guide (June 2014)"
2014,jun,June 2014,14,R5,/home/max/testgen-suite/ocr-frq/mb-exams/source-pdfs/marking-guides/pc_14_jun_mg.pdf,[48],1,1 mark,1.0,Question 14 R5 The graph of ( ) 2 4 = + f x x is reflected over the x-axis. Write the equation of the new function. y = Solution 2 4 y x = − − 1 mark 44 Pre-Calculus Mathematics: Marking Guide (June 2014)
2014,jun,June 2014,15,R1,/home/max/testgen-suite/ocr-frq/mb-exams/source-pdfs/marking-guides/pc_14_jun_mg.pdf,[50],1,1 mark,1.0,"Question 15 R1 Given the graph of ( ) y f x = below, sketch the graph of ( ) 1 . y f x = Solution 1 mark for vertical asymptote at 1 x = ½ mark for graph left of vertical asymptote ½ mark for graph right of vertical asymptote 2 marks x 1 y 1 1 1 x y g g 46 Pre-Calculus Mathematics: Marking Guide (Ju"
2014,jun,June 2014,16,R11,/home/max/testgen-suite/ocr-frq/mb-exams/source-pdfs/marking-guides/pc_14_jun_mg.pdf,[52],1,1 mark,1.0,Question 16 R11 Divide ( ) 3 5 4 x x − − by ( ) 1 . x + Solution Method 1 Method 2 ( ) ( ) ( ) 2 3 2 3 2 2 2 4 1 0 5 4 5 4 4 4 4 0 x x x x x x x x x x x x x x − − + + − − − + − − −− − − − −− − Method 3 1 mark for set-up of synthetic division using addition 1 mark for quotient 2 marks − − 2 4 x x − −
2014,jun,June 2014,17,P4,/home/max/testgen-suite/ocr-frq/mb-exams/source-pdfs/marking-guides/pc_14_jun_mg.pdf,[54],1,1 mark,1.0,Question 17 P4 You are given the following row of Pascal’s Triangle. 1 7 21 35 35 21 7 1 Determine the values of the next row. Solution 1 8 28 56 70 56 28 8 1 1 mark 50 Pre-Calculus Mathematics: Marking Guide (June 2014)
2014,jun,June 2014,18,R13,/home/max/testgen-suite/ocr-frq/mb-exams/source-pdfs/marking-guides/pc_14_jun_mg.pdf,[56],1,1 mark,1.0,"Question 18 R13 Given the graph of ( ) = y f x below, state the domain and range of ( ). y f x = Solution Domain: Range: 1 mark for domain (½ mark for 2 0 x − ≤ ≤ , ½ mark for 2 x ≥ ) 1 mark for range 2 marks { } [ ] [ ) 2 0 or 2 2, 0 2, x x x ∈ − ≤ ≤ ≥ − ∞ or ¡ U { } [ ) 0 0, y y ∈ ≤ ∞ or ¡ y ( ) 1"
2014,jun,June 2014,19,T6,/home/max/testgen-suite/ocr-frq/mb-exams/source-pdfs/marking-guides/pc_14_jun_mg.pdf,"[58, 59, 60]",3,1 mark,1.0,Question 19 T6 Prove the identity below for all permissible values of θ : 2 2 1 tan cos 2 1 tan − = + θ θ θ Solution Method 1 1 mark for correct substitution of appropriate identities 1 mark for algebraic strategies 1 mark for logical process to prove the identity 3 marks Left-Hand Side Right-Hand S
2014,jun,June 2014,20,R1,/home/max/testgen-suite/ocr-frq/mb-exams/source-pdfs/marking-guides/pc_14_jun_mg.pdf,[65],1,,0.0,"Question 20 R1 Given the graph of the function of ( ) f x below, what is the range of ( ) ? y f x = a) y ∈¡ b) 7 y ≥− c) 0 y ≥ d) 4 1 or 4 −≤ ≤− ≥ y y "
2014,jun,June 2014,21,R8,/home/max/testgen-suite/ocr-frq/mb-exams/source-pdfs/marking-guides/pc_14_jun_mg.pdf,[65],1,,0.0,Question 21 R8 Simplify the following expression: 1 log 36 log 2 2 a a − a) log 3 a b) log 4 a c) log 9 a d) log 12 a 1 1 y x Pre-Calculus Mathematics: Marking Guide (June 2014) 61
2014,jun,June 2014,22,R2,/home/max/testgen-suite/ocr-frq/mb-exams/source-pdfs/marking-guides/pc_14_jun_mg.pdf,[66],1,,0.0,"Question 22 R2 Given ( ) 2 2, f x x x = − + an equation that represents the graph of ( ) f x shifted 3 units to the right is: a) ( ) ( ) 2 3 3 3 y x x = + − + − b) ( ) ( ) 2 3 3 2 y x x = − − − + c) ( )2 3 2 y x x = − − − d) 2 2 3 = − + − y x x "
2014,jun,June 2014,23,R13,/home/max/testgen-suite/ocr-frq/mb-exams/source-pdfs/marking-guides/pc_14_jun_mg.pdf,[66],1,,0.0,Question 23 R13 What is the domain of the function 4 ? y x = − a) { } 2 x x ∈ ≥ ¡ b) { } 2 x x ∈ ≤ ¡ c) { } 0 x x ∈ ≥ ¡ d) { } 0 x x ∈ ≤ ¡ 
2014,jun,June 2014,24,R14,/home/max/testgen-suite/ocr-frq/mb-exams/source-pdfs/marking-guides/pc_14_jun_mg.pdf,[66],1,,0.0,Question 24 R14 Which of the following is true about the two functions below? ( ) ( )( ) ( ) ( )( ) ( )( ) 2 2 2 1 2 2 2 x x x x f x g x x x x + − − + = = − + − a) Both have a point of discontinuity (hole) when 2. x = b) Both have the same vertical asymptote. c) Both have the same horizontal asympto
2014,jun,June 2014,25,T5,/home/max/testgen-suite/ocr-frq/mb-exams/source-pdfs/marking-guides/pc_14_jun_mg.pdf,[67],1,,0.0,Question 25 T5 The general solution to the equation 1 cos 2 = − θ is: a) 2 3 where I 5 2 3 θ θ π  = + π  ∈  π  = + π  k k k b) 3 where I 5 3 θ θ π  = + π  ∈  π  = + π  k k k c) 2 2 3 where I 2 3 θ θ π  = + π  ∈  4π  = + π  k k k d) 2 3 where I 3 θ θ π  = + π  ∈  4π  = + π 
2014,jun,June 2014,26,T4,/home/max/testgen-suite/ocr-frq/mb-exams/source-pdfs/marking-guides/pc_14_jun_mg.pdf,[67],1,,0.0,"Question 26 T4 If the equation ( ) ( ) sin y b x = + π is represented by the following graph, what is the value of b? a) 2 5 b) 5 2 c) 2 5 π d) 5π −π 1 x π y Pre-Calculus Mathematics: Marking Guide (June 2014) 63"
2014,jun,June 2014,27,R7,/home/max/testgen-suite/ocr-frq/mb-exams/source-pdfs/marking-guides/pc_14_jun_mg.pdf,[68],1,,0.0,Question 27 R7 Which of the following is closest to the value of 2 5 log 40 log 125? + a) 3 b) 8 c) 10 d) 45 
2014,jun,June 2014,28,R12,/home/max/testgen-suite/ocr-frq/mb-exams/source-pdfs/marking-guides/pc_14_jun_mg.pdf,[68],1,,0.0,Question 28 R12 A sheet of paper 12 cm long and 8 cm wide is used to make a box with no lid. Equal squares of side length x cm are cut from each of the corners and the sides are folded up to make the box. Which of the following expresses the volume of the box? a) ( ) ( )( ) V 12 8 x x x x = + + b) (
2014,jun,June 2014,29,R5,/home/max/testgen-suite/ocr-frq/mb-exams/source-pdfs/marking-guides/pc_14_jun_mg.pdf,[68],1,,0.0,"Question 29 R5 Given that the graph of ( ) f x contains the point ( ) 3, 5 , − what point must be on the graph of ( )? f x − a) ( ) 3, 5 − − b) ( ) 3, 5 c) ( ) 3, 5 − d) ( ) 5, 3 − 8 cm x x 12 cm 64 Pre-Calculus Mathematics: Marking Guide (June 2014)"
2014,jun,June 2014,30,T1,/home/max/testgen-suite/ocr-frq/mb-exams/source-pdfs/marking-guides/pc_14_jun_mg.pdf,[70],1,1 mark,1.0,Question 30 T1 Determine one positive and one negative coterminal angle with the angle 5 . 6 π Solution 17 7 and 6 6 π π − Note(s): § Other answers are possible. § Answers in degrees are acceptable. ½ mark for one positive coterminal angle ½ mark for one negative coterminal angle 1 mark 66 Pre-Calcu
2014,jun,June 2014,31,T3,/home/max/testgen-suite/ocr-frq/mb-exams/source-pdfs/marking-guides/pc_14_jun_mg.pdf,[72],1,1 mark,1.0,"Question 31 T3 Evaluate: 11 11 sin sec 3 6 π π          Solution 3 2 1 2 3    − = −        1 mark for 11 sin 3 π (½ mark for quadrant, ½ mark for value) 1 mark for 11 sec 6 π (½ mark for quadrant, ½ mark for value) 2 marks 68 Pre-Calculus Mathematics: Marking Guide (June 2014"
2014,jun,June 2014,32,T5,/home/max/testgen-suite/ocr-frq/mb-exams/source-pdfs/marking-guides/pc_14_jun_mg.pdf,[74],1,1 mark,1.0,"Question 32 T5 Given the equation 2 2sin 3sin 1 0 − + = θ θ , verify that 2 π = θ is a solution. Solution ( ) ( ) 2 2 Left-hand side 2 sin 3 sin 1 2 2 2 1 3 1 1 0 Right-hand side π π     = − +         = − + = = 1 mark for verification 1 mark 70 Pre-Calculus Mathematics: Marking Guide (Ju"
2014,jun,June 2014,33,R8,/home/max/testgen-suite/ocr-frq/mb-exams/source-pdfs/marking-guides/pc_14_jun_mg.pdf,[78],1,1 mark,1.0,"Question 33 R8 Using the laws of logarithms, expand: loga x y z       g Solution log log log a a a x y z + − 1 mark for product rule 1 mark for quotient rule 2 marks 74 Pre-Calculus Mathematics: Marking Guide (June 2014)"
2014,jun,June 2014,34,a) R9; b) R6,/home/max/testgen-suite/ocr-frq/mb-exams/source-pdfs/marking-guides/pc_14_jun_mg.pdf,[80],1,2 marks,2.0,"Question 34 a) R9 b) R6 a) Sketch the graph of ( ) 3 1. = + x f x b) Sketch the graph of ( ) 1 . f x − Solution a) b) ½ mark for increasing exponential function ½ mark for y-intercept at ( ) 0, 2 ½ mark for asymptote at 1 y = ½ mark for consistent point on exponential function 2 marks x y ( ) 0, 2 g"
2014,jun,June 2014,35,R9,/home/max/testgen-suite/ocr-frq/mb-exams/source-pdfs/marking-guides/pc_14_jun_mg.pdf,[84],1,2 marks,2.0,Question 35 R9 Determine the x-intercept and y-intercept of ( ) 2 log 4 1. y x = + − Solution Note(s): § award ½ mark if student substitutes x with 0 to find the y-intercept and y with 0 to find the x-intercept ½ mark for evaluating logarithm ½ mark for consistent value of y ½ mark for exponential f
2014,jun,June 2014,36,T5,/home/max/testgen-suite/ocr-frq/mb-exams/source-pdfs/marking-guides/pc_14_jun_mg.pdf,[88],1,1 mark,1.0,"Question 36 T5 Explain the error that was made when solving the following equation: sin 2 cos = θ θ, where ∈¡ θ Solution The student divided by cosθ instead of factoring out cosθ. or There are two more solutions that come from the equation = θ cos 0. or The student cannot divide both sides by cosθ s"
2014,jun,June 2014,37,R1,/home/max/testgen-suite/ocr-frq/mb-exams/source-pdfs/marking-guides/pc_14_jun_mg.pdf,[90],1,b) 1 mark,1.0,"Question 37 R1 Given ( ) 2 2 3 = − − f x x x and ( ) 1: g x x = + a) Write the equation of ( ) ( ). y f g x = b) Sketch the graph of ( ) ( ). y f g x = Solution a) b) 1 mark for composition 1 mark 1 mark for graph (½ mark for x-intercepts, ½ mark for y-intercept) 1 mark g g g 1 1 y x ( ) ( ) ( ) ( )"
2014,jun,June 2014,38,T2,/home/max/testgen-suite/ocr-frq/mb-exams/source-pdfs/marking-guides/pc_14_jun_mg.pdf,[96],1,1 mark,1.0,"Question 38 T2 Is the point 3 3 , 4 4   −     on the unit circle? Justify your answer. Solution 2 2 2 2 1 3 3 Left-hand side 4 4 9 3 16 16 12 16 12 1 not on unit circle 16 x y + =     = + −         = + = ≠ ∴ ½ mark for substitution ½ mark for justification 1 mark 92 Pre-Calculus Ma"
2014,jun,June 2014,39,T3,/home/max/testgen-suite/ocr-frq/mb-exams/source-pdfs/marking-guides/pc_14_jun_mg.pdf,[98],1,1 mark,1.0,Question 39 T3 Explain why the equation 1 sec 4 = θ has no solution. Solution The value of secθ cannot be between 1 − and 1. or cosθ cannot be greater than 1. 1 mark 94 Pre-Calculus Mathematics: Marking Guide (June 2014)
2014,jun,June 2014,40,T5,/home/max/testgen-suite/ocr-frq/mb-exams/source-pdfs/marking-guides/pc_14_jun_mg.pdf,[100],1,1 mark,1.0,"Question 40 T5 The graph of sin 2 y x = is sketched below. Explain how to use this graph to solve the equation 1 sin 2 2 x = over the interval [ ] 0, 2 . π Solution Draw the line 1 . 2 = y The solution will be the x-values where the two graphs intersect. 1 mark π 1 1 − 2π y x 96 Pre-Calculus Mathema"
2014,jun,June 2014,41,T4,/home/max/testgen-suite/ocr-frq/mb-exams/source-pdfs/marking-guides/pc_14_jun_mg.pdf,[102],1,1 mark,1.0,"Question 41 T4 Sketch the graph of ( ) 4cos 2 y x = − over the interval [ ] , −π π . Solution 1 mark for vertical reflection 1 mark for range 1 mark for period 3 marks −π π 4 − 4 x y g g g 98 Pre-Calculus Mathematics: Marking Guide (June 2014)"
2014,jun,June 2014,42,R12,/home/max/testgen-suite/ocr-frq/mb-exams/source-pdfs/marking-guides/pc_14_jun_mg.pdf,[104],1,2 marks,2.0,Question 42 R12 Write the equation for ( ) f x that satisfies all of the following conditions: • ( ) f x is a polynomial function of degree 4 • ( ) f x has a zero at 2 with a multiplicity of 3 • ( ) f x has a zero at 5 − • ( ) f x has a y-intercept of 80 Solution ( ) ( ) ( ) ( ) ( ) ( )( ) ( ) ( ) (
2014,jun,June 2014,43,T6,/home/max/testgen-suite/ocr-frq/mb-exams/source-pdfs/marking-guides/pc_14_jun_mg.pdf,[106],1,1 mark,1.0,Question 43 T6 Find the exact value of 19 sin . 12 π       Solution Note(s): § Other combinations are possible. 1 mark for combination 2 marks (½ mark for each exact value) 3 marks 10 9 5 3 sin sin 12 12 6 4 19 5 3 5 3 sin sin cos cos sin 12 6 4 6 4 1 2 3 2 2 2 2 2 2 6 4 4 2 6 4 π π π π    
2014,jun,June 2014,44,R10,/home/max/testgen-suite/ocr-frq/mb-exams/source-pdfs/marking-guides/pc_14_jun_mg.pdf,"[110, 111]",2,2 marks,2.0,Question 44 R10 Solve the following equation: ( ) ( ) ( ) 2 2 2 2log 1 log 5 log 1 x x x − − − = + Solution Method 1 ( ) ( ) ( ) 2 2 2 2 2 2 1 log log 1 5 1 1 5 2 1 4 5 2 6 3 x x x x x x x x x x x x − = + − − = + − − + = − − = − = − no solution ∴ Method 2 ( ) ( ) ( ) ( ) ( )( ) ( ) ( )( ) 2 2 2 2 2 
2014,jun,June 2014,45,R12,/home/max/testgen-suite/ocr-frq/mb-exams/source-pdfs/marking-guides/pc_14_jun_mg.pdf,[114],1,1 mark,1.0,"Question 45 R12 Sketch the graph of ( ) ( ) ( ) 2 3 1 2 . f x x x = − + Label the x-intercepts and the y-intercept. Solution x-intercepts: 2, 1 − y-intercept: 8 1 mark for x-intercepts ½ mark for y-intercept 1 mark for multiplicity (½ mark for degree of 2, ½ mark for degree of 3) ½ mark for end beha"
2014,jun,June 2014,46,R13,/home/max/testgen-suite/ocr-frq/mb-exams/source-pdfs/marking-guides/pc_14_jun_mg.pdf,[118],1,1 mark,1.0,Question 46 R13 Sketch the graph of ( ) 3 1 y x = − + . Solution Method 1 Method 2 1 mark for horizontal shift 1 mark for vertical reflection 1 mark for shape (graph of a radical function) 1 mark for horizontal compression 4 marks 1 mark for invariant point where 0 y = and 1 y = (½ mark for each poi
2014,jun,June 2014,47,P2,/home/max/testgen-suite/ocr-frq/mb-exams/source-pdfs/marking-guides/pc_14_jun_mg.pdf,[122],1,1 mark,1.0,Question 47 P2 Solve: 1 2 42 n P − = Solution ( ) ( ) ( )( )( ) ( ) ( )( ) ( )( ) 2 2 1 ! 42 1 2 ! 1 2 3 ! 42 3 ! 1 2 42 3 2 42 3 40 0 8 5 0 8 5 n n n n n n n n n n n n n n n n − = −− − − − = − − − = − + = − − = − + = = = − ½ mark for substitution 1 mark for factorial expansion ½ mark for simplifica
2014,jun,June 2014,48,R14,/home/max/testgen-suite/ocr-frq/mb-exams/source-pdfs/marking-guides/pc_14_jun_mg.pdf,[124],1,1 mark,1.0,Question 48 R14 Sketch the graph of 2 . 2 x y x = + Solution 1 mark for horizontal asymptote at = 2 y 1 mark for vertical asymptote at = −2 x ½ mark for graph left of vertical asymptote ½ mark for graph right of vertical asymptote 3 marks 1 1 y x 120 Pre-Calculus Mathematics: Marking Guide (June 201
2014,jun,June 2014,49,R1,/home/max/testgen-suite/ocr-frq/mb-exams/source-pdfs/marking-guides/pc_14_jun_mg.pdf,[128],1,1 mark,1.0,"Question 49 R1 Given the graphs of ( ) f x and ( ), g x sketch the graph of ( )( ). f g x g Solution 1 mark for operation of multiplication 1 mark for restricted domain 2 marks 1 1 ( ) f x ( )( ) f g x g 1 1 1 1 ( ) g x y y y x x x 124 Pre-Calculus Mathematics: Marking Guide (June 2014)"
2015,jan,January 2015,1,T1,/home/max/testgen-suite/ocr-frq/mb-exams/source-pdfs/marking-guides/pc_15_jan_mg.pdf,[12],1,1 mark,1.0,Question 1 T1 Convert 13 5 π − to degrees. Solution 13 180 5 468 π − × π −   1 mark
2015,jan,January 2015,2,"P2, P3",/home/max/testgen-suite/ocr-frq/mb-exams/source-pdfs/marking-guides/pc_15_jan_mg.pdf,[14],1,1 mark,1.0,"Question 2 P2, P3 a) From a group of 9 people, in how many ways can you select a committee of 4 members? b) From a group of 9 people, in how many ways can you select a president, a vice president, a secretary, and a treasurer? c) Explain why the answers in a) and b) are different. Solution a) 9 4 12"
2015,jan,January 2015,3,R10,/home/max/testgen-suite/ocr-frq/mb-exams/source-pdfs/marking-guides/pc_15_jan_mg.pdf,[18],1,2 marks,2.0,"Question 3 R10 A population of 500 bacteria will triple in 20 hours. Using the formula given below, population after hours initial population rate of growth time in hours rt A Pe A t P r t = = = = = a) Determine the rate of growth, r. b) Determine how many hours it will take for the initial populati"
2015,jan,January 2015,4,T5,/home/max/testgen-suite/ocr-frq/mb-exams/source-pdfs/marking-guides/pc_15_jan_mg.pdf,[22],1,b) 1 mark,1.0,Question 4 T5 Talla incorrectly solved the following trigonometric equation: Solve: 2sec 5 0; 0 360 x x − = ≤ ≤  . Talla’s work: a) Explain her error. b) Determine the correct solution. Solution a) Talla incorrectly stated that sec cannot be greater than 1. x The value of cos x cannot be greater t
2015,jan,January 2015,5,P4,/home/max/testgen-suite/ocr-frq/mb-exams/source-pdfs/marking-guides/pc_15_jan_mg.pdf,[26],1,2 marks,2.0,"Question 5 P4 Simplify the 6th term in the expansion of: 10 2 3 2x x   −     Solution ( ) ( ) 5 5 2 6 10 5 5 10 5 3 2 243 252 32 1 959 552 t C x x x x x−   = −       = −     = − 2 marks (1 mark for 10 5 C , ½ mark for each consistent factor) 1 mark for simplification (½ mark for co"
2015,jan,January 2015,6,T1,/home/max/testgen-suite/ocr-frq/mb-exams/source-pdfs/marking-guides/pc_15_jan_mg.pdf,[28],1,1 mark,1.0,Question 6 T1 Determine the arc length subtended by a central angle if the diameter is 19 cm and the central angle is 1.6 radians. Solution ( )( ) 1.6 9.5 15.2 cm s r s s θ = = = 1 mark
2015,jan,January 2015,7,"T3, T5",/home/max/testgen-suite/ocr-frq/mb-exams/source-pdfs/marking-guides/pc_15_jan_mg.pdf,[30],1,1 mark,1.0,"Question 7 T3, T5 Solve the following equation algebraically for x, where 0 2 x ≤ ≤ π. 2 2cos 3sin x x = − Solution ( ) ( )( ) 2 2 2 2 1 sin 3sin 2 2sin 3sin 0 2sin 3sin 2 0 2sin 1 sin 2 1 sin sin 2 2 x x x x x x x x x x − = − − = − = − − = + − = − = No Solution 7 6 11 6 x x π = π = 1 mark for ident"
2015,jan,January 2015,8,P2,/home/max/testgen-suite/ocr-frq/mb-exams/source-pdfs/marking-guides/pc_15_jan_mg.pdf,[34],1,1 mark,1.0,Question 8 P2 In how many different ways can you arrange the letters in the word VOLLEYBALL? State your answer as a factorial. Solution 10! 4! Note(s):  award full marks for 151 200 1 mark
2015,jan,January 2015,9,R11,/home/max/testgen-suite/ocr-frq/mb-exams/source-pdfs/marking-guides/pc_15_jan_mg.pdf,[36],1,1 mark,1.0,"Question 9 R11 Is ( ) 2 x − a factor of the polynomial ( ) 4 3 2 3 11 3 10? p x x x x x = − − + + − Justify your response. Solution Method 1 ( ) ( ) ( ) ( ) ( ) ( ) 4 3 2 2 2 3 2 11 2 3 2 10 16 24 44 6 10 0 The remainder is zero, so 2 is a factor. p x = − − + + − = − − + + − = − Method 2 2 1 3 11 3 "
2015,jan,January 2015,10,T4,/home/max/testgen-suite/ocr-frq/mb-exams/source-pdfs/marking-guides/pc_15_jan_mg.pdf,[38],1,1 mark,1.0,Question 10 T4 Determine the period of the sinusoidal function 1 1 sin 2 3 y x   =    . State your answer in radians. Solution 2 b 2 1 3 6 or 18.850 p p p p π = π = = π = ½ mark for correct value of b ½ mark for period consistent with b 1 mark
2015,jan,January 2015,11,R1,/home/max/testgen-suite/ocr-frq/mb-exams/source-pdfs/marking-guides/pc_15_jan_mg.pdf,[40],1,1 mark,1.0,"Question 11 R1 The domain of ( ) f x is 2. x ≤ The domain of ( ) g x is 7. x ≥− State the domain of ( ) ( ). f x g x + Justify your answer. Solution Both ( ) f x and ( ) g x have restricted domains, so both domains need to be considered. The solution is the intersection of the two domains. { } [ ] ,"
2015,jan,January 2015,12,T6,/home/max/testgen-suite/ocr-frq/mb-exams/source-pdfs/marking-guides/pc_15_jan_mg.pdf,"[42, 43]",2,1 mark,1.0,Question 12 T6 Prove the identity below for all permissible values of θ . 2 1 cot csc 1 cos sin θ θ θ θ = − + Solution Method 1 Left-Hand Side Right-Hand Side 1 mark for correct substitution of identities 1 mark for algebraic strategies 1 mark for logical process to prove an identity 3 marks ( )( ) 
2015,jan,January 2015,13,R12,/home/max/testgen-suite/ocr-frq/mb-exams/source-pdfs/marking-guides/pc_15_jan_mg.pdf,[48],1,1 mark,1.0,"Question 13 R12 Explain how the end behaviours of the graphs of polynomial functions with an even degree and with an odd degree are different. Solution When the degree is odd, the end behaviour is in opposite directions. When the degree is even, the end behaviour is in the same direction. 1 mark"
2015,jan,January 2015,14,R1,/home/max/testgen-suite/ocr-frq/mb-exams/source-pdfs/marking-guides/pc_15_jan_mg.pdf,[50],1,1 mark,1.0,"Question 14 R1 Given the graphs of ( ) f x and ( ) g x , sketch the graph of ( ) ( ) g x f x − . ( ) f x ( ) g x Solution ( ) ( ) ( )( ) 4 4 1 5 2 6 2 4 0 4 5 1 2 4 8 4 x g x f x g f x − − − − − − 1 mark for subtraction of ( ) ( ) g x f x − 1 mark for restricting domain on graph 2 marks x x y 1 1 1 "
2015,jan,January 2015,15,R6,/home/max/testgen-suite/ocr-frq/mb-exams/source-pdfs/marking-guides/pc_15_jan_mg.pdf,[54],1,1 mark,1.0,"Question 15 R6 Given ( ) 3 7 f x x = − + , evaluate ( ) 1 2 . f − − Solution ( ) ( ) ( ) ( ) ( ) 1 1 1 Let 3 7 3 7 3 7 7 3 7 3 7 3 2 7 2 3 2 3 y f x f x x y x x y x y x y x f x f f − − − = = − + = − + = − + − = − − = − − = − −− − = − − = 1 mark for switching x and y ½ mark for ( ) 1 f x − ½ mark for"
2015,jan,January 2015,16,P4,/home/max/testgen-suite/ocr-frq/mb-exams/source-pdfs/marking-guides/pc_15_jan_mg.pdf,[59],1,,0.0,Question 16 P4 How many terms are there in the expansion of ( ) 10 12 3 ? x + a) 9 b) 10 c) 11 d) 12 
2015,jan,January 2015,17,T1,/home/max/testgen-suite/ocr-frq/mb-exams/source-pdfs/marking-guides/pc_15_jan_mg.pdf,[59],1,,0.0,Question 17 T1 A co-terminal angle for 11 3 π = θ in the domain 2 0 θ −π ≤ ≤ would be: a) 5 3 π − b) 3 π − c) 3 π d) 5 3 π 
2015,jan,January 2015,18,R9,/home/max/testgen-suite/ocr-frq/mb-exams/source-pdfs/marking-guides/pc_15_jan_mg.pdf,[59],1,,0.0,Question 18 R9 The x-intercept of the graph of 3 1 x y = − is: a) 1 − b) 0 c) 1 d) 2
2015,jan,January 2015,19,P3,/home/max/testgen-suite/ocr-frq/mb-exams/source-pdfs/marking-guides/pc_15_jan_mg.pdf,[60],1,,0.0,"Question 19 P3 If 5 3 n n C C = , the value of n must be: a) 3 b) 5 c) 8 d) 15 "
2015,jan,January 2015,20,R13,/home/max/testgen-suite/ocr-frq/mb-exams/source-pdfs/marking-guides/pc_15_jan_mg.pdf,[60],1,,0.0,"Question 20 R13 What is the domain of the function ( ) ( )1 ? f x x = − + a) { } , 1 x x x ∈ ≠−  b) { } , 1 x x x ∈ ≥−  c) { } , 1 x x x ∈ ≤−  d) { } x x ∈ "
2015,jan,January 2015,21,T6,/home/max/testgen-suite/ocr-frq/mb-exams/source-pdfs/marking-guides/pc_15_jan_mg.pdf,[60],1,,0.0,Question 21 T6 Identify a non-permissible value of x for the expression 1 cos 2x . a) 0 b) 4 π c) 2 π d) π
2015,jan,January 2015,22,R8,/home/max/testgen-suite/ocr-frq/mb-exams/source-pdfs/marking-guides/pc_15_jan_mg.pdf,[61],1,,0.0,Question 22 R8 The expression 1 2log log 3 x y − as a single logarithm is: a) 2 3 log x y b) 2 log 3 x y c) 2 3 log x y − d) ( ) 2 3 log x y − 
2015,jan,January 2015,23,T2,/home/max/testgen-suite/ocr-frq/mb-exams/source-pdfs/marking-guides/pc_15_jan_mg.pdf,[61],1,,0.0,"Question 23 T2 The point ( ) P θ lies on the unit circle. What are the coordinates of the point if 300 ? θ =  a) 1 3 , 2 2       b) 1 3 , 2 2   −     c) 3 1 , 2 2   −     d) 1 3 , 2 2   −    "
2015,jan,January 2015,24,R12,/home/max/testgen-suite/ocr-frq/mb-exams/source-pdfs/marking-guides/pc_15_jan_mg.pdf,[62],1,,0.0,Question 24 R12 What is the degree of the polynomial function represented by the graph below? a) 2 b) 3 c) 4 d) 5 
2015,jan,January 2015,25,R5,/home/max/testgen-suite/ocr-frq/mb-exams/source-pdfs/marking-guides/pc_15_jan_mg.pdf,[62],1,,0.0,"Question 25 R5 When the point ( ) 4, 3 − − is reflected over the line y x = , the coordinates of the new point are: a) ( ) 3, 4 − − b) ( ) 3, 4 c) ( ) 4, 3 − d) ( ) 4, 3 − y x"
2015,jan,January 2015,26,"R4, R9",/home/max/testgen-suite/ocr-frq/mb-exams/source-pdfs/marking-guides/pc_15_jan_mg.pdf,[64],1,a) 1 mark,1.0,"Question 26 R4, R9 Sketch the graphs of: a) 1 4 x y   =     b) 1 2 4 x y   =     Solution a) b) ½ mark for decreasing exponential function ½ mark for y-intercept ( ) 0, 1 ½ mark for consistent point of an exponential function ½ mark for horizontal asymptote at 0 y = 2 marks 1 mark for a "
2015,jan,January 2015,27,R11,/home/max/testgen-suite/ocr-frq/mb-exams/source-pdfs/marking-guides/pc_15_jan_mg.pdf,[68],1,1 mark,1.0,"Question 27 R11 Determine all of the zeroes of the function ( ) 3 2 5 2 24, p x x x x = − − + given one of the factors of ( ) p x is ( ) 3 . x − Solution ( )( ) 3 2 2 0 5 2 24 3 1 5 2 24 3 6 24 1 2 8 0 2 8 0 4 2 0 zeroes: 3, 4, 2 x x x x x x x = − − + − − ↓ − − − − − − = − + = − ½ mark for 3 x = 1 m"
2015,jan,January 2015,28,R13,/home/max/testgen-suite/ocr-frq/mb-exams/source-pdfs/marking-guides/pc_15_jan_mg.pdf,[70],1,1 mark,1.0,"Question 28 R13 Given the graph of ( ) f x , sketch the graph of ( ) y f x = . Solution y x 1 1 1 mark for restricting domain ½ mark for shape between invariant points ½ mark for shape to the right of the invariant points 2 marks   y x 1 1"
2015,jan,January 2015,29,T4,/home/max/testgen-suite/ocr-frq/mb-exams/source-pdfs/marking-guides/pc_15_jan_mg.pdf,[72],1,1 mark,1.0,Question 29 T4 Sketch the graph of at least one period of the function ( ) 2sin 4 y x = − . Solution 1 mark for amplitude 1 mark for period 1 mark for reflection in the x-axis 3 marks 2 π − 1 1 − 2 2 − y x 4 π − 4 π 2 π
2015,jan,January 2015,30,R8,/home/max/testgen-suite/ocr-frq/mb-exams/source-pdfs/marking-guides/pc_15_jan_mg.pdf,[76],1,1 mark,1.0,Question 30 R8 Evaluate: 3 3 3 1 log 144 log 4 2log 3 2 − + Solution ( ) ( ) 1 2 2 3 3 3 3 3 3 3 3 log 144 log 4 log 3 log 12 log 4 log 9 12 9 log 4 log 27 3 − + − +        1 mark for power rule ½ mark for product rule ½ mark for quotient rule 1 mark for evaluating a logarithm 3 marks
2015,jan,January 2015,31,R14,/home/max/testgen-suite/ocr-frq/mb-exams/source-pdfs/marking-guides/pc_15_jan_mg.pdf,[80],1,2 marks,2.0,Question 31 R14 Match each function with its correct description. a) The graph of this function has a vertical asymptote at 1 x = −. b) The graph of this function has a point of discontinuity (hole) at 3 x = . c) The graph of this function has a horizontal asymptote at 4 y = . d) The domain of this 
2015,jan,January 2015,32,R3,/home/max/testgen-suite/ocr-frq/mb-exams/source-pdfs/marking-guides/pc_15_jan_mg.pdf,[82],1,1 mark,1.0,"Question 32 R3 The point ( ) 3, 4 − is on the graph of ( ) 1 3 2 y f x = . State the coordinates of the corresponding point on the graph of ( ) y f x = . Solution ( ) 9, 8 − ½ mark for each coordinate 1 mark"
2015,jan,January 2015,33,R12,/home/max/testgen-suite/ocr-frq/mb-exams/source-pdfs/marking-guides/pc_15_jan_mg.pdf,[84],1,1 mark,1.0,Question 33 R12 Sketch the graph of ( )( )( ) 2 1 3 1 y x x x = − − − + . Solution 1 mark for x-intercepts 1 mark for y-intercept 1 mark for end behaviour 3 marks 1 − 1 y x 3 6 −
2015,jan,January 2015,34,T6,/home/max/testgen-suite/ocr-frq/mb-exams/source-pdfs/marking-guides/pc_15_jan_mg.pdf,[88],1,1 mark,1.0,Question 34 T6 a) Verify that the equation 2 1 sin sin 2 cos 2sin x x x x − = is true for 3 x π = . b) Explain why verifying the equation for 3 x π = is insufficient to conclude that the equation is an identity. Solution a) b) Proving that it is true for one value does not mean that it is true for a
2015,jan,January 2015,35,P3,/home/max/testgen-suite/ocr-frq/mb-exams/source-pdfs/marking-guides/pc_15_jan_mg.pdf,[92],1,1 mark,1.0,Question 35 P3 Evaluate: 7 2 7 5 P P Solution ( ) ( ) 7! 7 2 ! 7! 7 5 ! 7! 5! 7! 2! 2! 5! 2 1 5 4 3 2 1 1 60 − − × × × × × ½ mark for substitution ½ mark for simplification 1 mark for expanding factorials 2 marks
2015,jan,January 2015,36,R4,/home/max/testgen-suite/ocr-frq/mb-exams/source-pdfs/marking-guides/pc_15_jan_mg.pdf,[94],1,1 mark,1.0,Question 36 R4 Use the graph of ( ) y f x = to sketch the graph of ( ) 3 1 y f x = + . Solution 1 mark for horizontal compression 1 mark for vertical translation 2 marks 1 1 y x 1 1 y x ( ) y f x =
2015,jan,January 2015,37,R10,/home/max/testgen-suite/ocr-frq/mb-exams/source-pdfs/marking-guides/pc_15_jan_mg.pdf,[98],1,1 mark,1.0,Question 37 R10 Solve the following equation: ( ) 4 4 4 log 2 log 3 log x x + + = Solution Method 1 ( ) ( ) ( ) 4 4 4 4 4 log 2 log 3 log log 2 3 log 3 2 3 6 3 No solution x x x x x x x x x + + =  + =   + = + = = − Method 2 ( ) ( ) ( ) 4 4 4 4 4 4 4 0 log 2 log 3 log log 2 log 3 log 0 3 2 log 0 
2015,jan,January 2015,38,R14,/home/max/testgen-suite/ocr-frq/mb-exams/source-pdfs/marking-guides/pc_15_jan_mg.pdf,[102],1,1 mark,1.0,"Question 38 R14 Determine the coordinates of the point of discontinuity (hole) for the graph of the function ( )( ) ( ) 2 3 2 x x y x − − = − . Solution ( ) ( ) ( ) 2 3 2 3 1 2, 1 x y x y y ≠ = − − = − − = 1 mark for point of discontinuity (hole) at ( ) 2, 1 (½ mark for 2 x = , ½ mark for consistent"
2015,jan,January 2015,39,T3,/home/max/testgen-suite/ocr-frq/mb-exams/source-pdfs/marking-guides/pc_15_jan_mg.pdf,[104],1,1 mark,1.0,"Question 39 T3 Evaluate and simplify 5 sec tan 6 6 π π     −          . Solution 2 1 3 3 2 3     − −          1 mark for sec 6 5π       (½ mark for value, ½ mark for quadrant) 1 mark for tan 6 π   −     (½ mark for value, ½ mark for quadrant) 2 marks"
2015,jan,January 2015,40,R13,/home/max/testgen-suite/ocr-frq/mb-exams/source-pdfs/marking-guides/pc_15_jan_mg.pdf,[108],1,1 mark,1.0,Question 40 R13 Sketch the graph of the following function: 2 3 y x = − − Solution Method 1 Method 2 1 mark for shape (graph of a radical function) 1 mark for vertical reflection 1 mark for horizontal shift 1 mark for vertical stretch 4 marks 1 mark for invariant points where 0 y = and 1 y = (½ mark
2015,jan,January 2015,41,R14,/home/max/testgen-suite/ocr-frq/mb-exams/source-pdfs/marking-guides/pc_15_jan_mg.pdf,[112],1,1 mark,1.0,"Question 41 R14 Sketch the graph of ( ) 2 3. 2 x f x x + = + Solution 1 mark for vertical asymptote 1 mark for horizontal asymptote ½ mark for graph left of the vertical asymptote ½ mark for graph right of the vertical asymptote 3 marks ( ) 3, 3 − ( ) 1, 1 − y x   "
2015,jan,January 2015,42,R1,/home/max/testgen-suite/ocr-frq/mb-exams/source-pdfs/marking-guides/pc_15_jan_mg.pdf,[116],1,1 mark,1.0,"Question 42 R1 a) Given the functions ( ) 4 f x x = + and ( ) 3 6 g x x = − , evaluate ( ) ( ) 5 f g − . b) Is it possible to evaluate ( ) ( ) 5 g f − ? Justify your answer. Solution a) b) No, because ( ) f x is undefined when 5 x = − ( ) 5 f − is undefined because you cannot evaluate the square roo"
2015,jan,January 2015,43,R7,/home/max/testgen-suite/ocr-frq/mb-exams/source-pdfs/marking-guides/pc_15_jan_mg.pdf,[120],1,1 mark,1.0,Question 43 R7 Identify which of these values is greater. Justify your answer. 5 3 log 80 or log 30 Solution 2 3 3 4 5 25 5 125 3 27 3 81 = = = = 3 log 30 is greater ∴ 1 mark for justification 1 mark 5 log 80 is less than 3 3 log 30 is more than 3
2015,jan,January 2015,44,"T3, T6",/home/max/testgen-suite/ocr-frq/mb-exams/source-pdfs/marking-guides/pc_15_jan_mg.pdf,[124],1,1 mark,1.0,"Question 44 T3, T6 Given 3 cos , 5 = α where α is in quadrant IV, and 2 cos , 3 β = − where β is in quadrant II, determine the exact value of ( ) sin α β − . Solution ( ) sin sin cos cos sin 4 2 3 5 5 3 5 3 8 3 5 15 α β α β α β − = −       = − − −           − = ½ mark for val"
2015,jan,January 2015,45,P1,/home/max/testgen-suite/ocr-frq/mb-exams/source-pdfs/marking-guides/pc_15_jan_mg.pdf,[128],1,1 mark,1.0,Question 45 P1 Determine the number of possible sandwiches from the following menu. MENU Select one item from each column: Bread White Rye Brown Sauce Mayo Mustard Meat Turkey Ham Roast Beef Chicken Vegetable Tomato Onion Lettuce Solution 3 2 4 3 72 sandwiches × × × 1 mark
2015,jun,June 2015,1,T1,/home/max/testgen-suite/ocr-frq/mb-exams/source-pdfs/marking-guides/pc_15_jun_mg.pdf,[12],1,1 mark,1.0,"Question 1 T1 Use the information in the diagram to determine the value of the arc length “ s ”, given the central angle of 56. Solution ( ) 56 180 56 or 180 45 3m 45 14 m or 2.932m 15 s r s s θ θ θ π = × π 14π = = 14π   =     π =   1 mark for conversion 1 mark for substitution 2 marks 56 "
2015,jun,June 2015,2,T5,/home/max/testgen-suite/ocr-frq/mb-exams/source-pdfs/marking-guides/pc_15_jun_mg.pdf,[14],1,1 mark,1.0,"Question 2 T5 Solve 2 tan 5tan 4 0 − + = θ θ where ∈ θ . Solution Method 1 ( )( ) tan 1 tan 4 0 tan 1 tan 4 1.3258 5 , 1.326, 4.467 4 4 0.785, 3.927 2 4 1.326 2 where I 5 4 4.467 2 r k k k k k θ θ θ θ θ θ θ θ θ − − = = = = π π = = = π  = + π   = + π  ∈  π  = + 2 π   = + π Method 2 ( )( ) t"
2015,jun,June 2015,3,"R8, R10",/home/max/testgen-suite/ocr-frq/mb-exams/source-pdfs/marking-guides/pc_15_jun_mg.pdf,[18],1,1 mark,1.0,"Question 3 R8, R10 Solve: ( ) 3 5 2 3 5 x x − = Solution ( ) ( ) ( ) 3 5 log 2 log 3 5 5 log 2 log3 3 log5 5 log 2 log3 log5 3log5 5 log 2 log5 log3 3log5 5log 2 log5 log3 3log5 log3 3log5 5log 2 log5 2.009 x x x x x x x x x x x −   =   = + − = + − − = − − = − − = − = − ½ mark for applying logar"
2015,jun,June 2015,4,P3,/home/max/testgen-suite/ocr-frq/mb-exams/source-pdfs/marking-guides/pc_15_jun_mg.pdf,[22],1,1 mark,1.0,Question 4 P3 David and Sarah are in a class of 10 boys and 8 girls. A committee of 3 boys and 2 girls is to be selected from the students in this class. Determine the number of possible committees if David and Sarah cannot be on the same committee. Solution Method 1 10 3 8 2 9 2 7 1 All: 3360 Both:
2015,jun,June 2015,5,P4,/home/max/testgen-suite/ocr-frq/mb-exams/source-pdfs/marking-guides/pc_15_jun_mg.pdf,[26],1,2 marks,2.0,"Question 5 P4 In the binomial expansion of 10 5 2 3 x x   −     , simplify the 7th term. Solution ( ) ( ) 4 6 5 2 7 10 6 30 8 7 22 7 3 81 210 17 010 t C x x t x x t x   = −       =     = 2 marks (1 mark for 10 6 C , ½ mark for each consistent factor) 1 mark for simplification (½ ma"
2015,jun,June 2015,6,R10,/home/max/testgen-suite/ocr-frq/mb-exams/source-pdfs/marking-guides/pc_15_jun_mg.pdf,[30],1,1 mark,1.0,Question 6 R10 A lake affected by acid rain has a pH of 4.4. A person suffering from heartburn has a stomach acid pH of 1.2. The pH of a solution is defined as pH log H+   = −   where H+     is the hydrogen ion concentration. How many times greater is the hydrogen ion concentration of the st
2015,jun,June 2015,7,T5,/home/max/testgen-suite/ocr-frq/mb-exams/source-pdfs/marking-guides/pc_15_jun_mg.pdf,[34],1,1 mark,1.0,"Question 7 T5 Solve the following equation algebraically over the interval [ ] 0, 2π . cos 2 3sin 2 0 θ θ − − = Solution ( ) ( )( ) 2 2 2 1 2sin 3sin 2 0 2sin 3sin 1 0 2sin 3sin 1 0 2sin 1 sin 1 0 1 sin sin 1 2 7 11 3 , 6 6 2 − − − = − − − = + + = + + = = − = − π π π = = θ θ θ θ θ θ θ θ θ θ θ θ 1 ma"
2015,jun,June 2015,8,R12,/home/max/testgen-suite/ocr-frq/mb-exams/source-pdfs/marking-guides/pc_15_jun_mg.pdf,[36],1,1 mark,1.0,"Question 8 R12 Explain how the value of n affects the behaviour of the graph of the polynomial function ( ) ( )( ) 3 1 n p x x x = + − , as ( ) p x approaches the x-intercept at 1 x = . Solution If n is even, the graph will turn at the x-axis at 1 x = . If n is odd, the graph will cross the x-axis a"
2015,jun,June 2015,9,T1,/home/max/testgen-suite/ocr-frq/mb-exams/source-pdfs/marking-guides/pc_15_jun_mg.pdf,[38],1,1 mark,1.0,"Question 9 T1 Sketch the angle 320 −  in standard position. Solution Note(s):  If directional arrow is not indicated, it is a communication error, E1 (final answer not stated). 1 mark for angle drawn in quadrant I 1 mark 34 Pre-Calculus Mathematics: Marking Guide (June 2015)"
2015,jun,June 2015,10,R5,/home/max/testgen-suite/ocr-frq/mb-exams/source-pdfs/marking-guides/pc_15_jun_mg.pdf,[40],1,1 mark,1.0,"Question 10 R5 Given the graph of ( ) y f x = , explain how to graph ( ) y f x = − . Solution Multiply the x-coordinates by 1 −. or Reflect the graph over the y-axis. 1 mark ( ) f x x y 1 1 36 Pre-Calculus Mathematics: Marking Guide (June 2015)"
2015,jun,June 2015,11,R14,/home/max/testgen-suite/ocr-frq/mb-exams/source-pdfs/marking-guides/pc_15_jun_mg.pdf,[42],1,1 mark,1.0,Question 11 R14 Explain how the graph of ( ) ( ) 3 1 1 x y x − = − is different than the graph of 3 y = . Solution There is a point of discontinuity (hole) when 1 x = on the graph of ( ) ( ) 3 1 1 x y x − = − . 1 mark 38 Pre-Calculus Mathematics: Marking Guide (June 2015)
2015,jun,June 2015,12,R3,/home/max/testgen-suite/ocr-frq/mb-exams/source-pdfs/marking-guides/pc_15_jun_mg.pdf,[44],1,1 mark,1.0,"Question 12 R3 Given the graph of ( ) f x , sketch the graph of ( ) ( ) 2 3 g x f x = . Solution 1 mark for horizontal stretch/compression 1 mark for vertical stretch 2 marks y x ( ) 2, 2 ( ) 1, 4 − ( ) 1, 2 − − ( ) g x y x ( ) 6, 1 ( ) 3, 2 − ( ) 3, 1 − − ( ) f x 1 1 1 1 40 Pre-Calculus Mathematics"
2015,jun,June 2015,13,R13,/home/max/testgen-suite/ocr-frq/mb-exams/source-pdfs/marking-guides/pc_15_jun_mg.pdf,[46],1,1 mark,1.0,Question 13 R13 Determine the equation of the radical function represented by the graph. Solution ( ) 2 1 2 4 1 2 y x y x = − − = − − or 1 mark for vertical stretch 1 mark for horizontal translation 1 mark for vertical translation 3 marks y x 1 1  1 mark for horizontal compression 1 mark for horizo
2015,jun,June 2015,14,P1,/home/max/testgen-suite/ocr-frq/mb-exams/source-pdfs/marking-guides/pc_15_jun_mg.pdf,[51],1,,0.0,"Question 14 P1 There are 2 types of pencils, 3 colours of highlighters, and 5 styles of pens. If you must select one of each to form a set, how many different sets of writing instruments are possible? a) 10 b) 11 c) 25 d) 30 "
2015,jun,June 2015,15,T2,/home/max/testgen-suite/ocr-frq/mb-exams/source-pdfs/marking-guides/pc_15_jun_mg.pdf,[51],1,,0.0,"Question 15 T2 The point ( ) P θ lies on the unit circle. What are the coordinates of the point P if 120 θ = ? a) 1 3 , 2 2   −     b) 3 1 , 2 2   − −     c) 3 1 , 2 2   −     d) 1 3 , 2 2       Pre-Calculus Mathematics: Marking Guide (June 2015) 47"
2015,jun,June 2015,16,R13,/home/max/testgen-suite/ocr-frq/mb-exams/source-pdfs/marking-guides/pc_15_jun_mg.pdf,[52],1,,0.0,Question 16 R13 Identify the function that has a domain of { } 7 x x ≥ and a range of { } 0 y y ≥ . a) ( ) 7 f x x = + b) ( ) 7 f x x = − c) ( ) 7 f x x = + d) ( ) 7 f x x = − 
2015,jun,June 2015,17,T4,/home/max/testgen-suite/ocr-frq/mb-exams/source-pdfs/marking-guides/pc_15_jun_mg.pdf,[52],1,,0.0,"Question 17 T4 Using ( ) 10cos B C D y x = −  − +   , the value of C that corresponds to the following graph is: a) 5 b) 10 c) 15 d) 20   10 20 20 y x 48 Pre-Calculus Mathematics: Marking Guide (June 2015)"
2015,jun,June 2015,18,P4,/home/max/testgen-suite/ocr-frq/mb-exams/source-pdfs/marking-guides/pc_15_jun_mg.pdf,[53],1,,0.0,"Question 18 P4 Given the following row of Pascal’s Triangle, identify the binomial expansion with these coefficients. 1 5 10 10 5 1 a) ( )4 x y + b) ( )5 x y + c) ( )6 x y + d) ( )7 x y + "
2015,jun,June 2015,19,R12,/home/max/testgen-suite/ocr-frq/mb-exams/source-pdfs/marking-guides/pc_15_jun_mg.pdf,[53],1,,0.0,Question 19 R12 Identify the graph of the function ( ) ( )( ) ( ) 2 2 1 1 f x x x x = − − − + . a) b) c) d) Pre-Calculus Mathematics: Marking Guide (June 2015) 49
2015,jun,June 2015,20,R7,/home/max/testgen-suite/ocr-frq/mb-exams/source-pdfs/marking-guides/pc_15_jun_mg.pdf,[54],1,,0.0,Question 20 R7 Determine the value of ( ) 9 3 log log 27 . a) 1 3 b) 1 2 c) 2 d) 3 
2015,jun,June 2015,21,R4,/home/max/testgen-suite/ocr-frq/mb-exams/source-pdfs/marking-guides/pc_15_jun_mg.pdf,[54],1,,0.0,"Question 21 R4 If ( ) ,x y is a point on the graph of ( ) y f x = , identify the coordinates of this point on the graph of ( ) ( ) 2 5 g x f x = + . a) , 5 2 x y   +     b) ( ) 2 , 5 x y + c) , 5 2 x y   −     d) 5, 2 x y   −     "
2015,jun,June 2015,22,"R7, R8",/home/max/testgen-suite/ocr-frq/mb-exams/source-pdfs/marking-guides/pc_15_jun_mg.pdf,[54],1,,0.0,"Question 22 R7, R8 Identify an equivalent expression for 2 1 log 5 + a) 2 log 5 b) 2 log 7 c) 2 log 10 d) 2 log 11 50 Pre-Calculus Mathematics: Marking Guide (June 2015)"
2015,jun,June 2015,23,R10,/home/max/testgen-suite/ocr-frq/mb-exams/source-pdfs/marking-guides/pc_15_jun_mg.pdf,[56],1,1 mark,1.0,Question 23 R10 Solve: ( ) 4 4 2log log 3 1 x x − + = Solution ( ) ( )( ) 4 4 2 4 2 1 2 2 2log log 3 1 log 1 3 4 3 4 12 4 12 0 6 2 0 6 2 x x x x x x x x x x x x x x − + =   =   +   = + + = − − = − + = = = − 1 mark for power rule 1 mark for quotient rule 1 mark for exponential form ½ mark for s
2015,jun,June 2015,24,"R2, R5",/home/max/testgen-suite/ocr-frq/mb-exams/source-pdfs/marking-guides/pc_15_jun_mg.pdf,[60],1,1 mark,1.0,"Question 24 R2, R5 The following transformations are applied to ( ) f x , resulting in a new function, ( ) g x . • reflection over the y-axis • horizontal translation of 3 units to the right • vertical translation of 4 units down Write the equation of ( ) g x in terms of ( ) f x . Solution ( ) ( ) ("
2015,jun,June 2015,25,T4,/home/max/testgen-suite/ocr-frq/mb-exams/source-pdfs/marking-guides/pc_15_jun_mg.pdf,[62],1,1 mark,1.0,"Question 25 T4 The height of a bicycle pedal as the bicycle is moving at a constant speed can be represented by the following function: where h is the height of the pedal above the ground, in cm, and t is the time, in seconds. a) Sketch a graph of at least one period of this function, where 0 t ≥ . "
2015,jun,June 2015,26,R14,/home/max/testgen-suite/ocr-frq/mb-exams/source-pdfs/marking-guides/pc_15_jun_mg.pdf,[66],1,1 mark,1.0,"Question 26 R14 Sketch the graph of the function ( ) f x and determine the y-intercept. ( ) ( )( ) 4 2 2 f x x x = − + Solution y-intercept: 1 mark for vertical asymptotes (½ mark for 2 x = , ½ mark for 2 x = −) 1 mark for horizontal asymptote at 0 y = 1½ marks for shape (½ mark for shape in each se"
2015,jun,June 2015,27,R10,/home/max/testgen-suite/ocr-frq/mb-exams/source-pdfs/marking-guides/pc_15_jun_mg.pdf,[70],1,1 mark,1.0,Question 27 R10 Kim solved the following logarithmic equation: ( ) 2 2 log log 4 3 4 3 3 12 4 12 3 x x x x x x x x   − = −     − = − − = − − = − = Explain why 3 x = is an extraneous solution. Solution 3 x = is an extraneous solution because the argument in a logarithmic equation cannot be nega
2015,jun,June 2015,28,R12,/home/max/testgen-suite/ocr-frq/mb-exams/source-pdfs/marking-guides/pc_15_jun_mg.pdf,[72],1,1 mark,1.0,Question 28 R12 Determine the equation of the polynomial function represented by the graph. Solution ( ) ( ) ( ) ( )( ) ( ) 2 2 2 ( 2) ( 3) 24 0 2 0 3 24 4 3 24 12 2 2( 2) ( 3) p x a x x a a a a p x x x = − + = − + = = = = − + 1 mark for x-intercepts (½ mark for each) 1 mark for multiplicity at 2 x 
2015,jun,June 2015,29,T1,/home/max/testgen-suite/ocr-frq/mb-exams/source-pdfs/marking-guides/pc_15_jun_mg.pdf,[74],1,1 mark,1.0,"Question 29 T1 Determine the coterminal angles with 2 3 π over the interval [ ] 2 , 4 −π π . Solution 4 8 , 3 3 π π − 1 mark (½ mark for each coterminal angle) 1 mark 70 Pre-Calculus Mathematics: Marking Guide (June 2015)"
2015,jun,June 2015,30,R13,/home/max/testgen-suite/ocr-frq/mb-exams/source-pdfs/marking-guides/pc_15_jun_mg.pdf,[76],1,1 mark,1.0,"Question 30 R13 a) Solve the following equation: 0 4 8 2 x = − − b) Explain how your answer in a) is related to the graph of 4 8 2 y x = − − . Solution a) b) The answer in a) is the x-intercept of the graph. Note(s):  2 x ≥ does not need to be shown. 1 mark 1 mark 4 4 8 12 4 3, 2 x x x x = − = = ≥ "
2015,jun,June 2015,31,"T3, T6",/home/max/testgen-suite/ocr-frq/mb-exams/source-pdfs/marking-guides/pc_15_jun_mg.pdf,[80],1,1 mark,1.0,"Question 31 T3, T6 Determine the exact value of 13 sin 12 π . Solution 13 3 sin sin 12 4 3 3 3 sin cos cos sin 4 3 4 3 2 1 2 3 2 2 2 2 2 6 4 π π π   = +     π π π π       = +                    = + −               − = Note(s):  Other combination"
2015,jun,June 2015,32,R1,/home/max/testgen-suite/ocr-frq/mb-exams/source-pdfs/marking-guides/pc_15_jun_mg.pdf,[82],1,1 mark,1.0,Question 32 R1 Given the functions ( ) 2 f x x = + and ( ) 1 5 g x x = − : a) Determine the equation of the composite function ( ) ( ) f g x and its domain. b) Determine the x-intercept and y-intercept of ( ) ( ) f g x . Solution a) b) x-intercept: y-intercept: ( ) ( ) ( ) ( ) { } 1 2 5 or 2 9 5 dom
2015,jun,June 2015,33,"R9, R6",/home/max/testgen-suite/ocr-frq/mb-exams/source-pdfs/marking-guides/pc_15_jun_mg.pdf,[86],1,a) 1 mark,1.0,"Question 33 R9, R6 a) Sketch the graph of ( ) ( ) 5 log 1 f x x = − . b) Sketch the graph of ( ) 1 f x − . Solution a) b) ½ mark for vertical asymptote at 1 x = ½ mark for x-intercept at 2 x = ½ mark for increasing logarithmic function ½ mark for consistent point on the logarithmic graph 2 marks 1 m"
2015,jun,June 2015,34,R14,/home/max/testgen-suite/ocr-frq/mb-exams/source-pdfs/marking-guides/pc_15_jun_mg.pdf,[90],1,1 mark,1.0,"Question 34 R14 Explain what the graph of a rational function looks like near a vertical asymptote. Solution The graph approaches infinity (positive or negative) as it approaches the asymptote. or The graph approaches the asymptote, but does not touch it. 1 mark 86 Pre-Calculus Mathematics: Marking "
2015,jun,June 2015,35,R6,/home/max/testgen-suite/ocr-frq/mb-exams/source-pdfs/marking-guides/pc_15_jun_mg.pdf,[92],1,1 mark,1.0,"Question 35 R6 Given the graph of ( ) ( )2 2 f x x = − , determine one possible restriction for the domain of ( ) f x so that its inverse is a function. Solution Domain: Domain: Note(s):  Other solutions are possible. 1 mark [ ) ( ) 2, , 2 ∞ −∞ or 1 1 y x 88 Pre-Calculus Mathematics: Marking Guide "
2015,jun,June 2015,36,"T3, T6",/home/max/testgen-suite/ocr-frq/mb-exams/source-pdfs/marking-guides/pc_15_jun_mg.pdf,[94],1,1 mark,1.0,"Question 36 T3,T6 Over the interval [ ] 0, 2π , determine the non-permissible values of θ in the expression ( ) csc cos 1 θ θ + . Solution 1 csc sin sin 0 0, , 2 θ θ θ θ = ≠ = π π 1 mark for correct substitution of an appropriate identity ½ mark for sin 0 ≠ θ ½ mark for consistent non-permissible va"
2015,jun,June 2015,37,P3,/home/max/testgen-suite/ocr-frq/mb-exams/source-pdfs/marking-guides/pc_15_jun_mg.pdf,[96],1,1 mark,1.0,"Question 37 P3 Explain why 3 8 C is undefined. Solution In the formula n r C , the number of objects, n, must be larger than or equal to the number of objects selected, r. or You can’t select 8 objects from a total of 3. 1 mark 92 Pre-Calculus Mathematics: Marking Guide (June 2015)"
2015,jun,June 2015,38,P2,/home/max/testgen-suite/ocr-frq/mb-exams/source-pdfs/marking-guides/pc_15_jun_mg.pdf,[98],1,1 mark,1.0,Question 38 P2 Solve: ( ) 3 48 1 n P n = − Solution ( ) ( ) ( )( )( ) ( ) ! 48 1 3 ! 1 2 3 ! n n n n n n n = − − − − − ( ) 3 ! n − ( ) ( ) ( )( ) 2 48 1 2 48 2 48 0 8 6 0 8 6 n n n n n n n n n = − − = − − = − + = = = − ½ mark for substitution in correct formula 1 mark for expansion of factorial ½ ma
2015,jun,June 2015,39,"R11, R12",/home/max/testgen-suite/ocr-frq/mb-exams/source-pdfs/marking-guides/pc_15_jun_mg.pdf,[100],1,1 mark,1.0,"Question 39 R11, R12 Christine dives off a diving board. Her dive is modelled by the function ( ) 3 2 3 3 h t t t t = − −+ , where h is her height in metres, relative to the water surface and t is the time in seconds after diving off the diving board. a) Given that ( )1 t + is a factor for the funct"
2015,jun,June 2015,40,T6,/home/max/testgen-suite/ocr-frq/mb-exams/source-pdfs/marking-guides/pc_15_jun_mg.pdf,"[104, 105]",2,1 mark,1.0,Question 40 T6 Prove the identity for all permissible values of x . cos sec tan 1 sin x x x x + = − Solution Method 1 ( )( ) ( ) ( ) ( ) 2 2 sec tan 1 sin cos cos 1 sin 1 sin cos 1 sin 1 sin 1 sin cos cos 1 sin cos cos 1 sin x x x x x x x x x x x x x x x x x + + + − − − − − − Left-Hand Side Right-Ha
2015,jun,June 2015,41,"R1, R5",/home/max/testgen-suite/ocr-frq/mb-exams/source-pdfs/marking-guides/pc_15_jun_mg.pdf,[108],1,1 mark,1.0,"Question 41 R1, R5 Given the graph of ( ) f x , sketch the graph of the function ( ) ( ) g x f x = − . Solution 1 mark for absolute value 1 mark for vertical reflection 2 marks y x 3 − 3 1 −  ( ) f x y x 3 3 1 −  ( ) g x 104 Pre-Calculus Mathematics: Marking Guide (June 2015)"
2015,jun,June 2015,42,T2,/home/max/testgen-suite/ocr-frq/mb-exams/source-pdfs/marking-guides/pc_15_jun_mg.pdf,[112],1,1 mark,1.0,"Question 42 T2 Given that 2 cot 5 θ = − , where θ is in Quadrant IV, determine the exact value of sinθ. Solution ( ) ( ) ( ) 2 2 2 2 2, 5 2 5 4 25 29 5 sin 29 P r r r θ − = + − = + = − = ½ mark for substitution of 2, 5 x y = = − ½ mark for solving for r 1 mark for sinθ (½ mark for quadrant, ½ mark f"
2016,jan,January 2016,1,T1,/home/max/testgen-suite/ocr-frq/mb-exams/source-pdfs/marking-guides/pc_16_jan_mg.pdf,[12],1,1 mark,1.0,"Question 1 T1 A pizza with a diameter of 15 inches is cut into equal slices, each with a central angle of 36. Determine the length of the crust on the outer edge of one slice of pizza. Solution 36 180 5 15 5 2 3 inches 2 4.712 inches s r s s s = π π = = π    =       π = = or   θ θ θ 1"
2016,jan,January 2016,2,P3,/home/max/testgen-suite/ocr-frq/mb-exams/source-pdfs/marking-guides/pc_16_jan_mg.pdf,[14],1,1 mark,1.0,"Question 2 P3 There are 9 girls and 7 boys in a math class from which a committee of 5 is to be chosen. a) How many different committees of 5 can be formed if one of the boys, William, must be on the committee? b) How many different committees of 5 can be formed if there must be 2 girls and 3 boys o"
2016,jan,January 2016,3,T5,/home/max/testgen-suite/ocr-frq/mb-exams/source-pdfs/marking-guides/pc_16_jan_mg.pdf,[18],1,1 mark,1.0,"Question 3 T5 Solve the following equation over the interval [ ] 0, 2π : 2 sin 6sin 2 0 θ θ + − = Solution ( ) ( )( ) ( ) 2 6 6 4 1 2 sin 2 1 6 36 8 sin 2 6 44 sin 2 sin 0.316 624 sin 6.316 624 0.322 169 0.322 no solution 2.819 r θ θ θ θ θ θ θ θ −± − − = −± + = −± = = = − = = =   1 mark for solvin"
2016,jan,January 2016,4,R10,/home/max/testgen-suite/ocr-frq/mb-exams/source-pdfs/marking-guides/pc_16_jan_mg.pdf,[22],1,1 mark,1.0,Question 4 R10 Solve: ( ) 3 2 2 6 5 9 x x + − = Solution ( ) ( ) ( ) ( ) 3 2 2 3 2 2 log 6 5 log 9 log 6 log 5 log 9 log 6 3 2 log 5 2 log 9 log 6 3 log 5 2log 5 2log 9 log 9 3 log 5 log 9 2log 9 2log 5 log 6 3log 5 log 9 2log 9 2log 5 log 6 2log 9 2log 5 log 6 3log 5 log 9 0.087 707 0.088 x x x x x
2016,jan,January 2016,5,T5,/home/max/testgen-suite/ocr-frq/mb-exams/source-pdfs/marking-guides/pc_16_jan_mg.pdf,[26],1,1 mark,1.0,"Question 5 T5 Solve ( )( ) 2sin 1 sin 1 0 θ θ − + = where θ ∈. Solution 2sin 1 0 sin 1 0 1 sin sin 1 2 3 6 2 3 2 2 6 2 5 2 6 30 270 30 360 , 270 360 150 360 , r r r r k k k k k k k k k k k k θ θ θ θ θ θ θ = θ θ θ θ θ θ θ − = + = = = − π π = = π π + π, ∈ = + π, ∈ π = + π, ∈ = = = + ∈ = + , ∈ = + ∈ o"
2016,jan,January 2016,6,R12,/home/max/testgen-suite/ocr-frq/mb-exams/source-pdfs/marking-guides/pc_16_jan_mg.pdf,[30],1,1 mark,1.0,Question 6 R12 The roots of the polynomial equation ( )( ) 2 3 2 1 0 x x − + = are 2 x = and 1 x = −. Explain what these roots represent on the graph of ( ) ( )( ) 2 3 2 1 p x x x = − + . Solution They are the x-intercepts of the graph of ( ) p x . 1 mark 26 Pre-Calculus Mathematics: Marking Guide (
2016,jan,January 2016,7,"R2, R3",/home/max/testgen-suite/ocr-frq/mb-exams/source-pdfs/marking-guides/pc_16_jan_mg.pdf,[32],1,1 mark,1.0,"Question 7 R2, R3 Determine an equation for ( ) g x as a transformation of ( ) f x . Solution ( ) ( ) ( ) ( ) 2 6 2 g x f x g x f x = + = − or 1 mark for vertical stretch 1 mark for horizontal translation 2 marks 1 mark for vertical stretch 1 mark for horizontal reflection 2 marks ( ) g x ( ) f x y "
2016,jan,January 2016,8,R11,/home/max/testgen-suite/ocr-frq/mb-exams/source-pdfs/marking-guides/pc_16_jan_mg.pdf,[34],1,1 mark,1.0,"Question 8 R11 A student must determine the factors of 4 3 5 2 4 1. x x x − + − He used 5, 2, 4, and 1 − − as the coefficients of the polynomial when using synthetic division. Explain the student’s error. Solution The student did not write the coefficient of 0 for the 2 x term. 1 mark 30 Pre-Calculu"
2016,jan,January 2016,9,"R2, R5",/home/max/testgen-suite/ocr-frq/mb-exams/source-pdfs/marking-guides/pc_16_jan_mg.pdf,[36],1,1 mark,1.0,"Question 9 R2, R5 Describe the transformations of ( ) y f x = when asked to sketch the graph of ( ) 4 y f x = − − . Solution ( ) f x is reflected over the x-axis and translated 4 units to the right. 1 mark for vertical reflection 1 mark for horizontal translation 2 marks 32 Pre-Calculus Mathematics:"
2016,jan,January 2016,10,T6,/home/max/testgen-suite/ocr-frq/mb-exams/source-pdfs/marking-guides/pc_16_jan_mg.pdf,"[38, 39]",2,1 mark,1.0,Question 10 T6 Prove the identity below for all permissible values of θ : cos 1 sin tan cos tan θ θ θ θ θ + = Solution Method 1 Left-Hand Side Right-Hand Side 2 2 2 2 2 cos 1 sin tan cos tan cos 1 sin sin sin cos cos cos cos 1 sin sin sin sin cos sin sin sin cos sin 1 sin + + + + + θ θ θ θ θ θ θ θ θ
2016,jan,January 2016,11,T5,/home/max/testgen-suite/ocr-frq/mb-exams/source-pdfs/marking-guides/pc_16_jan_mg.pdf,[42],1,1 mark,1.0,Question 11 T5 Describe how to use the graphs of ( ) 3sin f x x = and ( ) 2 g x = to solve the equation 3sin 2 x = . Solution The solution will be the x-values where the two graphs intersect. 1 mark ( ) 3sin f x x = ( ) 2 g x = π 2π 2 −π −π y x 1 38 Pre-Calculus Mathematics: Marking Guide (January 2
2016,jan,January 2016,12,P1,/home/max/testgen-suite/ocr-frq/mb-exams/source-pdfs/marking-guides/pc_16_jan_mg.pdf,[44],1,1 mark,1.0,Question 12 P1 A hockey arena has 5 doors. Determine the number of ways that you can enter through one door but exit through a different door. Solution 5 4 20 ways =  1 mark 40 Pre-Calculus Mathematics: Marking Guide (January 2016)
2016,jan,January 2016,13,R11,/home/max/testgen-suite/ocr-frq/mb-exams/source-pdfs/marking-guides/pc_16_jan_mg.pdf,[46],1,1 mark,1.0,"Question 13 R11 Given that ( ) 3 x + is one of the factors, express 3 2 2 7 2 3 x x x + + − as a product of factors. Solution ( )( ) ( )( )( ) 2 3 2 7 2 3 6 3 3 2 1 1 0 3 2 1 3 2 1 1 x x x x x x − − − − − + + − + − + or ½ mark for 3 x = − 1 mark for synthetic division (or for any other equivalent st"
2016,jan,January 2016,14,R12,/home/max/testgen-suite/ocr-frq/mb-exams/source-pdfs/marking-guides/pc_16_jan_mg.pdf,[51],1,,0.0,Question 14 R12 Identify the maximum number of x-intercepts for a polynomial function of degree 3. a) 1 b) 2 c) 3 d) 4 
2016,jan,January 2016,15,R3,/home/max/testgen-suite/ocr-frq/mb-exams/source-pdfs/marking-guides/pc_16_jan_mg.pdf,[51],1,,0.0,"Question 15 R3 The graph of ( ) y f x = contains the point ( ) ,a b . The graph of ( ) g x is a transformation of the graph of ( ) f x and contains the point ( ) 3 ,a b . Identify the function that represents ( ) g x . a) ( ) ( ) 3 g x f x = b) ( ) ( ) 3 g x f x = c) ( ) 3 x g x f   =     d) ("
2016,jan,January 2016,16,T1,/home/max/testgen-suite/ocr-frq/mb-exams/source-pdfs/marking-guides/pc_16_jan_mg.pdf,[51],1,,0.0,"Question 16 T1 The angle 2.95 radians, in standard position, terminates in quadrant: a) I b) II c) III d) IV Pre-Calculus Mathematics: Marking Guide (January 2016) 47"
2016,jan,January 2016,17,T6,/home/max/testgen-suite/ocr-frq/mb-exams/source-pdfs/marking-guides/pc_16_jan_mg.pdf,[52],1,,0.0,Question 17 T6 Evaluate: 2sin cos 8 8 π π a) 1 2 b) 2 2 c) 1 d) 2 
2016,jan,January 2016,18,P4,/home/max/testgen-suite/ocr-frq/mb-exams/source-pdfs/marking-guides/pc_16_jan_mg.pdf,[52],1,,0.0,Question 18 P4 Identify which of the following represents the 5th term in the expansion of ( ) 15 2 3 4 2 x y − . a) ( ) ( ) 10 5 2 3 15 5 4 2 C x y − b) ( ) ( ) 11 4 2 3 15 5 4 2 C x y − c) ( ) ( ) 10 5 2 3 15 4 4 2 C x y − d) ( ) ( ) 11 4 2 3 15 4 4 2 C x y − 48 Pre-Calculus Mathematics: Marking G
2016,jan,January 2016,19,R12,/home/max/testgen-suite/ocr-frq/mb-exams/source-pdfs/marking-guides/pc_16_jan_mg.pdf,[53],1,,0.0,Question 19 R12 Identify which of the following graphs of polynomial functions has a zero with a multiplicity of 3. a) b) c) d) y 1 x 1 y 1 x 1 y x 1 1 y x 1 1 Pre-Calculus Mathematics: Marking Guide (January 2016) 49
2016,jan,January 2016,20,T6,/home/max/testgen-suite/ocr-frq/mb-exams/source-pdfs/marking-guides/pc_16_jan_mg.pdf,[54],1,,0.0,Question 20 T6 A non-permissible value of x for the function ( ) 1 cos 1 f x x = + is: a) 1 − b) 0 c) π d) 2 3π 
2016,jan,January 2016,21,R14,/home/max/testgen-suite/ocr-frq/mb-exams/source-pdfs/marking-guides/pc_16_jan_mg.pdf,[54],1,,0.0,Question 21 R14 Identify which of the following statements is true for the rational function ( ) ( )( ) ( )( ) 4 1 2 1 3 x x f x x x − − = − + . a) The equation of the horizontal asymptote is 4. y = b) The equation of the vertical asymptote is 1 x = . c) The y-intercept is 0. d) There is a point of 
2016,jan,January 2016,22,R12,/home/max/testgen-suite/ocr-frq/mb-exams/source-pdfs/marking-guides/pc_16_jan_mg.pdf,[56],1,1 mark,1.0,"Question 22 R12 Determine the equation of the polynomial function, ( ) p x , represented by the graph. Solution 2 2 ( ) 3( 2) ( 1) p x x x = + − 1 mark for factors 1 mark for multiplicity of 2 (½ mark for each) 1 mark for correct value of a (consistent with factors and multiplicity) 3 marks y x ( ) "
2016,jan,January 2016,23,R7,/home/max/testgen-suite/ocr-frq/mb-exams/source-pdfs/marking-guides/pc_16_jan_mg.pdf,[58],1,1 mark,1.0,Question 23 R7 Evaluate: 4 log 2 Solution 1 2 1 mark 54 Pre-Calculus Mathematics: Marking Guide (January 2016)
2016,jan,January 2016,24,T3,/home/max/testgen-suite/ocr-frq/mb-exams/source-pdfs/marking-guides/pc_16_jan_mg.pdf,[60],1,1 mark,1.0,"Question 24 T3 Evaluate: 11 11 cos csc 3 6 π π          Solution ( ) 1 2 2 1  −     − 1 mark for 11 cos 3 π (½ mark for the quadrant, ½ mark for the value) 1 mark for 11 csc 6 π (½ mark for the quadrant, ½ mark for the value) 2 marks 56 Pre-Calculus Mathematics: Marking Guide (Janu"
2016,jan,January 2016,25,R7,/home/max/testgen-suite/ocr-frq/mb-exams/source-pdfs/marking-guides/pc_16_jan_mg.pdf,[62],1,1 mark,1.0,"Question 25 R7 Estimate the value of 2 log 5 . Justify your answer. Solution 2 2 2 log 4 2 log 8 3 log 5 2.3 = = ∴ ≈ ½ mark for justification ½ mark for estimated value in the interval [ ] 2.1, 2.4 1 mark 58 Pre-Calculus Mathematics: Marking Guide (January 2016)"
2016,jan,January 2016,26,T2,/home/max/testgen-suite/ocr-frq/mb-exams/source-pdfs/marking-guides/pc_16_jan_mg.pdf,[64],1,1 mark,1.0,"Question 26 T2 If θ terminates in quadrant III and 6 cos 7 θ = − , determine the exact value of tanθ . Solution ( ) ( ) 2 2 2 2 2 2 2 cos 7 6 13 13 13 tan 6 x r x y r y y y = + = = −− = = ± = θ θ ½ mark for substitution of 6 x = − and 7 r = ½ mark for solving for y 1 mark for the value of tanθ (½ ma"
2016,jan,January 2016,27,R1,/home/max/testgen-suite/ocr-frq/mb-exams/source-pdfs/marking-guides/pc_16_jan_mg.pdf,[66],1,1 mark,1.0,"Question 27 R1 Given 2 ( ) 4 and ( ) 5 f x x x g x x = + − = + , Taz was asked to find ( ( )) f g x . Taz’s solution: ( ) ≥ 2 f (g (x))= x+ 5 + x -4 = x+ 5+_x -4 =2 x+1, x -5 Describe the error in Taz’s solution. Solution Taz must substitute ( ) g x in both terms containing x in ( ) f x and then sim"
2016,jan,January 2016,28,R9,/home/max/testgen-suite/ocr-frq/mb-exams/source-pdfs/marking-guides/pc_16_jan_mg.pdf,[68],1,1 mark,1.0,"Question 28 R9 Sketch the graph of the function ( ) ( ) 2 3log 1 f x x = + . Solution 1 mark for increasing logarithmic function 1 mark for vertical stretch 1 mark for asymptotic behaviour at 1 x = − 3 marks x y  ( ) 1, 3 1 1 64 Pre-Calculus Mathematics: Marking Guide (January 2016)"
2016,jan,January 2016,29,R14,/home/max/testgen-suite/ocr-frq/mb-exams/source-pdfs/marking-guides/pc_16_jan_mg.pdf,[72],1,1 mark,1.0,"Question 29 R14 Write an equation of a rational function that would not have any vertical asymptotes. Solution Various equations, such as the following, are possible: ( )( ) ( ) 2 2 1 2 4 4 x x y x y x − + = − = + or 1 mark 68 Pre-Calculus Mathematics: Marking Guide (January 2016)"
2016,jan,January 2016,30,T6,/home/max/testgen-suite/ocr-frq/mb-exams/source-pdfs/marking-guides/pc_16_jan_mg.pdf,[74],1,1 mark,1.0,Question 30 T6 Determine the exact value of tan 75 . Solution ( ) ( ) tan 75 tan 30 45 tan 30 tan 45 1 tan 30 tan 45 1 1 3 1 1 1 3 1 3 3 3 1 3 1 3 3 1 = + + = − + = − + = − + = −        or 3 3 3 3 + = − Note(s):  Other combinations are possible. 1 mark for combination 1 mark for exact value
2016,jan,January 2016,31,R14,/home/max/testgen-suite/ocr-frq/mb-exams/source-pdfs/marking-guides/pc_16_jan_mg.pdf,[78],1,1 mark,1.0,"Question 31 R14 Sketch the graph of the following function: ( ) ( )( ) ( ) 3 3 3 x x f x x x + − = − Solution ( ) ( )( ) ( ) ( ) 3 3 3 3 , 3 there is a point of discontinuity (hole) at 3, 2 x x f x x x x x x + − = − + = ≠ ∴ 1 mark for asymptotic behaviour at 1 y = 1 mark for asymptotic behaviour at "
2016,jan,January 2016,32,P4,/home/max/testgen-suite/ocr-frq/mb-exams/source-pdfs/marking-guides/pc_16_jan_mg.pdf,[82],1,1 mark,1.0,"Question 32 P4 In the binomial expansion of 9 2 3 1 2x x   −    , determine which term contains 3 x . Solution Method 1 ( ) ( ) 9 3 3 2 3 27 3 2 3 3 27 3 2 30 5 6 term 7 would contain k k k k x x x x x k k k k x − − − + + = = = − + + = = ∴ Method 2 ( ) ( ) 9 8 7 2 2 2 3 3 3 27 22 17 3 1 1 1 , "
2016,jan,January 2016,33,T4,/home/max/testgen-suite/ocr-frq/mb-exams/source-pdfs/marking-guides/pc_16_jan_mg.pdf,[84],1,1 mark,1.0,"Question 33 T4 José and Dana get on a Ferris wheel, which is 1 metre off the ground. The diameter of the Ferris wheel is 16 metres. Their ride lasts for 4 minutes, in which time the Ferris wheel makes one revolution. Determine the values of A, B, C, and D, if the sinusoidal function that models the "
2016,jan,January 2016,34,P2,/home/max/testgen-suite/ocr-frq/mb-exams/source-pdfs/marking-guides/pc_16_jan_mg.pdf,[86],1,1 mark,1.0,Question 34 P2 Solve algebraically: ( ) 3 4! 1 n P n = − Solution ( ) ( ) ( ) ! 4! 1 3 ! 1 n n n n n = − − − ( ) ( ) 2 3 n n − − ( ) ! 3 n − ( ) 4! 1 ! n = − ( ) ( )( ) 2 2 24 2 24 0 6 4 0 6 4 n n n n n n n n − = − − = − + = = = − ½ mark for substitution 1 mark for factorial expansion ½ mark for sim
2016,jan,January 2016,35,R6,/home/max/testgen-suite/ocr-frq/mb-exams/source-pdfs/marking-guides/pc_16_jan_mg.pdf,[90],1,1 mark,1.0,"Question 35 R6 Given ( ) 2 1 f x x = − , determine the equation of the inverse, 1( ) f x − . Solution Method 1 ( ) ( ) ( ) 1 let 2 1 2 1 2 1 2 1 2 1 2 1 y f x f x x y x x y y x y x f x x − = = − = − = − − = = + = + Method 2 ( ) ( ) ( ) ( ) 1 let 2 1 2 1 2 1 1 2 2 2 2 2 y f x f x x y x x y x y xy x x"
2016,jan,January 2016,36,R8,/home/max/testgen-suite/ocr-frq/mb-exams/source-pdfs/marking-guides/pc_16_jan_mg.pdf,[92],1,1 mark,1.0,Question 36 R8 Solve: 3 3 3 1 4log 2 log 8 log 3 a − = Solution Method 1 1 4 3 3 3 3 3 3 3 3 3 3 3 log 2 log 8 log log 16 log 2 log 16 log log 2 log 8 log 8 a a a a a − = − =  =     = = Method 2 1 4 3 3 3 3 3 3 3 3 3 0 log 2 log 8 log 0 log 16 log 2 log 0 16 log 0 2 8 log 0 8 3 8 1 8 a a a a a
2016,jan,January 2016,37,T4,/home/max/testgen-suite/ocr-frq/mb-exams/source-pdfs/marking-guides/pc_16_jan_mg.pdf,[94],1,1 mark,1.0,Question 37 T4 Sketch the graph of at least one period of the function ( ) 3cos 1 y x = π −. Solution 1 mark for amplitude 1 mark for period 1 mark for vertical translation 3 marks 2 period 2 π = π = y x    1 1 90 Pre-Calculus Mathematics: Marking Guide (January 2016)
2016,jan,January 2016,38,R8,/home/max/testgen-suite/ocr-frq/mb-exams/source-pdfs/marking-guides/pc_16_jan_mg.pdf,[96],1,1 mark,1.0,"Question 38 R8 Using the laws of logarithms, fully expand the expression: 3 log a x y z       Solution ( ) 3 3 log log log log 1 3log log log 2 1 3log log log 2 a a a a a a a a a a x x y z y z x y z x y z   = − +       = − +     = − − 1 mark for quotient law 1 mark for product law "
2016,jan,January 2016,39,R13,/home/max/testgen-suite/ocr-frq/mb-exams/source-pdfs/marking-guides/pc_16_jan_mg.pdf,[98],1,1 mark,1.0,Question 39 R13 Sketch the graph of ( ) 3 2 1 f x x = − + . Solution Method 1 Method 2 1 mark for horizontal translation 1 mark for vertical translation 1 mark for shape of a radical function 1 mark for vertical stretch 4 marks 1 mark for invariant points where 0 y = and 1 y = (½ mark for each point
2016,jan,January 2016,40,R13,/home/max/testgen-suite/ocr-frq/mb-exams/source-pdfs/marking-guides/pc_16_jan_mg.pdf,[102],1,1 mark,1.0,"Question 40 R13 a) Determine the domain of the graph of the function 2 ( ) 4 f x x = − . b) Explain why the domain of 2 ( ) 4 f x x = − is restricted. Solution a) b) The domain is restricted because you cannot take the square root of a negative number. 1 mark for domain (½ mark for 2 x ≤−, ½ mark fo"
2016,jan,January 2016,41,"R1, R2, R5",/home/max/testgen-suite/ocr-frq/mb-exams/source-pdfs/marking-guides/pc_16_jan_mg.pdf,[106],1,1 mark,1.0,"Question 41 R1, R2, R5 Given the point ( ) 12, 18 − − on the graph of ( ) f x , determine the new points after the following transformations of ( ) f x . a) 1 ( ) f x b) ( ) 10 f x − + Solution a) 1 12, 18 −   −     b) ( ) 12, 8 − 1 mark (½ mark for x-value, ½ mark for -value y ) 1 mark 1 mark"
2016,jan,January 2016,42,T3,/home/max/testgen-suite/ocr-frq/mb-exams/source-pdfs/marking-guides/pc_16_jan_mg.pdf,[108],1,1 mark,1.0,Question 42 T3 Explain why there is no solution for the equation 1 csc 2 θ = − . Solution The value of cscθ cannot be between 1 − and 1. or The value of sinθ cannot be less than 1 −. 1 mark 104 Pre-Calculus Mathematics: Marking Guide (January 2016)
2016,jan,January 2016,43,"R1, R4",/home/max/testgen-suite/ocr-frq/mb-exams/source-pdfs/marking-guides/pc_16_jan_mg.pdf,[110],1,1 mark,1.0,"Question 43 R1, R4 Given the graph of ( ) y f x = , sketch the graph of ( ) 2 1 y f x = + . Solution 1 mark for absolute value 1 mark for horizontal compression 1 mark for vertical translation 3 marks y x 1 1    y x 1 1 106 Pre-Calculus Mathematics: Marking Guide (January 2016)"
2016,jan,January 2016,44,R9,/home/max/testgen-suite/ocr-frq/mb-exams/source-pdfs/marking-guides/pc_16_jan_mg.pdf,[112],1,1 mark,1.0,"Question 44 R9 Given ( ) 2 1 x f x = + , state the equation of the horizontal asymptote. Solution 1 y = 1 mark 108 Pre-Calculus Mathematics: Marking Guide (January 2016)"
2016,jan,January 2016,45,R1,/home/max/testgen-suite/ocr-frq/mb-exams/source-pdfs/marking-guides/pc_16_jan_mg.pdf,[114],1,1 mark,1.0,"Question 45 R1 Given the following graphs of ( ) 3 f x x = − and ( ) 1 g x x = + , ( ) f x ( ) g x sketch the graph of ( ) ( )( ) h x f g x =  . Solution 1 mark for operation of multiplication 1 mark for shape representing the given operation 2 marks x 1 1 y x y 1 1 x 1 1 y 110 Pre-Calculus Mathema"
2016,jun,June 2016,1,T1,/home/max/testgen-suite/ocr-frq/mb-exams/source-pdfs/marking-guides/pc_16_jun_mg.pdf,[12],1,1 mark,1.0,Question 1 T1 A wheel has a diameter of 20 cm and rotates through a central angle of 252 . Determine how far the wheel rolled. Solution ( ) 252 180 7 5 7 20 5 2 14 cm 43.982 cm s r   π =     π = = π    =       = π = or   θ θ 1 mark for conversion 1 mark for substitution 2 marks 
2016,jun,June 2016,2,T5,/home/max/testgen-suite/ocr-frq/mb-exams/source-pdfs/marking-guides/pc_16_jun_mg.pdf,[14],1,1 mark,1.0,"Question 2 T5 Solve the following equation over the interval [ ] 0, 2π : 2 3sin 10sin 8 0 − − = θ θ Solution ( )( ) 2 3sin 10sin 8 0 3sin 2 sin 4 0 2 sin sin 4 3 0.729 728 No solution 3.871 5.553 r − − = + − = = − = = = = θ θ θ θ θ θ θ θ θ 1 mark for solving for sinθ (½ mark for each branch) 2 marks"
2016,jun,June 2016,3,P4,/home/max/testgen-suite/ocr-frq/mb-exams/source-pdfs/marking-guides/pc_16_jun_mg.pdf,[18],1,2 marks,2.0,"Question 3 P4 Determine and simplify the fourth term in the expansion of ( ) 8 4 2 3 . x y − Solution ( ) ( ) ( )( ) 5 3 4 4 8 3 20 3 20 3 2 3 56 32 27 48 384 t C x y x y x y = − = − = − 2 marks (1 mark for 8 3 C , ½ mark for each consistent factor) 1 mark for simplification (½ mark for coefficient,"
2016,jun,June 2016,4,R10,/home/max/testgen-suite/ocr-frq/mb-exams/source-pdfs/marking-guides/pc_16_jun_mg.pdf,[22],1,1 mark,1.0,"Question 4 R10 Sheeva’s bank is lending her $50 000 at an annual interest rate of 6%, compounded monthly, to purchase a car. Given that the last payment will be a partial payment, determine how many full monthly payments of $800 Sheeva will have to make. The formula below may be used. Express your a"
2016,jun,June 2016,5,P1,/home/max/testgen-suite/ocr-frq/mb-exams/source-pdfs/marking-guides/pc_16_jun_mg.pdf,[26],1,1 mark,1.0,"Question 5 P1 An employee asked 10 people in an ice cream shop to wait in line. Determine the number of different arrangements possible if two of the people, Jamie and John, refused to stand next to each other in the line. Solution 10! 9!2! 2 903 040 − ½ mark for 10! 1 mark for product of 9!2! (½ ma"
2016,jun,June 2016,6,R5,/home/max/testgen-suite/ocr-frq/mb-exams/source-pdfs/marking-guides/pc_16_jun_mg.pdf,[28],1,1 mark,1.0,"Question 6 R5 The point ( ) 2, 4 − is on the graph of ( ). f x State the coordinates of the corresponding point when ( ) f x is reflected over the y-axis. Solution ( ) 2, 4 1 mark 24 Pre-Calculus Mathematics: Marking Guide (June 2016)"
2016,jun,June 2016,7,R1,/home/max/testgen-suite/ocr-frq/mb-exams/source-pdfs/marking-guides/pc_16_jun_mg.pdf,[30],1,1 mark,1.0,"Question 7 R1 Given the graphs of ( ) f x and ( ), g x sketch the graph of ( )( ). f g x + Solution 1 mark for operation of addition 1 mark for restricted domain 2 marks y x 1 1 ( ) f x • ( ) g x y x 1 1 ( )( ) f g x + 1 y x 1 26 Pre-Calculus Mathematics: Marking Guide (June 2016)"
2016,jun,June 2016,8,R8,/home/max/testgen-suite/ocr-frq/mb-exams/source-pdfs/marking-guides/pc_16_jun_mg.pdf,[32],1,1 mark,1.0,"Question 8 R8 Using the laws of logarithms, fully expand the expression: 3 2 log 1 w x y     −   Solution ( ) 2 2 2 3log log log 1 w x y + − − 1 mark for power law 1 mark for product law 1 mark for quotient law 3 marks 28 Pre-Calculus Mathematics: Marking Guide (June 2016)"
2016,jun,June 2016,9,"T5, T6",/home/max/testgen-suite/ocr-frq/mb-exams/source-pdfs/marking-guides/pc_16_jun_mg.pdf,[34],1,1 mark,1.0,"Question 9 T5, T6 Solve the following equation algebraically for θ , where 0 2 ≤ ≤ π θ : 2cos 2 1 = θ Solution Method 1 ( ) 2 2 2 2 2cos 1 1 4cos 2 1 3 cos 4 3 cos 2 3 3 cos cos 2 2 5 7 , , 6 6 6 6 θ θ θ θ θ θ θ θ − = − = = = ± = = − π 11π π π = = Method 2 ( ) 2 2 2 2 2 1 2sin 1 2 4sin 1 4sin 1 1 si"
2016,jun,June 2016,10,"R1, R2, R3",/home/max/testgen-suite/ocr-frq/mb-exams/source-pdfs/marking-guides/pc_16_jun_mg.pdf,[38],1,1 mark,1.0,"Question 10 R1, R2, R3 Given the graph of ( ) y f x = , sketch the graph of ( ) 2 1 . y f x = − Solution 1 mark for vertical stretch 1 mark for horizontal translation 1 mark for absolute value 3 marks y x 1 1 1 1 y x ( ) f x 34 Pre-Calculus Mathematics: Marking Guide (June 2016)"
2016,jun,June 2016,11,T6,/home/max/testgen-suite/ocr-frq/mb-exams/source-pdfs/marking-guides/pc_16_jun_mg.pdf,[40],1,1 mark,1.0,Question 11 T6 Prove the identity for all permissible values of θ : 2 tan sin cos tan sin 1 cos + = − θ θ θ θ θ θ Solution Left-Hand Side Right-Hand Side 2 2 2 2 2 2 2 tan sin cos tan sin 1 cos sin sin sin cos cos sin cos sin sin sin 1 cos cos cos sin cos sin 1 cos cos 1 cos + − + + +   θ θ θ θ θ 
2016,jun,June 2016,12,P1,/home/max/testgen-suite/ocr-frq/mb-exams/source-pdfs/marking-guides/pc_16_jun_mg.pdf,[42],1,1 mark,1.0,"Question 12 P1 Raoul has 8 shirts, 5 pairs of pants, and 3 hats. He adds the options together and determines that he has 16 different outfits to wear. Raoul made an error in calculating the number of different outfits. Describe how to determine the correct number of outfits. Solution Raoul should ha"
2016,jun,June 2016,13,R1,/home/max/testgen-suite/ocr-frq/mb-exams/source-pdfs/marking-guides/pc_16_jun_mg.pdf,[44],1,1 mark,1.0,Question 13 R1 Given ( ) 2 1 f x x = − and ( ) 2 1: g x x = + a) Determine ( ) ( ). f x g x  b) Determine ( ) ( ). g g x Solution a) b) ( ) ( ) ( )( ) 2 3 2 3 2 2 1 1 2 2 1 2 2 1 f x g x x x x x x x x x = − + = + − − = − + −  ( ) ( ) ( ) 2 2 4 2 4 2 1 1 2 1 1 2 2 g g x x x x x x = + + = + + + = + 
2016,jun,June 2016,14,R13,/home/max/testgen-suite/ocr-frq/mb-exams/source-pdfs/marking-guides/pc_16_jun_mg.pdf,[48],1,1 mark,1.0,"Question 14 R13 Given the graph of ( ) y f x = , sketch the graph of ( ). y f x = Solution 1 mark for restricting the domain ½ mark for shape between invariant points ½ mark for shape to the left of invariant points 2 marks y x    1 1 1 1 y x ( ) f x 44 Pre-Calculus Mathematics: Marking Guide (Ju"
2016,jun,June 2016,15,R11,/home/max/testgen-suite/ocr-frq/mb-exams/source-pdfs/marking-guides/pc_16_jun_mg.pdf,[53],1,,0.0,"Question 15 R11 Given the polynomial function ( ) 4 2 5 2 6 P x x x x = − − + , if ( )1 0 P = , identify which statement is true. a) The y-intercept is 1. b) ( ) P x has a factor of ( )1 . x + c) The graph has a zero at 1 d) The graph has a zero at 1 −. "
2016,jun,June 2016,16,P3,/home/max/testgen-suite/ocr-frq/mb-exams/source-pdfs/marking-guides/pc_16_jun_mg.pdf,[53],1,,0.0,Question 16 P3 There are 6 different books that are being distributed evenly amongst three people. Identify which expression represents the number of possible combinations. a) 6 2 6 2 6 2 C C C   b) 6 2 4 2 2 2 C C C   c) 2 2 2 2 2 2 C C C   d) 6 2 3 C  Pre-Calculus Mathematics: Marking Guide
2016,jun,June 2016,17,R13,/home/max/testgen-suite/ocr-frq/mb-exams/source-pdfs/marking-guides/pc_16_jun_mg.pdf,[54],1,,0.0,Question 17 R13 Identify the graph that corresponds to the function ( ) ( ) 2 . f x x = − − a) b) c) d) 
2016,jun,June 2016,18,R7,/home/max/testgen-suite/ocr-frq/mb-exams/source-pdfs/marking-guides/pc_16_jun_mg.pdf,[54],1,,0.0,Question 18 R7 Solve: 7 log 2 7 x = a) 1 x = b) 2 x = c) 7 x = d) 49 x =  1 1 y x   1 1 y x  y x 1 1   1 1  y x  50 Pre-Calculus Mathematics: Marking Guide (June 2016)
2016,jun,June 2016,19,T5,/home/max/testgen-suite/ocr-frq/mb-exams/source-pdfs/marking-guides/pc_16_jun_mg.pdf,[55],1,,0.0,Question 19 T5 Identify the equation that has a general solution of 2 6 where . 5 2 6 k k k π  = + π  ∈  π  = + π   θ θ a) 1 sin 2 = θ b) 1 cos 2 = θ c) 3 sin 2 = θ d) 3 cos 2 = θ 
2016,jun,June 2016,20,R13,/home/max/testgen-suite/ocr-frq/mb-exams/source-pdfs/marking-guides/pc_16_jun_mg.pdf,[55],1,,0.0,Question 20 R13 Identify the function that has a domain of 2 x ≤− and a range of 3 y ≥ . a) 2 3 y x = + + b) ( ) 2 3 y x = − + + c) 2 3 y x = − − − d) ( ) 2 3 y x = −− − − Pre-Calculus Mathematics: Marking Guide (June 2016) 51
2016,jun,June 2016,21,R6,/home/max/testgen-suite/ocr-frq/mb-exams/source-pdfs/marking-guides/pc_16_jun_mg.pdf,[56],1,,0.0,"Question 21 R6 Given ( ) 3 2 f x x = + , identify ( ) 1 . f x − a) ( ) 1 3 2 f x x − = − − b) ( ) 1 2 3 f x x − = + c) ( ) 1 2 3 x f x − = − d) ( ) 1 2 3 x f x − − = "
2016,jun,June 2016,22,T1,/home/max/testgen-suite/ocr-frq/mb-exams/source-pdfs/marking-guides/pc_16_jun_mg.pdf,[56],1,,0.0,Question 22 T1 Identify a possible value for the angle θ sketched in standard position. a) 2 b) 3 c) 4 d) 5 y θ x 52 Pre-Calculus Mathematics: Marking Guide (June 2016)
2016,jun,June 2016,23,R10,/home/max/testgen-suite/ocr-frq/mb-exams/source-pdfs/marking-guides/pc_16_jun_mg.pdf,[58],1,1 mark,1.0,Question 23 R10 Solve the following equation: ( ) ( ) 3 3 log 3 log 5 2 x x + + − = Solution ( )( ) ( )( ) ( )( ) 3 2 2 2 log 3 5 2 3 5 3 2 15 9 2 24 0 6 4 0 6 4 x x x x x x x x x x x x  + − =   + − = − − = − − = − + = = = − 1 mark for product law 1 mark for exponential form ½ mark for solving f
2016,jun,June 2016,24,T1,/home/max/testgen-suite/ocr-frq/mb-exams/source-pdfs/marking-guides/pc_16_jun_mg.pdf,[62],1,1 mark,1.0,Question 24 T1 State a coterminal angle for . 4 9π = θ Solution 8 4 4 4 405 360 45 9π π 17π + = − = or    Note(s):  Other answers are possible. 1 mark 58 Pre-Calculus Mathematics: Marking Guide (June 2016)
2016,jun,June 2016,25,R14,/home/max/testgen-suite/ocr-frq/mb-exams/source-pdfs/marking-guides/pc_16_jun_mg.pdf,[64],1,1 mark,1.0,"Question 25 R14 Sketch the graph of the function ( ) 2 2 2 . 1 x f x x + = − Solution ( ) 2 1 x f x + = ( ) ( )1 1 x x − + ( ) ( ) 2 1 there is a point of discontinuity (hole) at 1, 1 vertical asymptote at 1 horizontal asymptote at 0 x x y = − ∴ − − = = 1 mark for asymptotic behaviour at 1 x = 1 mar"
2016,jun,June 2016,26,P4,/home/max/testgen-suite/ocr-frq/mb-exams/source-pdfs/marking-guides/pc_16_jun_mg.pdf,[68],1,1 mark,1.0,"Question 26 P4 Justify why the binomial expansion of ( ) 7 3 x x + does not have a term containing 10. x Solution Method 1 ( ) ( ) ( ) ( ) ( ) 1 2 7 6 5 3 3 7 9 11 , , , , , , x x x x x x x x   The exponents increase by 2. Therefore 10 x is not in the pattern. Method 2 ( ) 7 3 10 7 2 10 7 2 10 2 3"
2016,jun,June 2016,27,T4,/home/max/testgen-suite/ocr-frq/mb-exams/source-pdfs/marking-guides/pc_16_jun_mg.pdf,[70],1,1 mark,1.0,"Question 27 T4 Sketch the graph of ( ) sin 1 3 2 y x π   = − − +     over the domain [ ] 0, 6 . Solution 2 period 4 2 π = = π Note(s):  Deduct ½ mark if the domain [ ] 0,6 is not completely sketched. 1 mark for vertical reflection 1 mark for horizontal translation 1 mark for period 1 mark for"
2016,jun,June 2016,28,R11,/home/max/testgen-suite/ocr-frq/mb-exams/source-pdfs/marking-guides/pc_16_jun_mg.pdf,[72],1,1 mark,1.0,"Question 28 R11 When ( ) 4 3 3 5 14 P x x kx x = − + − is divided by ( ) 2 x + , the remainder is 8. − Determine the value of k. Solution Method 1 ( ) ( ) ( ) 4 3 2 8 3 2 2 5 2 14 8 48 8 10 14 8 24 8 32 8 4 x k k k k k = − −= − − − + − − −= + − − −= + − = = − Method 2 2 3 0 5 14 6 2 12 4 24 8 38 3 6"
2016,jun,June 2016,29,T6,/home/max/testgen-suite/ocr-frq/mb-exams/source-pdfs/marking-guides/pc_16_jun_mg.pdf,[74],1,1 mark,1.0,"Question 29 T6 Given that 7 cos where 12 = α α is in quadrant IV, and 3 sin where 5 = β β is in quadrant I, determine the exact value of: a) ( ) sin − α β b) ( ) csc − α β Solution a) b) Note(s):  accept any of the following values for : 4, or 4 x x x = ± =  accept any of the following values for "
2016,jun,June 2016,30,R14,/home/max/testgen-suite/ocr-frq/mb-exams/source-pdfs/marking-guides/pc_16_jun_mg.pdf,[78],1,1 mark,1.0,Question 30 R14 Describe the difference between the graph of ( ) ( ) 7 2 2 x f x x + = + and the graph of ( ) ( ) 7 2 2 x g x x − = + at 2. x = − Solution The graph of ( ) ( ) 7 2 2 x f x x + = + has a point of discontinuity and the graph of ( ) ( ) 7 2 2 x g x x − = + has an asymptote. 1 mark 74 Pr
2016,jun,June 2016,31,R9,/home/max/testgen-suite/ocr-frq/mb-exams/source-pdfs/marking-guides/pc_16_jun_mg.pdf,[80],1,1 mark,1.0,"Question 31 R9 Sketch the graph of ( ) 3 2. x f x = + Solution 1 mark for increasing exponential function 1 mark for asymptotic behaviour at 2 y = 2 marks   x y ( ) 1, 5 1 1 76 Pre-Calculus Mathematics: Marking Guide (June 2016)"
2016,jun,June 2016,32,P3,/home/max/testgen-suite/ocr-frq/mb-exams/source-pdfs/marking-guides/pc_16_jun_mg.pdf,[84],1,1 mark,1.0,Question 32 P3 Solve algebraically: 3 2 nC n = − Solution ( ) ( ) ( ) ! 2 3 !3! 1 2 n n n n n n = − − − − ( ) 3 n − ( ) ! 3 n − 2 !3! n = − ( ) ( )( ) 2 1 6 6 0 3 2 0 3 2 n n n n n n n n − = − − = − + = = = − ½ mark for substitution 1 mark for factorial expansion ½ mark for simplification of factori
2016,jun,June 2016,33,T5,/home/max/testgen-suite/ocr-frq/mb-exams/source-pdfs/marking-guides/pc_16_jun_mg.pdf,[88],1,1 mark,1.0,Question 33 T5 Describe the error that was made when solving the following equation: 2 sin sin 2 1 + − = θ θ Solution The student did not apply the zero product principle before factoring. 1 mark ∴ No solution ∴No solution 84 Pre-Calculus Mathematics: Marking Guide (June 2016)
2016,jun,June 2016,34,R12,/home/max/testgen-suite/ocr-frq/mb-exams/source-pdfs/marking-guides/pc_16_jun_mg.pdf,[90],1,1 mark,1.0,Question 34 R12 Sketch the graph of the polynomial function with the following characteristics. • a y-intercept of 9 − • zeroes at 1 − and 3 • the zero at 1 − has a multiplicity of 1 and the zero at 3 has a multiplicity of 2 Solution 1 mark for x-intercepts ½ mark for y-intercept 1 mark for multipli
2016,jun,June 2016,35,T2,/home/max/testgen-suite/ocr-frq/mb-exams/source-pdfs/marking-guides/pc_16_jun_mg.pdf,[94],1,1 mark,1.0,"Question 35 T2 Given 1 cot , where 3 θ θ = − is in quadrant II, determine the exact value of sinθ. Solution Note(s):  accept any of the following values for : 10, 10 r r r = ± = ½ mark for substitution ½ mark for solving for r 1 mark for sinθ (½ mark for the quadrant, ½ mark for the value) 2 marks "
2016,jun,June 2016,36,R1,/home/max/testgen-suite/ocr-frq/mb-exams/source-pdfs/marking-guides/pc_16_jun_mg.pdf,[96],1,1 mark,1.0,"Question 36 R1 Given the function ( ) f x , sketch the graph of the reciprocal, ( ) 1 . f x Solution 1 mark for asymptotic behaviour at 1 x = ½ mark for graph left of vertical asymptote at 1 x = ½ mark for graph right of vertical asymptote at 1 x = 2 marks y x 1 ( ) f x 1 y x   1 1  ( ) 1 f x 92 "
2016,jun,June 2016,37,R12,/home/max/testgen-suite/ocr-frq/mb-exams/source-pdfs/marking-guides/pc_16_jun_mg.pdf,[98],1,1 mark,1.0,"Question 37 R12 The volume of a planter, in the shape of a rectangular prism, can be modelled by the polynomial function ( ) 3 2 3 34 48 V x x x x = + − + . Determine the factors of the function, ( ) V x , which represent possible dimensions of this planter. Solution ( ) ( ) ( ) ( )( ) ( ) ( )( )( )"
2016,jun,June 2016,38,R6,/home/max/testgen-suite/ocr-frq/mb-exams/source-pdfs/marking-guides/pc_16_jun_mg.pdf,[100],1,1 mark,1.0,Question 38 R6 Describe how to determine the range of the inverse of the following graph. Solution The domain of the graph becomes the range of the inverse. y x 1 1 1 mark 96 Pre-Calculus Mathematics: Marking Guide (June 2016)
2016,jun,June 2016,39,R13,/home/max/testgen-suite/ocr-frq/mb-exams/source-pdfs/marking-guides/pc_16_jun_mg.pdf,[102],1,1 mark,1.0,"Question 39 R13 Sketch the graph of the function 2 1. y x = + Solution 1 mark for shape of a radical function 1 mark for vertical translation 1 mark for horizontal compression 3 marks x 1 y   ( ) 2, 3 ( ) 0, 1 98 Pre-Calculus Mathematics: Marking Guide (June 2016)"
2016,jun,June 2016,40,T4,/home/max/testgen-suite/ocr-frq/mb-exams/source-pdfs/marking-guides/pc_16_jun_mg.pdf,[104],1,1 mark,1.0,Question 40 T4 Given the following characteristics of a sinusoidal function: • an amplitude of 2 • a vertical translation down 3 units • a period of 4 π a) Determine an equation of this sinusoidal function in the form ( ) sin . y a b x c d = − + b) Determine the range of this function. Solution a) b
2016,jun,June 2016,41,R13,/home/max/testgen-suite/ocr-frq/mb-exams/source-pdfs/marking-guides/pc_16_jun_mg.pdf,[108],1,1 mark,1.0,Question 41 R13 Suah was given the graph of ( ) f x and asked to graph ( ). y f x = Her solution is given on the graph below. Describe the error Suah made when sketching the graph of ( ). y f x = Solution Suah’s graph did not cross the invariant point at 1 y = . 1 mark f (x) 104 Pre-Calculus Mathema
2016,jun,June 2016,42,R10,/home/max/testgen-suite/ocr-frq/mb-exams/source-pdfs/marking-guides/pc_16_jun_mg.pdf,[110],1,1 mark,1.0,Question 42 R10 Solve: 2 1 9 27 x x + = Solution ( ) 2 1 2 3 4 2 3 3 3 3 3 4 2 3 2 x x x x x x x + + = = + = = − 1 mark for changing to a common base 1 mark for exponent law (½ mark for each side) ½ mark for equating exponents ½ mark for solving for x 3 marks 106 Pre-Calculus Mathematics: Marking Gu
2017,jan,January 2017,1,P3,/home/max/testgen-suite/ocr-frq/mb-exams/source-pdfs/marking-guides/pc_17_jan_mg.pdf,[12],1,1 mark,1.0,Question 1 P3 There are 24 different movies Kiandra can download to her computer. Determine the number of ways she can select 15 movies. Solution 24 15 1 307 504 combinations C = 1 mark 8 Pre-Calculus Mathematics: Marking Guide (January 2017)
2017,jan,January 2017,2,T1,/home/max/testgen-suite/ocr-frq/mb-exams/source-pdfs/marking-guides/pc_17_jan_mg.pdf,[14],1,1 mark,1.0,"Question 2 T1 Given 40 =  θ , a) convert θ to radians. b) determine the coterminal angles of θ where θ ∈. Solution a) 40 180 θ π   =     2 9 θ π = 0.698 θ = b) 2 2 9 0.698 2 40 360 , k k k k θ θ θ π = + π ∈ = + π ∈ = + ∈ or or      1 mark 1 mark or 10 Pre-Calculus Mathematics: Marking G"
2017,jan,January 2017,3,R10,/home/max/testgen-suite/ocr-frq/mb-exams/source-pdfs/marking-guides/pc_17_jan_mg.pdf,[18],1,1 mark,1.0,"Question 3 R10 Peter invests $560 per month at an annual interest rate of 4.2%, compounded monthly. Determine how many monthly investments he will need to make to obtain at least $500 000. Express your answer as a whole number. Use the formula: Solution ( ) ( ) 0.042 560 1 1 12 500 000 0.042 12 560 "
2017,jan,January 2017,4,P2,/home/max/testgen-suite/ocr-frq/mb-exams/source-pdfs/marking-guides/pc_17_jan_mg.pdf,[22],1,1 mark,1.0,"Question 4 P2 Ishmael has 4 dogs, 5 cats, and 3 horses. If he arranges all of them in a row, determine how many ways they can be arranged if each type of animal must be grouped together. Solution 3! 4! 5! 3! 103680 ways types dogs cats horses of animals • • • = 1 mark for arrangement of types of ani"
2017,jan,January 2017,5,T5,/home/max/testgen-suite/ocr-frq/mb-exams/source-pdfs/marking-guides/pc_17_jan_mg.pdf,[24],1,1 mark,1.0,"Question 5 T5 Solve the following equation algebraically over the interval 0 2 θ ≤ ≤ π . 2 2cos 9cos 5 0 θ θ + − = Solution ( )( ) 2 2cos 9cos 5 0 2cos 1 cos 5 0 1 cos cos 5 2 5 , no solution 3 3 θ θ θ θ θ θ θ + − = − + = = = − π π = 1 mark for solving for cosθ 2 marks for solving for θ (½ mark for "
2017,jan,January 2017,6,P4,/home/max/testgen-suite/ocr-frq/mb-exams/source-pdfs/marking-guides/pc_17_jan_mg.pdf,[28],1,1 mark,1.0,Question 6 P4 Determine which term contains 6 1 x in the binomial expansion of 7 2 3 2 3 . x x   +     Solution Method 1 ( ) ( ) 7 3 2 6 21 3 2 6 21 5 6 21 5 6 5 15 3 k k k k k x x x x x x x x k k k − − − − + − − + − = = = − + = − = = 6 1 the fourth term contains x ∴ Method 2 ( ) ( ) 7 6 5 2 2
2017,jan,January 2017,7,T1,/home/max/testgen-suite/ocr-frq/mb-exams/source-pdfs/marking-guides/pc_17_jan_mg.pdf,[32],1,1 mark,1.0,Question 7 T1 Determine the radius of a circle which has an arc length of 5 cm with a central angle of 3 radians. Solution 5 3 5 cm 3 s r r r = = = θ 1 mark 28 Pre-Calculus Mathematics: Marking Guide (January 2017)
2017,jan,January 2017,8,T1,/home/max/testgen-suite/ocr-frq/mb-exams/source-pdfs/marking-guides/pc_17_jan_mg.pdf,[34],1,1 mark,1.0,"Question 8 T1 Tyler incorrectly sketched the angle 4 θ 7π = − in standard position. Describe his error. Solution Tyler incorrectly indicated the direction of the angle as positive. or Tyler sketched the reference angle, not 7 4 θ π = − . 1 mark 30 Pre-Calculus Mathematics: Marking Guide (January 201"
2017,jan,January 2017,9,T6,/home/max/testgen-suite/ocr-frq/mb-exams/source-pdfs/marking-guides/pc_17_jan_mg.pdf,"[36, 37]",2,1 mark,1.0,"Question 9 T6 Given the identity 2 2 sin sec cos , cos − + = θ θ θ θ a) determine the non-permissible values of , θ over the interval 0 2 ≤ ≤ π. θ b) prove the identity for all permissible values of .θ Solution a) cos 0 3 , 2 2 θ θ = π π = 1 mark for non-permissible values (½ mark for each value) 1 "
2017,jan,January 2017,10,R8,/home/max/testgen-suite/ocr-frq/mb-exams/source-pdfs/marking-guides/pc_17_jan_mg.pdf,[42],1,1 mark,1.0,Question 10 R8 Expand using the laws of logarithms. 4 log a b       Solution 4 log log log 4log a b a b − − 1 mark for quotient law 1 mark for power law 2 marks 38 Pre-Calculus Mathematics: Marking Guide (January 2017)
2017,jan,January 2017,11,R4,/home/max/testgen-suite/ocr-frq/mb-exams/source-pdfs/marking-guides/pc_17_jan_mg.pdf,[44],1,1 mark,1.0,Question 11 R4 State the equation of ( ) g x in terms of ( ). f x Solution ( ) ( ) 2 3 g x f x = + 1 mark for horizontal compression 1 mark for vertical translation 2 marks y x 1 1 ( ) g x ( ) f x       40 Pre-Calculus Mathematics: Marking Guide (January 2017)
2017,jan,January 2017,12,R6,/home/max/testgen-suite/ocr-frq/mb-exams/source-pdfs/marking-guides/pc_17_jan_mg.pdf,[46],1,1 mark,1.0,Question 12 R6 Explain why the inverse of the graph of ( ) y f x = is not a function. Solution The domain of ( ) f x was not restricted to ensure there is only one value of y for each x and one value of x for each .y or The graph of the inverse will not pass the vertical line test. or The graph of (
2017,jan,January 2017,13,R10,/home/max/testgen-suite/ocr-frq/mb-exams/source-pdfs/marking-guides/pc_17_jan_mg.pdf,[48],1,1 mark,1.0,Question 13 R10 Solve the following equation algebraically: ( ) ( ) 2 2 log 5 log 1 log 3 x x + − + = Solution ( ) 2 2 2 2 2 2 2 2 2 2 5 log log 3 1 5 3 1 5 3 1 5 3 3 2 2 1 1 x x x x x x x x x x x   +  =   +   + = + + = + + = + = = ± = 1 mark for quotient law ½ mark for equating arguments ½ 
2017,jan,January 2017,14,R4,/home/max/testgen-suite/ocr-frq/mb-exams/source-pdfs/marking-guides/pc_17_jan_mg.pdf,[52],1,1 mark,1.0,Question 14 R4 Describe the transformations used to obtain the graph of the function ( ) 5 1 y f x = + from the graph of ( ). y f x = Solution Vertically stretch the graph by a factor of 5 and translate the graph one unit left. 1 mark for vertical stretch 1 mark for horizontal translation 2 marks 48
2017,jan,January 2017,15,P3,/home/max/testgen-suite/ocr-frq/mb-exams/source-pdfs/marking-guides/pc_17_jan_mg.pdf,[54],1,1 mark,1.0,Question 15 P3 Solve algebraically: 2 3 4 nC n = + Solution ( ) ( ) ( ) ! 3 4 2 !2! 1 2 n n n n n n = + − − − ( ) ! 2 ! n − ( ) ( ) ( ) ( )( ) 2 2 2! 3 4 1 2 3 4 6 8 7 8 0 8 1 0 8 1 n n n n n n n n n n n n n = + − = + − = + − − = − + = = = − ½ mark for substitution into equation 1 mark for factorial
2017,jan,January 2017,16,"R1, R2, R3",/home/max/testgen-suite/ocr-frq/mb-exams/source-pdfs/marking-guides/pc_17_jan_mg.pdf,[58],1,1 mark,1.0,"Question 16 R1, R2, R3 Given the graph of ( ), f x sketch the graph of ( ) 1 1 . 2 y f x = − Solution 1 mark for vertical stretch 1 mark for horizontal translation 1 mark for absolute value 3 marks y 1 x 1 ( ) f x y 1 x 1 ( ) f x 54 Pre-Calculus Mathematics: Marking Guide (January 2017)"
2017,jan,January 2017,17,R12,/home/max/testgen-suite/ocr-frq/mb-exams/source-pdfs/marking-guides/pc_17_jan_mg.pdf,[60],1,1 mark,1.0,Question 17 R12 Explain why ( ) ( ) ( ) 1 2 3 2 1 f x x x = + − is not a polynomial function. Solution All factors in a polynomial function must have exponents that are whole numbers. 1 mark 56 Pre-Calculus Mathematics: Marking Guide (January 2017)
2017,jan,January 2017,18,R1,/home/max/testgen-suite/ocr-frq/mb-exams/source-pdfs/marking-guides/pc_17_jan_mg.pdf,[62],1,1 mark,1.0,"Question 18 R1 Given the graphs of ( ) f x and ( ), g x sketch the graph of ( ) ( )( ) h x f g x =  . Solution 1 mark for operation of multiplication 1 mark for restricted domain 2 marks y x • • • • • 1 1 x ( ) f x ( ) g x ( )( ) f g x  –1 1 –2 –2 1 3 –2 –6 3 3 2 6 y x • • • • • 1 • 1 ( ) f x ( ) "
2017,jan,January 2017,19,T6,/home/max/testgen-suite/ocr-frq/mb-exams/source-pdfs/marking-guides/pc_17_jan_mg.pdf,[67],1,,0.0,Question 19 T6 Identify the trigonometric function that is equivalent to sin cos cos sin . 4 3 4 3 π π π π + a) 2 sin 7 π b) 7 sin 12 π c) 2 cos 7 π d) 7 cos 12 π 
2017,jan,January 2017,20,R7,/home/max/testgen-suite/ocr-frq/mb-exams/source-pdfs/marking-guides/pc_17_jan_mg.pdf,[67],1,,0.0,Question 20 R7 Identify the logarithmic form of 5 6 x = . a) 5 log 6 x = b) 5 log 6 x = c) 6 log 5 x = d) 6 log 5 x = Pre-Calculus Mathematics: Marking Guide (January 2017) 63
2017,jan,January 2017,21,T4,/home/max/testgen-suite/ocr-frq/mb-exams/source-pdfs/marking-guides/pc_17_jan_mg.pdf,[68],1,,0.0,"Question 21 T4 Given ( ) ( ) 3cos 2 1 and sin 1, f g = − = + θ θ θ θ identify which statement is true. a) Both functions have the same period. b) Both functions have the same amplitude. c) Both functions have the same minimum value. d) Both functions have the same maximum value. "
2017,jan,January 2017,22,P4,/home/max/testgen-suite/ocr-frq/mb-exams/source-pdfs/marking-guides/pc_17_jan_mg.pdf,[68],1,,0.0,Question 22 P4 Identify the fourth term in the expansion of ( )5 . x y + a) 4 10x y b) 3 2 10x y c) 2 3 10x y d) 4 10xy 64 Pre-Calculus Mathematics: Marking Guide (January 2017)
2017,jan,January 2017,23,T5,/home/max/testgen-suite/ocr-frq/mb-exams/source-pdfs/marking-guides/pc_17_jan_mg.pdf,[69],1,,0.0,"Question 23 T5 Given the graphs of ( ) f x and ( ), g x identify the choice with all of the solutions of the equation ( ) ( ) f x g x = . a) 2 , , 0, , 2 x = −π −π π π b) , 0, 2 2 x π π = − c) 2 x π = d) 1, 0, 1 x = − ( ) f x ( ) g x 2 π 1 x y Pre-Calculus Mathematics: Marking Guide (January 2017) 6"
2017,jan,January 2017,24,R6,/home/max/testgen-suite/ocr-frq/mb-exams/source-pdfs/marking-guides/pc_17_jan_mg.pdf,[70],1,,0.0,"Question 24 R6 Identify the graph of ( ) ( ) 1 2 if 9, 0. f x f x x x − = − ≥ a) b) c) d) 1 1 x y   9 − 1 1 x y 9 −  1 1 x y 9 −  9 − 1 1 x y • 66 Pre-Calculus Mathematics: Marking Guide (January 2017)"
2017,jan,January 2017,25,R11,/home/max/testgen-suite/ocr-frq/mb-exams/source-pdfs/marking-guides/pc_17_jan_mg.pdf,[71],1,,0.0,"Question 25 R11 Using the remainder theorem, identify which value of x results in a remainder of zero given ( ) 3 2 7 14 8. p x x x x = + + + a) 1 b) 0 c) 1 − d) 3 − "
2017,jan,January 2017,26,T3,/home/max/testgen-suite/ocr-frq/mb-exams/source-pdfs/marking-guides/pc_17_jan_mg.pdf,[71],1,,0.0,Question 26 T3 Evaluate cos cos . 2  3π            a) 1 b) 1 2 c) 0 d) 1 − Pre-Calculus Mathematics: Marking Guide (January 2017) 67
2017,jan,January 2017,27,R12,/home/max/testgen-suite/ocr-frq/mb-exams/source-pdfs/marking-guides/pc_17_jan_mg.pdf,[72],1,2 marks,2.0,Question 27 R12 Match the following equations with their graphs: Solution Place the appropriate letter in this column. ( ) ( ) ( )( ) 3 1 1 3 f x x x x = − + − ( ) ( ) ( )( ) 2 1 1 3 g x x x x = + − + ( ) ( ) ( )( ) 2 2 1 1 3 h x x x x = − − + − ( ) ( ) ( )( ) 2 2 1 1 3 k x x x x = + − + A) B) C) D)
2017,jan,January 2017,28,R8,/home/max/testgen-suite/ocr-frq/mb-exams/source-pdfs/marking-guides/pc_17_jan_mg.pdf,[74],1,1 mark,1.0,"Question 28 R8 If log 6 ,p = log5 r = and log 2 q = , express log 60 in terms of , and . p q r Solution log 60 log(6 5 2) log 6 log5 log 2 p r q = = + + = + +   ½ mark for combination 1 mark for product law ½ mark for substitution 2 marks 70 Pre-Calculus Mathematics: Marking Guide (January 2017)"
2017,jan,January 2017,29,R13,/home/max/testgen-suite/ocr-frq/mb-exams/source-pdfs/marking-guides/pc_17_jan_mg.pdf,[76],1,1 mark,1.0,Question 29 R13 Sketch the graph of 2 1 y x = − + . Solution Method 1 Method 2 1 mark for shape of a radical function 1 mark for horizontal compression 1 mark for vertical translation 1 mark for horizontal reflection 4 marks ½ mark for shape between invariant points ½ mark for shape to the left of t
2017,jan,January 2017,30,P2,/home/max/testgen-suite/ocr-frq/mb-exams/source-pdfs/marking-guides/pc_17_jan_mg.pdf,[80],1,1 mark,1.0,"Question 30 P2 Justify why the letters of the word FRANCE have a greater number of possible arrangements than the letters of the word CANADA. Solution CANADA has repeated letters that, when placed in different orders, do not change the arrangements of the letters. 6! FRANCE: 6! CANADA: 3! France has"
2017,jan,January 2017,31,"R1, R14",/home/max/testgen-suite/ocr-frq/mb-exams/source-pdfs/marking-guides/pc_17_jan_mg.pdf,[82],1,b) 1 mark,1.0,"Question 31 R1, R14 Given ( ) 1 2 f x x = − and ( ) 5, g x x = + a) determine the equation for ( ) ( ) f g x . b) sketch the graph of ( ) ( ) f g x . Solution ( ) ( ) ( ) 1 5 2 1 3 f g x x x = + − = + b) 1 mark 1 mark for asymptotic behaviour approaching 3 x = − 1 mark for asymptotic behaviour appro"
2017,jan,January 2017,32,T6,/home/max/testgen-suite/ocr-frq/mb-exams/source-pdfs/marking-guides/pc_17_jan_mg.pdf,"[86, 87]",2,1 mark,1.0,"Question 32 T6 Given that 3 sin 7 α = , where α is in Quadrant II, and 4 cos 5 β = , where β is in Quadrant IV, determine the exact value of: a) ( ) sin α β − Solution Note(s):  accept any of the following values for : 40, 40 or 40 x x x x = ± = − =  accept any of the following values for : 3, 3 o"
2017,jan,January 2017,33,R13,/home/max/testgen-suite/ocr-frq/mb-exams/source-pdfs/marking-guides/pc_17_jan_mg.pdf,[92],1,2 marks,2.0,"Question 33 R13 Determine the domain and range of ( ) 5 1. f x x = − − Solution Domain: { } ) 5 5, x x ∈ ≥  ∞  or  Range: { } ) 1 1, y y ∈ ≥− −∞  or  2 marks 1 mark for domain 1 mark for range 88 Pre-Calculus Mathematics: Marking Guide (January 2017)"
2017,jan,January 2017,34,R7,/home/max/testgen-suite/ocr-frq/mb-exams/source-pdfs/marking-guides/pc_17_jan_mg.pdf,[94],1,1 mark,1.0,Question 34 R7 Justify why 4.7 is a better estimate than 4.3 for the value of 2 log 26. Solution 4 5 2 2 2 16 2 32 log 16 4 log 32 5 = = = = or 26 is closer to 32 than 16; therefore 2 log 26 is closer to 5 than 4. 1 mark 90 Pre-Calculus Mathematics: Marking Guide (January 2017)
2017,jan,January 2017,35,R14,/home/max/testgen-suite/ocr-frq/mb-exams/source-pdfs/marking-guides/pc_17_jan_mg.pdf,[98],1,1 mark,1.0,"Question 35 R14 Sketch the graph of the function: ( ) ( )( ) ( ) 2 4 2 x x x f x x − − = − Solution 1 mark for point of discontinuity (hole) at (2, 4) − (½ mark for x value, ½ mark for y value) ½ mark for shape of a parabola ½ mark for end behaviour 2 marks y x 1 1 94 Pre-Calculus Mathematics: Marki"
2017,jan,January 2017,36,T3,/home/max/testgen-suite/ocr-frq/mb-exams/source-pdfs/marking-guides/pc_17_jan_mg.pdf,[104],1,1 mark,1.0,"Question 36 T3 Evaluate: 2 2 sec tan csc 6 6 3 π 7π π       + −             Solution 2 2 3 2 3 3 3 4 2 3 3 2 3       + −                   −         1 mark for sec 6 π       (½ mark for value, ½ mark for quadrant) 1 mark for tan 6 7π      "
2017,jan,January 2017,37,R5,/home/max/testgen-suite/ocr-frq/mb-exams/source-pdfs/marking-guides/pc_17_jan_mg.pdf,[108],1,1 mark,1.0,Question 37 R5 The graph of ( ) 3 7 f x x = + is reflected over the y -axis. Determine the equation of the new function. Solution ( ) 3 7 y x y f x = − + = − or 1 mark 104 Pre-Calculus Mathematics: Marking Guide (January 2017)
2017,jan,January 2017,38,R14,/home/max/testgen-suite/ocr-frq/mb-exams/source-pdfs/marking-guides/pc_17_jan_mg.pdf,[110],1,1 mark,1.0,Question 38 R14 Determine the equations of all of the asymptotes of the function: 2 1 3 x y x + = − Solution Horizontal asymptote at 2 y = Vertical asymptote at 3 x = 1 mark for horizontal asymptote 1 mark for vertical asymptote 2 marks 106 Pre-Calculus Mathematics: Marking Guide (January 2017)
2017,jan,January 2017,39,R11,/home/max/testgen-suite/ocr-frq/mb-exams/source-pdfs/marking-guides/pc_17_jan_mg.pdf,[112],1,1 mark,1.0,Question 39 R11 One of the zeros of ( ) 3 2 6 32 p x x x = + − is 2. x = Determine all of the other zeros of ( ). p x Solution 2 1 6 0 32 2 16 32 1 8 16 0 − ↓ ( )( ) 2 0 8 16 0 4 4 4 x x x x x = + + = + + = − 1 mark for synthetic division (or any equivalent strategy) ½ mark for the other factors ½ m
2017,jan,January 2017,40,R9,/home/max/testgen-suite/ocr-frq/mb-exams/source-pdfs/marking-guides/pc_17_jan_mg.pdf,[114],1,1 mark,1.0,Question 40 R9 Sketch the graph of 2 2. x y = − + Solution 1 mark for shape of an exponential function 1 mark for vertical reflection 1 mark for asymptotic behaviour approaching 2 y = 3 marks y x 1 1 110 Pre-Calculus Mathematics: Marking Guide (January 2017)
2017,jan,January 2017,41,R1,/home/max/testgen-suite/ocr-frq/mb-exams/source-pdfs/marking-guides/pc_17_jan_mg.pdf,[118],1,1 mark,1.0,"Question 41 R1 Given the function ( ) 2 1, f x x = − justify why ( ) ( ) 2 f f is undefined. Solution ( ) ( ) ( ) 2 2 1 2 1 1 0 2 2 1, which is undefined because the denominator 0 cannot be zero. f f f = − = − = = − 1 mark for justification 1 mark 114 Pre-Calculus Mathematics: Marking Guide (January"
2017,jan,January 2017,42,T4,/home/max/testgen-suite/ocr-frq/mb-exams/source-pdfs/marking-guides/pc_17_jan_mg.pdf,[120],1,1 mark,1.0,"Question 42 T4 The following graph represents the volume of air in an adult’s lungs. If ( ) V t is the volume of air in litres and t is the time in seconds, determine an equation that represents this sinusoidal function. Solution ( ) ( ) ( ) 2sin 4 4 2cos 2 4 4 V t t V t t π   = +     π   = "
2017,jan,January 2017,43,R9,/home/max/testgen-suite/ocr-frq/mb-exams/source-pdfs/marking-guides/pc_17_jan_mg.pdf,[122],1,1 mark,1.0,Question 43 R9 Explain why the domain of ( ) 2 log 1 y x = − is 1. x > Solution The argument of a logarithmic function must be positive. 1 mark 118 Pre-Calculus Mathematics: Marking Guide (January 2017)
2017,jan,January 2017,44,T2,/home/max/testgen-suite/ocr-frq/mb-exams/source-pdfs/marking-guides/pc_17_jan_mg.pdf,[126],1,1 mark,1.0,"Question 44 T2 The point ( ) 2,7 − is on the terminal arm of an angle in standard position. Determine the coordinates of the corresponding point, ( ), P θ on the unit circle. Solution ( ) ( ) ( ) 2 2 2 2 2 2 2 2 2 7 4 49 53 53 2 7 , 53 53 x y r r r r r P θ + = − + = + = = = −   =     ½ mark fo"
2017,jan,January 2017,45,R12,/home/max/testgen-suite/ocr-frq/mb-exams/source-pdfs/marking-guides/pc_17_jan_mg.pdf,[130],1,1 mark,1.0,Question 45 R12 Sketch a graph of ( ) P x that satisfies all of the following conditions: • ( ) P x is a polynomial function of degree 3. • ( ) P x has a zero at 3 − with a multiplicity of 2. • ( ) P x has a zero at 1. • ( ) P x has a leading coefficient of 3. − Solution 1 mark for x -intercepts 1 m
2017,jan,January 2017,46,P1,/home/max/testgen-suite/ocr-frq/mb-exams/source-pdfs/marking-guides/pc_17_jan_mg.pdf,[134],1,1 mark,1.0,"Question 46 P1 Determine how many 4-digit numbers greater than 4000 can be made using the digits 2, 3, 4, 5, and 6 if repetitions are not allowed. Solution 3 4 3 2 72 4,5,6 =    1 mark for restriction of first digit 1 mark for fundamental counting principle 2 marks remaining options 130 Pre-Calcu"
2017,jun,June 2017,1,T1,/home/max/testgen-suite/ocr-frq/mb-exams/source-pdfs/marking-guides/pc_17_jun_mg.pdf,[10],1,1 mark,1.0,"Question 1 T1 A section of a car windshield is cleaned by a wiper as shown in the diagram below. The arm of the wiper is 22 inches, and it rotates through a central angle of 132°. Determine the length of the arc that is created by the tip of the wiper. Solution 132 180 132 180 15 (22) 15 inches 15 5"
2017,jun,June 2017,2,P3,/home/max/testgen-suite/ocr-frq/mb-exams/source-pdfs/marking-guides/pc_17_jun_mg.pdf,[12],1,1 mark,1.0,Question 2 P3 There are 20 boys and 11 girls who can be selected to be on a team. Determine the number of ways that 7 boys and 5 girls can be selected for this team. Solution 20 7 11 5 35 814 240 C C =  ½ mark for 20 7 C ½ mark for 11 5 C 1 mark for the product of combinations
2017,jun,June 2017,3,R10,/home/max/testgen-suite/ocr-frq/mb-exams/source-pdfs/marking-guides/pc_17_jun_mg.pdf,[14],1,2 marks,2.0,"Question 3 R10 A water filtration system which removes impurities from a sample of water can be modelled by ( ) 0.25 0.55 , n P = where: P = the percentage of impurities remaining, in decimal form n = the number of filters Determine, algebraically, how many filters are required so that less than 1% "
2017,jun,June 2017,4,P4,/home/max/testgen-suite/ocr-frq/mb-exams/source-pdfs/marking-guides/pc_17_jun_mg.pdf,[18],1,2 marks,2.0,"Question 4 P4 In the binomial expansion of 8 2 2 , x y   −     determine the middle term in simplified form. Solution ( ) 4 8 4 2 5 8 4 8 5 4 8 5 4 2 16 70 1120 t C x y t x y x t y −  = −       =       = 2 marks (1 mark for 8 4 C , ½ mark for each consistent factor) 1 mark for si"
2017,jun,June 2017,5,T5,/home/max/testgen-suite/ocr-frq/mb-exams/source-pdfs/marking-guides/pc_17_jun_mg.pdf,[22],1,1 mark,1.0,"Question 5 T5 Solve the following equation algebraically over the interval [ ] 0, 2 . π 2 6sin sin 1 0 θ θ + − = Solution ( )( ) 3sin 1 2sin 1 0 θ θ − + = 3sin 1 0 2sin 1 0 1 1 sin sin 3 2 0.339836 7 0.340 6 11 2.802 6 0.340, 2.802, 3.665, 5.760 r θ θ θ θ θ θ θ θ θ θ − = + = = = − = π = = π = = = or"
2017,jun,June 2017,6,"R4, R5",/home/max/testgen-suite/ocr-frq/mb-exams/source-pdfs/marking-guides/pc_17_jun_mg.pdf,[26],1,1 mark,1.0,"Question 6 R4, R5 Given the graph of ( ), y f x = sketch the graph of ( ) 4 y f x = −+ . Solution 1 mark for reflection over the y-axis 1 mark for horizontal translation 2 marks y x 1 1 y x 1 1 ( ) f x"
2017,jun,June 2017,7,"T2, T3",/home/max/testgen-suite/ocr-frq/mb-exams/source-pdfs/marking-guides/pc_17_jun_mg.pdf,[30],1,1 mark,1.0,"Question 7 T2, T3 Given the following triangle, determine csc . θ Solution 2 2 2 2 2 2 2 2 5 21 21 5 csc 21 x y r y y y θ + = + = = = ± = − Note(s):  Accept any of the following values for : 21, y 21, or 21. y y y = ± = = − ½ mark for substitution ½ mark for solving for y 1 mark for cscθ (½ mark fo"
2017,jun,June 2017,8,P2,/home/max/testgen-suite/ocr-frq/mb-exams/source-pdfs/marking-guides/pc_17_jun_mg.pdf,[34],1,1 mark,1.0,Question 8 P2 Solve algebraically. 2 9 n P n = Solution ( ) ( )( ) ( ) ( ) ( ) 2 2 ! 9 2 ! 1 2 ! 9 2 ! 1 9 9 10 0 10 0 0 n n n n n n n n n n n n n n n n n n n = − − − = − − = − = − = − = = 10 n = ½ mark for substitution into equation 1 mark for factorial expansion ½ mark for simplification of factor
2017,jun,June 2017,9,R13,/home/max/testgen-suite/ocr-frq/mb-exams/source-pdfs/marking-guides/pc_17_jun_mg.pdf,[38],1,1 mark,1.0,Question 9 R13 Describe the transformations applied to the graph of ( ) f x to obtain the graph of ( ). g x Solution A reflection over the x-axis then a vertical translation of one unit down. or A vertical translation of one unit up then a reflection over the x-axis. Note(s):  Award a maximum of 1 
2017,jun,June 2017,10,R12,/home/max/testgen-suite/ocr-frq/mb-exams/source-pdfs/marking-guides/pc_17_jun_mg.pdf,[40],1,2 marks,2.0,"Question 10 R12 Determine, algebraically, the value of the leading coefficient of the graph of the polynomial function, ( ). p x Solution ( ) ( )( ) ( ) ( )( ) ( ) 3 3 3 1 1 12 3 1 1 12 3 4 p x a x x x a a a = + + − − = − − = − = ½ mark for factors of ( ) p x ½ mark for odd multiplicity for ( )1 x +"
2017,jun,June 2017,11,P1,/home/max/testgen-suite/ocr-frq/mb-exams/source-pdfs/marking-guides/pc_17_jun_mg.pdf,[44],1,1 mark,1.0,"Question 11 P1 Frank, Liam, Chan, and Thao are going to a movie. Determine the number of ways they can sit in a row of four chairs, if Frank and Chan must sit beside each other. Solution 3!2! 12 ½ mark for 3! ½ mark for 2! as a product of factorials 1 mark"
2017,jun,June 2017,12,R6,/home/max/testgen-suite/ocr-frq/mb-exams/source-pdfs/marking-guides/pc_17_jun_mg.pdf,[46],1,2 marks,2.0,"Question 12 R6 Determine, algebraically, if ( ) 1 5 f x x = + and ( ) 1 5 g x x = − are inverses of each other. Justify your answer. Solution Method 1 ( ) ( ) 1 Let 1 5 1 5 1 5 1 5 1 5 f x y y x x y y x y x f x x − = = + = + + = = − = − ( ) ( ) 1 f x g x − ∴ ≠ Method 2 ( ) ( ) ( ) ( ) ( ) ( ) 1 1 5 "
2017,jun,June 2017,13,R13,/home/max/testgen-suite/ocr-frq/mb-exams/source-pdfs/marking-guides/pc_17_jun_mg.pdf,[48],1,1 mark,1.0,"Question 13 R13 Using the graphs of ( ) y f x = and ( ), y g x = solve ( ) ( ). f x g x = Solution 2 x = 1 mark y 1 1 x ( ) f x ( ) g x"
2017,jun,June 2017,14,T1,/home/max/testgen-suite/ocr-frq/mb-exams/source-pdfs/marking-guides/pc_17_jun_mg.pdf,[50],1,1 mark,1.0,"Question 14 T1 An angle in standard position measures 3 . 4 π Determine in which quadrant the terminal arm of this angle is located after a rotation of 3 radians. Justify your answer. Solution or The angle 3 4 π terminates in quadrant II. A rotation of 3 radians is almost a half rotation; therefore,"
2017,jun,June 2017,15,T6,/home/max/testgen-suite/ocr-frq/mb-exams/source-pdfs/marking-guides/pc_17_jun_mg.pdf,[52],1,1 mark,1.0,Question 15 T6 Prove the following identity for all permissible values of . θ sin 2 cot 1 cos 2 θ θ θ = − Solution 1 mark for correct substitution of identities 1 mark for appropriate algebraic strategies 1 mark for logical process to prove the identity 3 marks Left-Hand Side Right-Hand Side ( ) 2 2
2017,jun,June 2017,16,R3,/home/max/testgen-suite/ocr-frq/mb-exams/source-pdfs/marking-guides/pc_17_jun_mg.pdf,[56],1,1 mark,1.0,"Question 16 R3 If the range of ( ) y f x = is 3 6, y −≤ ≤ determine the range of ( ) 2 3 . y f x = Solution [ ] 6,12 6 12 y − −≤ ≤ or 1 mark"
2017,jun,June 2017,17,T5,/home/max/testgen-suite/ocr-frq/mb-exams/source-pdfs/marking-guides/pc_17_jun_mg.pdf,[58],1,1 mark,1.0,"Question 17 T5 Maurice incorrectly solved the equation, sin 1 0, θ + = over the interval 0 , 360 .       Describe his error. Solution Maurice should have written that θ is equal to 270 not sin 270 . θ =  1 mark"
2017,jun,June 2017,18,R2,/home/max/testgen-suite/ocr-frq/mb-exams/source-pdfs/marking-guides/pc_17_jun_mg.pdf,[63],1,,0.0,"Question 18 R2 If ( ) 3,5 P is a point on the graph of ( ) y f x = , identify the corresponding point on the graph of ( ) 1 7. y f x = − + a) ( ) 2,12 b) ( ) 4, 2 − c) ( ) 2, 2 − d) ( ) 4,12 "
2017,jun,June 2017,19,R5,/home/max/testgen-suite/ocr-frq/mb-exams/source-pdfs/marking-guides/pc_17_jun_mg.pdf,[63],1,,0.0,Question 19 R5 Identify how the graph of 3x y = is transformed to the graph of 3 .x y − = a) reflected over the x-axis b) reflected over the y-axis c) reflected over both the x-axis and the y-axis d) reflected over the line y x = 
2017,jun,June 2017,20,R7,/home/max/testgen-suite/ocr-frq/mb-exams/source-pdfs/marking-guides/pc_17_jun_mg.pdf,[63],1,,0.0,Question 20 R7 Identify the equation loga b c = in exponential form. a) c b a = b) c a b = c) b a c = d) a c b =
2017,jun,June 2017,21,T4,/home/max/testgen-suite/ocr-frq/mb-exams/source-pdfs/marking-guides/pc_17_jun_mg.pdf,[64],1,,0.0,Question 21 T4 Identify the graph of tan . y x = a) b) c) d) y 1 x 2 π 1 1 2 π x y 2 π 1 y x 2 π 1 y x
2017,jun,June 2017,22,R9,/home/max/testgen-suite/ocr-frq/mb-exams/source-pdfs/marking-guides/pc_17_jun_mg.pdf,[65],1,,0.0,Question 22 R9 Identify which of the following graphs represents a logarithmic function. a) b) c) d) y x 1 1 y x 1 1 y x 1 1 y x 1 1
2017,jun,June 2017,23,R12,/home/max/testgen-suite/ocr-frq/mb-exams/source-pdfs/marking-guides/pc_17_jun_mg.pdf,[66],1,,0.0,"Question 23 R12 If the volume of a box is represented by ( ) ( )( )( ) 4 2 1 , V x x x x = + + − identify a possible value of .x a) 4 − b) 1 − c) 1 d) 4 "
2017,jun,June 2017,24,T1,/home/max/testgen-suite/ocr-frq/mb-exams/source-pdfs/marking-guides/pc_17_jun_mg.pdf,[66],1,,0.0,Question 24 T1 Identify a coterminal angle for 3 θ π = − . a) 3 π b) 4 3 π c) 7 3 π d) 11 3 π 
2017,jun,June 2017,25,P3,/home/max/testgen-suite/ocr-frq/mb-exams/source-pdfs/marking-guides/pc_17_jun_mg.pdf,[66],1,,0.0,Question 25 P3 Identify the value of n in the equation 3 6. n n C C = a) 3 b) 6 c) 9 d) 18
2017,jun,June 2017,26,R14,/home/max/testgen-suite/ocr-frq/mb-exams/source-pdfs/marking-guides/pc_17_jun_mg.pdf,[67],1,,0.0,"Question 26 R14 Identify the equation of the function, ( ), f x for the following graph. a) ( ) 2 3 x f x x = + b) ( ) 2 3 f x x = + c) ( ) ( ) 2 2 3 x f x x x = + d) ( ) ( ) 2 3 2 x f x x x = + ( ) f x x y 1 1"
2017,jun,June 2017,27,R13,/home/max/testgen-suite/ocr-frq/mb-exams/source-pdfs/marking-guides/pc_17_jun_mg.pdf,[68],1,2 marks,2.0,Question 27 R13 Match the following radical functions with their graphs. Solution Place the appropriate letter in this column. ( ) ( ) 2 3 f x x = − + ( ) ( ) 2 3 g x x = − + ( ) ( ) 3 2 h x x = − ( ) ( ) 3 2 k x x = − A) B) C) D) B C A D ½ mark for each correct answer 2 marks y x 1 1 y x 1 1 y x 1 
2017,jun,June 2017,28,R11,/home/max/testgen-suite/ocr-frq/mb-exams/source-pdfs/marking-guides/pc_17_jun_mg.pdf,[70],1,1 mark,1.0,Question 28 R11 Express ( ) 3 2 2 4 8 p x x x x = − − + as a product of factors. Solution ( ) ( ) ( ) ( ) ( )( ) ( ) ( )( )( ) ( ) ( ) ( ) 2 3 2 2 2 2 2 2 4 2 8 8 8 8 8 0 2 1 2 4 8 2 0 8 1 0 4 0 2 4 2 2 2 2 2 p p x x x p x x x x p x x x = − − + = − − + = − − ↓ − − = − − = − − + = − + or or 1 mark fo
2017,jun,June 2017,29,R1,/home/max/testgen-suite/ocr-frq/mb-exams/source-pdfs/marking-guides/pc_17_jun_mg.pdf,[72],1,1 mark,1.0,"Question 29 R1 Given the graph of ( ) ( )( ) 3 1 , f x x x = + − a) sketch the graph of b) describe how to sketch the graph of ( ) ( ) . h x f x = Solution a) b) Change all negative y-values to positive values. The positive y-values do not change. Note(s):  Award 1 mark if only vertical asymptotes "
2017,jun,June 2017,30,R9,/home/max/testgen-suite/ocr-frq/mb-exams/source-pdfs/marking-guides/pc_17_jun_mg.pdf,[78],1,1 mark,1.0,"Question 30 R9 Describe how the value of m in the equation ( ) 3 log , y x m m = − ∈, affects the asymptote on the graph of 3 log . y x = Solution The vertical asymptote is translated horizontally left or right m units from the y-axis. 1 mark"
2017,jun,June 2017,31,R10,/home/max/testgen-suite/ocr-frq/mb-exams/source-pdfs/marking-guides/pc_17_jun_mg.pdf,[80],1,1 mark,1.0,Question 31 R10 Solve algebraically. 3 1 1 25 5 x x − +   =     Solution ( ) ( ) 3 1 2 1 2 3 1 5 5 5 5 2 3 1 1 x x x x x x x − + − − = = = − = 1 mark for changing to a common base ½ mark for exponent law ½ mark for equating exponents 2 marks
2017,jun,June 2017,32,"T5, T6",/home/max/testgen-suite/ocr-frq/mb-exams/source-pdfs/marking-guides/pc_17_jun_mg.pdf,"[84, 85]",2,1 mark,1.0,"Question 32 T5, T6 Solve cos 2 0 θ = , where θ ∈. Solution Method 1 2 2 1 2sin 0 1 sin 2 2 2 sin sin 2 2 3 5 7 , , 4 4 4 4 4 where , where 3 4 2 4 k k k k k θ θ θ θ θ θ θ π π θ − = = − = = π π π π = = π  = + π  ∈ = + ∈  π  = + π  or   Method 2 2 2 2cos 1 0 1 cos 2 2 2 cos cos 2 2 7 3 5 , ,"
2017,jun,June 2017,33,R12,/home/max/testgen-suite/ocr-frq/mb-exams/source-pdfs/marking-guides/pc_17_jun_mg.pdf,[88],1,1 mark,1.0,"Question 33 R12 Describe a difference between the graphs of ( ) y f x = and ( ). y g x = ( ) ( ) ( ) ( ) ( ) ( ) 2 2 2 1 3 2 1 3 f x x x g x x x = − + + = + + Solution The end behaviour is different, because the graph of ( ) f x falls to the right and the graph of ( ) g x rises to the right. or The "
2017,jun,June 2017,34,R13,/home/max/testgen-suite/ocr-frq/mb-exams/source-pdfs/marking-guides/pc_17_jun_mg.pdf,[90],1,1 mark,1.0,"Question 34 R13 Given the graph of ( ), y f x = sketch the graph of ( ). f x Solution 1 mark for restricted domain ½ mark for shape between both invariant points, { } 0 1 y ≤ ≤ ½ mark for shape above invariant points, { } 1 2 y ≤ ≤ 2 marks y x 1 1 ( ) f x y x 1 1 ( ) f x"
2017,jun,June 2017,35,R12,/home/max/testgen-suite/ocr-frq/mb-exams/source-pdfs/marking-guides/pc_17_jun_mg.pdf,[92],1,1 mark,1.0,"Question 35 R12 Describe the relationship between the zeros of the function ( ) ( )( )2 2 1 3 , f x x x = − + the roots of the equation ( )( )2 2 1 3 0 x x − + = , and the x -intercepts of the graph of ( ). y f x = Solution The zeros, roots, and x -intercepts all have the same values. 1 mark"
2017,jun,June 2017,36,T4,/home/max/testgen-suite/ocr-frq/mb-exams/source-pdfs/marking-guides/pc_17_jun_mg.pdf,[94],1,1 mark,1.0,Question 36 T4 Sketch a graph of at least one period of the function ( ) 1 cos 3. 2 2 f x x  π    = − +         Solution 1 mark for period 1 mark for horizontal translation 1 mark for vertical translation 3 marks 1 − 2 − 4 − −π x π 2π 3π 4π y 3 − • • • • •
2017,jun,June 2017,37,T6,/home/max/testgen-suite/ocr-frq/mb-exams/source-pdfs/marking-guides/pc_17_jun_mg.pdf,[98],1,1 mark,1.0,Question 37 T6 Verify that 3 θ 4π = is a solution of the equation 2 4cos 1 0. θ − = Solution 2 2 Left-hand side 4cos 1 3 1 4 1 2 1 4 1 4 0 Right-hand side 4π   = −     −   = −       = −     = = ½ mark for value of cos 3 4π       ½ mark for verification 1 mark
2017,jun,June 2017,38,R14,/home/max/testgen-suite/ocr-frq/mb-exams/source-pdfs/marking-guides/pc_17_jun_mg.pdf,[102],1,1 mark,1.0,Question 38 R14 Describe how to determine the equation of the horizontal asymptote of a rational function when the degree of the polynomial in the numerator and the degree of the polynomial in the denominator are equal. Solution The horizontal asymptote is a y b = where a is the leading coefficient 
2017,jun,June 2017,39,T3,/home/max/testgen-suite/ocr-frq/mb-exams/source-pdfs/marking-guides/pc_17_jun_mg.pdf,[104],1,1 mark,1.0,"Question 39 T3 Evaluate. 5 cot 6 17 sin 3 π   −     π       Solution ( ) 3 3 2 2 3 3 2 −   −     − 1 mark for 5 cot 6 π   −     (½ mark for value, ½ mark for quadrant) 1 mark for sin 3 17π       (½ mark for value, ½ mark for quadrant) 2 marks"
2017,jun,June 2017,40,R14,/home/max/testgen-suite/ocr-frq/mb-exams/source-pdfs/marking-guides/pc_17_jun_mg.pdf,[106],1,1 mark,1.0,"Question 40 R14 Sketch the graph of the function ( ) ( )2 1 1 f x x − = − and determine the range. Solution Range: { } 0 y y ∈ <  or Range: ( ) ,0 − 1 mark for asymptotic behaviour at 1 x = 1 mark for asymptotic behaviour at 0 y = ½ mark for graph left of 1 x = ½ mark for graph right of 1 x = 1 ma"
2017,jun,June 2017,41,R1,/home/max/testgen-suite/ocr-frq/mb-exams/source-pdfs/marking-guides/pc_17_jun_mg.pdf,[110],1,1 mark,1.0,"Question 41 R1 Given ( ) 2 f x x = − and ( ) 2 1, g x x = + a) determine ( ) ( ). g f x b) explain why the domain of ( ) ( ) g f x is restricted. Solution a) b) The domain of ( ) ( ) g f x must be restricted because the domain of ( ) f x is restricted. or The value of the radicand must be positive. "
2017,jun,June 2017,42,"R7, R10",/home/max/testgen-suite/ocr-frq/mb-exams/source-pdfs/marking-guides/pc_17_jun_mg.pdf,[114],1,1 mark,1.0,"Question 42 R7, R10 Solve algebraically. 2log 3 log 4 2, where 0 a a a + = > Solution ( ) 2 2 log 3 4 2 log 36 2 36 6 a a a a = = = =  1 mark for power law 1 mark for product law 1 mark for exponential form 3 marks"
2017,jun,June 2017,43,T5,/home/max/testgen-suite/ocr-frq/mb-exams/source-pdfs/marking-guides/pc_17_jun_mg.pdf,[118],1,1 mark,1.0,"Question 43 T5 Solve sec 2 0 θ + = over the interval [ ] 0, 2 . π Solution 1 mark for reciprocal 1 mark for values of θ (½ mark for each value) 2 marks sec 2 0 sec 2 1 cos 2 2 4 , 3 3 θ θ θ θ + = = − = − π π ="
2017,jun,June 2017,44,R9,/home/max/testgen-suite/ocr-frq/mb-exams/source-pdfs/marking-guides/pc_17_jun_mg.pdf,[120],1,1 mark,1.0,Question 44 R9 Determine the x-intercept of the graph of ( ) 1. x f x e = − Solution Method 1 0 1 1 0 x x e e x = − = = Method 2 1 mark 1 mark ½ mark for substitution ½ mark for solving for x 0 x ∴ = • 1 1 x y •
2017,jun,June 2017,45,P4,/home/max/testgen-suite/ocr-frq/mb-exams/source-pdfs/marking-guides/pc_17_jun_mg.pdf,[122],1,1 mark,1.0,"Question 45 P4 Given the 5th row of Pascal’s triangle, determine the values of the next row. 1 4 6 4 1 Solution 1 5 10 10 5 1 1 mark"
2017,jun,June 2017,46,"R7, R8",/home/max/testgen-suite/ocr-frq/mb-exams/source-pdfs/marking-guides/pc_17_jun_mg.pdf,[124],1,1 mark,1.0,"Question 46 R7, R8 Evaluate. 2 2 log 80 log 10 − Solution 2 2 80 log 10 log 8 3       1 mark for quotient law 1 mark for evaluating the logarithm 2 marks"
2017,jun,June 2017,47,T4,/home/max/testgen-suite/ocr-frq/mb-exams/source-pdfs/marking-guides/pc_17_jun_mg.pdf,[126],1,1 mark,1.0,Question 47 T4 State the amplitude of ( ) ( ) 2sin 1. f x x = − −π − Solution 2 1 mark
2017,jun,June 2017,48,"T3, T6",/home/max/testgen-suite/ocr-frq/mb-exams/source-pdfs/marking-guides/pc_17_jun_mg.pdf,[128],1,1 mark,1.0,"Question 48 T3, T6 Determine the exact value of cos15 .  Solution ( ) ( ) cos 15 cos 60 45 cos 60 cos 45 sin 60 sin 45 1 2 3 2 2 2 2 2 2 6 4 4 2 6 4 = − = +        = +                  = + + =        Note(s):  Other combinations are possible. 1 mark for substit"
2017,jun,June 2017,49,R1,/home/max/testgen-suite/ocr-frq/mb-exams/source-pdfs/marking-guides/pc_17_jun_mg.pdf,[132],1,b) 1 mark; a) 1 mark,2.0,"Question 49 R1 Given ( ) 2 5 6, f x x x = + + ( ) 3, g x x = + and ( ) ( ) ( ), h x f x g x = − a) determine ( ). h x b) sketch the graph of ( ). y h x = Solution a) ( ) ( ) ( ) 2 2 5 6 3 4 3 f x g x x x x x x − = + + − + = + + b) 1 mark 1 mark for graph consistent with a) 1 mark x y 1 1"
2018,jan,January 2018,1,P1,/home/max/testgen-suite/ocr-frq/mb-exams/source-pdfs/marking-guides/pc_18_jan_mg.pdf,[10],1,1 mark,1.0,"Question 1 P1 A group of 7 friends decide to go to a movie. Determine how many ways the friends can sit in a row if two of the friends refuse to sit next to each other. Solution 7! 6! 2! 3600 ways − = ½ mark for 7! 1 mark for product of 6!2! (½ mark for 6!, ½ mark for 2!) ½ mark for subtraction 2 ma"
2018,jan,January 2018,2,R10,/home/max/testgen-suite/ocr-frq/mb-exams/source-pdfs/marking-guides/pc_18_jan_mg.pdf,[14],1,1 mark,1.0,Question 2 R10 Gabrielle listens to her radio at a sound level of 80 dB. She attended a music concert that had a sound level of 115 dB. Determine how many times more intense the music concert was than the radio. You may use the formula: 0 10log I I β     =     where β is the intensity level 
2018,jan,January 2018,3,R10,/home/max/testgen-suite/ocr-frq/mb-exams/source-pdfs/marking-guides/pc_18_jan_mg.pdf,[16],1,1 mark,1.0,"Question 3 R10 Solve, algebraically. ( ) 2 3 2 7 3 x x− = Solution ( ) ( ) ( ) ( ) 2 3 log 2 7 log 3 log 2 log 7 2 3 log 3 log 2 log 7 2 log 3 3log 3 log 2 3log 3 2 log 3 log 7 log 2 3log 3 2log 3 log 7 log 2 3log 3 2log 3 log 7 15.872 483 15.872 x x x x x x x x x x x x − = + = − + = − + = − + = − +"
2018,jan,January 2018,4,T5,/home/max/testgen-suite/ocr-frq/mb-exams/source-pdfs/marking-guides/pc_18_jan_mg.pdf,[20],1,1 mark,1.0,"Question 4 T5 Solve for , θ algebraically, over the interval [ ]. 0,2π 2 csc 2csc 8 0 θ θ + − = Solution ( )( ) csc 4 csc 2 0 csc 4 csc 2 1 1 sin sin 4 2 0.252 680 5 3.394 , 6 6 6.031 3.394 0.524 6.031 2.618 r θ θ θ θ θ θ θ θ θ θ θ θ θ θ + − = = − = = − = = π π = = = = = = = or 1 mark for solving fo"
2018,jan,January 2018,5,P1,/home/max/testgen-suite/ocr-frq/mb-exams/source-pdfs/marking-guides/pc_18_jan_mg.pdf,[24],1,1 mark,1.0,"Question 5 P1 You have forgotten the code to unlock your cell phone. You know the code is made up of four numbers from 0 to 9. Determine the number of possible codes, if repetition is allowed. Solution 10 10 10 10 10 000 =    1 mark"
2018,jan,January 2018,6,P4,/home/max/testgen-suite/ocr-frq/mb-exams/source-pdfs/marking-guides/pc_18_jan_mg.pdf,[26],1,2 marks,2.0,"Question 6 P4 In the binomial expansion of 7 3 7 3 , n x x   −     the 5th term contains 7. x Determine the value of n. Solution ( ) ( ) ( ) 4 4 7 7 3 4 4 7 3 7 7 3 12 28 1 7 3 40 33 3 11 n n n x x x x x x x x n n n − − − − + +   =     = = = − + − = − = ½ mark for solving for n 2 marks 1"
2018,jan,January 2018,7,R6,/home/max/testgen-suite/ocr-frq/mb-exams/source-pdfs/marking-guides/pc_18_jan_mg.pdf,[30],1,1 mark,1.0,"Question 7 R6 Given the domain of ( ) { } is 6,1,3,4 f x − and the range of ( ) f x is { }, 4,7,10,15 − state the domain of ( ) 1 . f x − Solution } { 4,7,10,15 − 1 mark"
2018,jan,January 2018,8,R6,/home/max/testgen-suite/ocr-frq/mb-exams/source-pdfs/marking-guides/pc_18_jan_mg.pdf,[32],1,1 mark,1.0,"Question 8 R6 Given the graph of ( ), y f x = sketch the graph of its inverse. Solution 1 mark ( ) f x y x 1 1 y x 1 1 ( ) f x"
2018,jan,January 2018,9,T6,/home/max/testgen-suite/ocr-frq/mb-exams/source-pdfs/marking-guides/pc_18_jan_mg.pdf,"[34, 35]",2,3 marks,3.0,Question 9 T6 Prove the following identity for all permissible values of . θ 2 2 1 cos sec tan 1 1 sin + = + + − θ θ θ θ Solution Method 1 2 sec tan 1 + + θ θ 2 2 2 2 2 1 cos 1 sin 1 cos cos 1 1 cos cos sec sec tan 1 sec + − + + + + + θ θ θ θ θ θ θ θ θ θ 3 marks 1 mark for algebraic strategies 1 mar
2018,jan,January 2018,10,"R9, R13",/home/max/testgen-suite/ocr-frq/mb-exams/source-pdfs/marking-guides/pc_18_jan_mg.pdf,[40],1,1 mark,1.0,"Question 10 R9, R13 Thomas used graphs to solve the equation ( ) 2 1 . x e x + = − + He incorrectly states the solution as ( ) 2, 1 . − Describe how Thomas should have stated the solution. Solution He stated his solution as a coordinate point; his solution should have only been the value of x. 1 1 x"
2018,jan,January 2018,11,R13,/home/max/testgen-suite/ocr-frq/mb-exams/source-pdfs/marking-guides/pc_18_jan_mg.pdf,[42],1,1 mark,1.0,"Question 11 R13 Given the graph of ( ), y f x = sketch the graph of ( ). y f x = Solution y x 1 1 ( ) f x y x 1 1 ( ) f x 1 mark for restricting domain ½ mark for shape between both pairs of invariant points ½ mark for shape above both pairs of invariant points 2 marks"
2018,jan,January 2018,12,R11,/home/max/testgen-suite/ocr-frq/mb-exams/source-pdfs/marking-guides/pc_18_jan_mg.pdf,[44],1,1 mark,1.0,"Question 12 R11 When a polynomial, ( ), P x is divided by ( ) 2 x − the resulting equation is ( ) 2 3 1 . 2 2 P x x x x x = − + + − − a) Explain why 2 x − is not a factor of ( ). P x b) Determine the equation for the polynomial function ( ). P x Solution a) There is a remainder when ( ) P x is divid"
2018,jan,January 2018,13,"R2, R5",/home/max/testgen-suite/ocr-frq/mb-exams/source-pdfs/marking-guides/pc_18_jan_mg.pdf,[48],1,1 mark,1.0,"Question 13 R2, R5 Determine the equation for ( ) g x in terms of ( ). f x Solution ( ) ( )1 3 g x f x = − − +    y x 1 1 ( ) f x y x 1 1    ( ) g x 1 mark for vertical reflection 1 mark for horizontal translation 1 mark for vertical translation 3 marks"
2018,jan,January 2018,14,P4,/home/max/testgen-suite/ocr-frq/mb-exams/source-pdfs/marking-guides/pc_18_jan_mg.pdf,[50],1,1 mark,1.0,"Question 14 P4 Explain why the binomial expansion of ( )9 2x y + does not have a middle term. Solution The expansion contains 1 n + terms. Since n equals 9, there are 10 terms, which would not allow for a middle term. 1 mark"
2018,jan,January 2018,15,R8,/home/max/testgen-suite/ocr-frq/mb-exams/source-pdfs/marking-guides/pc_18_jan_mg.pdf,[52],1,1 mark,1.0,"Question 15 R8 Using the laws of logarithms, completely expand the expression 3 5 log . a b         Solution 1 log 5 log 3log 2 a b + − 1 mark for product law 1 mark for power law (½ mark for each) 1 mark for quotient law 3 marks"
2018,jan,January 2018,16,T1,/home/max/testgen-suite/ocr-frq/mb-exams/source-pdfs/marking-guides/pc_18_jan_mg.pdf,[57],1,,0.0,Question 16 T1 Identify 10° in radians. a) 1800 π b) 1800 π c) 18 π d) 18 π 
2018,jan,January 2018,17,R12,/home/max/testgen-suite/ocr-frq/mb-exams/source-pdfs/marking-guides/pc_18_jan_mg.pdf,[57],1,,0.0,"Question 17 R12 The polynomial function, ( ) ( ) ( ) 2 2 1 4 , P x a x x = − + has a y-intercept of 8. − Identify the value of a. a) 2 − b) 1 2 − c) 1 2 d) 2"
2018,jan,January 2018,18,R7,/home/max/testgen-suite/ocr-frq/mb-exams/source-pdfs/marking-guides/pc_18_jan_mg.pdf,[58],1,,0.0,Question 18 R7 Identify the value of 4 1 log . 16       a) 2 − b) 1 2 − c) 1 2 d) 2 
2018,jan,January 2018,19,T1,/home/max/testgen-suite/ocr-frq/mb-exams/source-pdfs/marking-guides/pc_18_jan_mg.pdf,[58],1,,0.0,"Question 19 T1 Given the angle 25 7 π , identify the coterminal angle on the interval [ ] 2 ,0 . −π a) 18 7 π b) 11 7 π c) 3 7 π − d) 10 7 π − "
2018,jan,January 2018,20,P2,/home/max/testgen-suite/ocr-frq/mb-exams/source-pdfs/marking-guides/pc_18_jan_mg.pdf,[58],1,,0.0,Question 20 P2 Identify which expression cannot be evaluated. a) 7 0 P b) 7 6 P c) 7 7 P d) 7 8 P
2018,jan,January 2018,21,R14,/home/max/testgen-suite/ocr-frq/mb-exams/source-pdfs/marking-guides/pc_18_jan_mg.pdf,[59],1,,0.0,Question 21 R14 Identify the graph of ( ) 3 . 2 4 x f x x − = + a) b) c) d)
2018,jan,January 2018,22,R3,/home/max/testgen-suite/ocr-frq/mb-exams/source-pdfs/marking-guides/pc_18_jan_mg.pdf,[60],1,,0.0,"Question 22 R3 Given a point ( ) 2,0 − on the graph of ( ), y f x = identify the coordinates of the corresponding point on the graph of 1 4 . 2 y f x   =     a) ( ) 8,0 − b) ( ) 4,0 − c) ( ) 2,0 − d) ( ) 1,0 − "
2018,jan,January 2018,23,T6,/home/max/testgen-suite/ocr-frq/mb-exams/source-pdfs/marking-guides/pc_18_jan_mg.pdf,[60],1,,0.0,Question 23 T6 Identify the non-permissible value of θ for the expression cos . 1 sin θ θ + a) 2 π b) π c) 3 2 π d) 2π 
2018,jan,January 2018,24,R9,/home/max/testgen-suite/ocr-frq/mb-exams/source-pdfs/marking-guides/pc_18_jan_mg.pdf,[60],1,,0.0,Question 24 R9 Identify the function with an asymptote at 3. x = − a) ( ) log 3 y x = + b) log 3 y x = + c) ( ) log 3 y x = − d) log 3 y x = −
2018,jan,January 2018,25,T3,/home/max/testgen-suite/ocr-frq/mb-exams/source-pdfs/marking-guides/pc_18_jan_mg.pdf,[62],1,1 mark,1.0,"Question 25 T3 Evaluate the following expression. ( ) 2 2 tan csc cos 3 3 π −π    + 3π         Solution ( ) ( ) 2 3 1 3 2 1 1   − − + −     − 1 mark for 2 tan 3 π       (½ mark for quadrant, ½ mark for value) 1 mark for 2 csc 3 π   −     (½ mark for quadrant, ½ mark for"
2018,jan,January 2018,26,R14,/home/max/testgen-suite/ocr-frq/mb-exams/source-pdfs/marking-guides/pc_18_jan_mg.pdf,[66],1,1 mark,1.0,"Question 26 R14 State the range of the graph below. Solution Range: 1 mark (½ mark for 0 y ≠ , ½ mark for 1 y ≠) 1 mark { } , 0 and 1 y y y ∈ ≠ ≠  x y 1 1 •"
2018,jan,January 2018,27,R14,/home/max/testgen-suite/ocr-frq/mb-exams/source-pdfs/marking-guides/pc_18_jan_mg.pdf,[68],1,2 marks,2.0,"Question 27 R14 Sketch the graph of the function ( ) 2 2 5 . x x f x x − = Solution 2 marks 1 mark for point of discontinuity (hole) at ( ) 0, 5 − (½ mark for 0, x = ½ mark for 5 y = −) 1 mark for shape of a linear function y x 1 1"
2018,jan,January 2018,28,R12,/home/max/testgen-suite/ocr-frq/mb-exams/source-pdfs/marking-guides/pc_18_jan_mg.pdf,[70],1,1 mark,1.0,"Question 28 R12 State a possible value of n if the polynomial function ( ) ( ) ( ) 2 1 2 n P x x x = − + has a range of [ ) 0, . ∞ Solution 2 n = Note(s):  Accept any even positive value of n, including zero. 1 mark"
2018,jan,January 2018,29,R9,/home/max/testgen-suite/ocr-frq/mb-exams/source-pdfs/marking-guides/pc_18_jan_mg.pdf,[72],1,1 mark,1.0,Question 29 R9 Sketch the graph of 1 1 . 2 x y −   =     Solution 1 mark for decreasing exponential function 1 mark for horizontal translation 2 marks y x 1 1
2018,jan,January 2018,30,R10,/home/max/testgen-suite/ocr-frq/mb-exams/source-pdfs/marking-guides/pc_18_jan_mg.pdf,[74],1,1 mark,1.0,Question 30 R10 Solve. log 27 3 x = Solution 3 27 3 x x = = 1 mark for exponential form 1 mark
2018,jan,January 2018,31,T4,/home/max/testgen-suite/ocr-frq/mb-exams/source-pdfs/marking-guides/pc_18_jan_mg.pdf,[76],1,1 mark,1.0,"Question 31 T4 Sketch at least two periods of the graph tan . y x = Solution 1 mark for increasing trigonometric function 1 mark for asymptotic behaviour approaching , 2 x k k π = + π ∈ 2 marks x 3 2 π π 2 π 2 π − y 1 1 −"
2018,jan,January 2018,32,R1,/home/max/testgen-suite/ocr-frq/mb-exams/source-pdfs/marking-guides/pc_18_jan_mg.pdf,[78],1,1 mark,1.0,"Question 32 R1 Given the graph of ( ) f x , state the domain of ( ) 1 . f x Solution Domain: { } , 2 x x ∈ ≠±   1 1 y x   ( ) f x 1 mark (½ mark for 2 x ≠ , ½ mark for 2 x ≠−) 1 mark"
2018,jan,January 2018,33,T4,/home/max/testgen-suite/ocr-frq/mb-exams/source-pdfs/marking-guides/pc_18_jan_mg.pdf,[80],1,1 mark,1.0,"Question 33 T4 Determine the values of A, B, and D of the sinusoidal function in the form ( ) A sin B D. y x = + Solution A = 2 B = D = 1 ● ● ● ● 1 5π 10π y x ● 1 mark for A 1 mark for B 1 mark for D 3 marks 1 5"
2018,jan,January 2018,34,T2,/home/max/testgen-suite/ocr-frq/mb-exams/source-pdfs/marking-guides/pc_18_jan_mg.pdf,[82],1,1 mark,1.0,"Question 34 T2 Determine if the point 7 2 , 5 5   −       is on the unit circle. Justify your answer. Solution 2 2 2 2 1 7 2 Left-hand side 5 5 7 4 25 25 11 25 11 1 25 not on the unit circle x y + =     = − +           = + = ≠ ∴ 1 mark for justification 1 mark"
2018,jan,January 2018,35,P3,/home/max/testgen-suite/ocr-frq/mb-exams/source-pdfs/marking-guides/pc_18_jan_mg.pdf,[84],1,1 mark,1.0,"Question 35 P3 Solve, algebraically. 5 4 6 n n C C = Solution ( ) ( ) ( ) ( ) ! 5 !5! 6 ! 4 !4! ! 4 !4! 6 ! 5 !5! ! n n n n n n n n n − = − − = − ( ) ( ) 4 5 ! n n − − 4! ! n ( ) 5 ! n − 5 4!  6 4 6 5 4 30 34 n n n = − = − = = ½ mark for substitution into equation 1 mark for factorial expansion (½ "
2018,jan,January 2018,36,T6,/home/max/testgen-suite/ocr-frq/mb-exams/source-pdfs/marking-guides/pc_18_jan_mg.pdf,[88],1,1 mark,1.0,"Question 36 T6 Given 4 sin 5 α = , where α is in quadrant II, determine the exact value of sin 2 . α Solution 3 cos 5 α = − sin 2 2sin cos 4 3 2 5 5 24 25 α α α =    = −       = − Note(s):  Accept any of the following values for : 3; 3;or 3. x x x x = ± = − = x y 3 4 5 α ½ mark for valu"
2018,jan,January 2018,37,R1,/home/max/testgen-suite/ocr-frq/mb-exams/source-pdfs/marking-guides/pc_18_jan_mg.pdf,[90],1,b) 1 mark,1.0,"Question 37 R1 Given the functions ( ) 1 f x x = + and ( ) , g x x = a) determine the equation of ( ) ( ). g f x b) sketch the graph of ( ) ( ). g f x Solution a) ( ) ( ) 1 g f x x = + b) 1 mark for domain of ( ) ( ) g f x 1 mark for shape consistent with ( ) ( ) g f x 2 marks y x 1 1 1 mark"
2018,jan,January 2018,38,T4,/home/max/testgen-suite/ocr-frq/mb-exams/source-pdfs/marking-guides/pc_18_jan_mg.pdf,[96],1,1 mark,1.0,"Question 38 T4 Steve is asked to determine an equation with a larger period than the period of the graph of ( ) cos 2 . y x = Justify why Steve’s answer of ( ) cos 6 y x = is incorrect. Solution Steve’s equation needs to have a value of b less than 2. or Steve’s graph would have a period of 2 , 6 3 "
2018,jan,January 2018,39,R1,/home/max/testgen-suite/ocr-frq/mb-exams/source-pdfs/marking-guides/pc_18_jan_mg.pdf,[98],1,b) 1 mark,1.0,"Question 39 R1 Given the graphs of ( ) f x and ( ), g x a) determine the value of ( )( ) 1 . f g −  b) determine the value of ( ) ( ) 0 . g f Solution a) b) 1 mark for value of ( )( ) 1 f g −  1 mark ½ mark for ( ) 0 f ½ mark for ( ) ( ) 0 g f consistent with ( ) 0 f value 1 mark ( )( ) ( )( ) 1 1"
2018,jan,January 2018,40,R12,/home/max/testgen-suite/ocr-frq/mb-exams/source-pdfs/marking-guides/pc_18_jan_mg.pdf,[100],1,1 mark,1.0,Question 40 R12 Sketch the graph of ( ) ( ) ( )( ) 3 1 3 1 . P x x x x = − − − + Solution 3 y x    1 1 − 3 − 1 mark for x-intercepts ½ mark for y-intercept 1 mark for multiplicity (degree 3 at 1 x = ) ½ mark for end behaviour 3 marks
2018,jan,January 2018,41,"T2, T3",/home/max/testgen-suite/ocr-frq/mb-exams/source-pdfs/marking-guides/pc_18_jan_mg.pdf,[106],1,1 mark,1.0,"Question 41 T2, T3 The point ( ) 3,1 − is on the terminal arm of an angle , θ in standard position. a) Determine tanθ. b) Determine a possible value of , θ in radians. Solution a) b) 1 tan 3 θ = − 1 mark 1 mark 6 5π = θ"
2018,jan,January 2018,42,R6,/home/max/testgen-suite/ocr-frq/mb-exams/source-pdfs/marking-guides/pc_18_jan_mg.pdf,[110],1,1 mark,1.0,Question 42 R6 Describe the transformation used to obtain the graph of 5 log y x = given the graph of 5 .x y = Solution The graph of 5 log y x = is obtained by reflecting the graph of 5x y = over the line . y x = or The graph of 5 log y x = is the inverse of 5 .x y = 1 mark
2018,jan,January 2018,43,T5,/home/max/testgen-suite/ocr-frq/mb-exams/source-pdfs/marking-guides/pc_18_jan_mg.pdf,[112],1,1 mark,1.0,"Question 43 T5 Solve 3 sin , 2 θ = − where . θ ∈ Solution 4 5 , 3 3 4 2 , 3 5 2 , 3 k k k k θ θ π π = π   + π ∈     =   π   + π ∈       or 240 ,300 240 360 , 300 360 , k k k k θ θ = ° ° ° + ° ∈   =   ° + ° ∈     1 mark for values of θ (½ mark for each value) 1 mark for gener"
2018,jan,January 2018,44,R13,/home/max/testgen-suite/ocr-frq/mb-exams/source-pdfs/marking-guides/pc_18_jan_mg.pdf,[116],1,1 mark,1.0,"Question 44 R13 Given that the point ( ) ,a b is on the graph of ( ), f x describe how you would determine the corresponding point on the graph of ( ). y f x = Solution The value of a stays the same, square root the value of b. 1 mark"
2018,jan,January 2018,45,T6,/home/max/testgen-suite/ocr-frq/mb-exams/source-pdfs/marking-guides/pc_18_jan_mg.pdf,[118],1,1 mark,1.0,Question 45 T6 Evaluate. cos cos sin sin 20 5 20 5 π π π π         −                 Solution cos 20 5 4 cos 20 20 5 cos 20 cos 4 2 2 π π   +     π π   +     π       π       ½ mark for substitution of an appropriate identity ½ mark for exact value 1 ma
2018,jan,January 2018,46,"R2, R5",/home/max/testgen-suite/ocr-frq/mb-exams/source-pdfs/marking-guides/pc_18_jan_mg.pdf,[122],1,1 mark,1.0,"Question 46 R2, R5 Describe the transformations used to obtain the graph of the function ( ) 6 8 y f x = −+ − from the graph of ( ). y f x = Solution Reflect the graph of ( ) y f x = over the y-axis and then translate 6 units right and 8 units down. Note(s):  Deduct 1 mark if correct transformation"
2018,jan,January 2018,47,R14,/home/max/testgen-suite/ocr-frq/mb-exams/source-pdfs/marking-guides/pc_18_jan_mg.pdf,[124],1,1 mark,1.0,"Question 47 R14 State the equations of all the asymptotes of the function, 1 . 3 1 y x = + Solution 0 y = 1 3 x = − 1 mark for horizontal asymptote 1 mark for vertical asymptote 2 marks"
2018,jan,January 2018,48,R11,/home/max/testgen-suite/ocr-frq/mb-exams/source-pdfs/marking-guides/pc_18_jan_mg.pdf,[126],1,1 mark,1.0,Question 48 R11 Determine the zeros of the polynomial function ( ) 3 2 2 5 4 3. P x x x x = + − − Solution ( ) ( ) ( ) ( ) 3 2 1 2 1 5 1 4 1 3 P = + − − ( ) ( ) 1 0 1 is a factor P x = − 1 2 5 4 3 − − 2 7 3 ↓ 2 7 3 0 ( ) ( )( ) ( )( )( ) 2 1 2 7 3 0 1 2 1 3 1 1 3 2 P x x x x x x x x x x = − + + = − 
2018,jan,January 2018,49,R13,/home/max/testgen-suite/ocr-frq/mb-exams/source-pdfs/marking-guides/pc_18_jan_mg.pdf,[130],1,2 marks,2.0,Question 49 R13 Determine the equation of the radical function represented by the graph. Solution 2 3 4 3 y x y x = + = + or 2 marks 1 mark for vertical stretch 1 mark for vertical translation 1 mark for horizontal stretch 1 mark for vertical translation y x 1 1
2018,jun,June 2018,1,T1,/home/max/testgen-suite/ocr-frq/mb-exams/source-pdfs/marking-guides/pc_18_jun_mg.pdf,[10],1,1 mark,1.0,Question 1 T1 Pierre pushes his car into a garage. The radius of a tire on his car is 22 cm. Determine the distance travelled by his car if the tire rotated a total of 1000 .° Solution ( ) 1000 180 50 9 θ π   =     π = ( ) 50 22 9 1100 cm 9 383.972 cm s r s s = π   =     π = = θ 1 mark f
2018,jun,June 2018,2,R10,/home/max/testgen-suite/ocr-frq/mb-exams/source-pdfs/marking-guides/pc_18_jun_mg.pdf,[12],1,2 marks,2.0,"Question 2 R10 Solve, algebraically. 2 7 85 x = Solution 2 log 7 log85 log 7 log85 2 log 7 2log85 2log85 log 7 4.566 142 4.566 x x x x x x = = = = = = 2 marks ½ mark for applying logarithms 1 mark for power law ½ mark for evaluating quotient of logarithms"
2018,jun,June 2018,3,T5,/home/max/testgen-suite/ocr-frq/mb-exams/source-pdfs/marking-guides/pc_18_jun_mg.pdf,[14],1,4 marks,4.0,"Question 3 T5 Solve, algebraically, over the interval [ ) 0,2π . ( ) sin sec 3 0 x x + = Solution sin 0 sec 3 1 cos 3 1.230 959 0, 1.911, 4.373 r x x x x x x = = − = − = = π = 4 marks ½ mark for solving for sin x ½ mark for solving for sec x 1 mark for reciprocal 2 marks for values of x (1 mark for "
2018,jun,June 2018,4,R10,/home/max/testgen-suite/ocr-frq/mb-exams/source-pdfs/marking-guides/pc_18_jun_mg.pdf,[18],1,1 mark,1.0,"Question 4 R10 Brahim invests $2500 at an annual interest rate of 6.75% compounded monthly. Determine, algebraically, how many years it will take for his investment to reach an amount of $10 500. Use the formula: 1 where = the amount of the investment after years = the principal of the investment = "
2018,jun,June 2018,5,P3,/home/max/testgen-suite/ocr-frq/mb-exams/source-pdfs/marking-guides/pc_18_jun_mg.pdf,[22],1,1 mark,1.0,"Question 5 P3 There are 13 adults and 18 children who can be selected to go on a trip. Determine the number of ways 4 adults and 7 children can be selected if Sandra, one of the adults, must be selected. Solution 1 1 12 3 18 7 7 001 280 C C C   Note:  1 1 C does not need to be shown. 1 mark for 1"
2018,jun,June 2018,6,P4,/home/max/testgen-suite/ocr-frq/mb-exams/source-pdfs/marking-guides/pc_18_jun_mg.pdf,[24],1,3 marks,3.0,"Question 6 P4 In the binomial expansion of 9 3 2 2 , x x   −     determine and simplify the 6th term. Solution ( ) ( ) 4 5 3 6 9 5 2 15 6 8 7 6 2 16 126 2016 t C x x t x x t x   = −       = −     = − 3 marks 2 marks (1 mark for 9 5; C ½ mark for each consistent factor) 1 mark for s"
2018,jun,June 2018,7,R1,/home/max/testgen-suite/ocr-frq/mb-exams/source-pdfs/marking-guides/pc_18_jun_mg.pdf,[26],1,1 mark,1.0,"Question 7 R1 Given that ( ) ( ) ( ) ( ) ( ) { } 1, 0 , 0, 2 , 1, 3 , 2, 4 , f x = − − evaluate ( ) ( ) 0 . f f Solution ( ) ( ) ( ) 0 2 4 f f f 1 mark ½ mark for ( ) 0 2 f = ½ mark for ( ) ( ) 0 f f"
2018,jun,June 2018,8,T2,/home/max/testgen-suite/ocr-frq/mb-exams/source-pdfs/marking-guides/pc_18_jun_mg.pdf,[28],1,1 mark,1.0,"Question 8 T2 The point 5 , 6 b   −     is on the unit circle and is in quadrant III. Determine the exact value of b. Solution 2 2 2 2 5 1 6 25 1 36 11 36 11 6 11 6 b b b b b   − + =     = − = = ± = − 1 mark ½ mark for substitution ½ mark for the exact value of b"
2018,jun,June 2018,9,P4,/home/max/testgen-suite/ocr-frq/mb-exams/source-pdfs/marking-guides/pc_18_jun_mg.pdf,[32],1,1 mark,1.0,"Question 9 P4 Given the following row of Pascal’s Triangle, determine the values of the next row. 1 6 15 20 15 6 1 Solution 1 7 21 35 35 21 7 1 1 mark"
2018,jun,June 2018,10,"R3, R5",/home/max/testgen-suite/ocr-frq/mb-exams/source-pdfs/marking-guides/pc_18_jun_mg.pdf,[34],1,3 marks,3.0,"Question 10 R3, R5 The following transformations are applied to ( ), f x resulting in a new function, ( ). g x  reflection over the x-axis  vertical stretch by a factor of 3  horizontal stretch by a factor of 4 State the equation of ( ) g x in terms of ( ). f x Solution ( ) 1 3 4 g x f x   = − "
2018,jun,June 2018,11,R4,/home/max/testgen-suite/ocr-frq/mb-exams/source-pdfs/marking-guides/pc_18_jun_mg.pdf,[36],1,3 marks,3.0,"Question 11 R4 Given the graph of ( ), f x sketch the graph of ( ) 1 2 3 . y f x + = − Solution 3 marks 1 mark for vertical stretch 1 mark for horizontal translation 1 mark for vertical translation y x ( ) f x 1 1 − y x 1 −1 ( ) f x"
2018,jun,June 2018,12,R14,/home/max/testgen-suite/ocr-frq/mb-exams/source-pdfs/marking-guides/pc_18_jun_mg.pdf,[40],1,1 mark,1.0,Question 12 R14 State the equation of the horizontal asymptote of ( ) 2 2 2 3 5 . 4 2 7 x x f x x x − + = + − Solution 1 2 y = 1 mark
2018,jun,June 2018,13,R11,/home/max/testgen-suite/ocr-frq/mb-exams/source-pdfs/marking-guides/pc_18_jun_mg.pdf,[42],1,2 marks,2.0,"Question 13 R11 Given that ( ) 4 x + is one of the factors of ( ) 3 2 6 32, p x x x = + − express ( ) p x in completely factored form. Solution ( ) ( )( ) ( ) ( )( )( ) ( ) ( ) ( ) 2 2 4 1 6 0 32 4 8 32 1 2 8 0 4 2 8 4 4 2 4 2 or p x x x x p x x x x p x x x − − ↓ − − − = + + − = + + − = + − 2 marks "
2018,jun,June 2018,14,T6,/home/max/testgen-suite/ocr-frq/mb-exams/source-pdfs/marking-guides/pc_18_jun_mg.pdf,"[46, 47, 48]",3,3 marks,3.0,Question 14 T6 Prove the identity for all permissible values of . θ 2 2cos sin 2 1 cot tan 1 θ θ θ θ = − − Solution Method 1 3 marks 1 mark for correct substitution of identities 1 mark for algebraic strategies 1 mark for logical process to prove the identity 2 2 2 2 2cos 2sin cos cos sin 1 1 sin co
2018,jun,June 2018,15,P1,/home/max/testgen-suite/ocr-frq/mb-exams/source-pdfs/marking-guides/pc_18_jun_mg.pdf,[52],1,1 mark,1.0,"Question 15 P1 Restaurant A has 5 types of hamburgers, 2 types of french fries, and 10 types of drinks. Restaurant B has 4 types of hamburgers, 5 types of french fries, and 6 types of drinks. If a meal is made up of a hamburger, french fries, and a drink, justify which restaurant offers a greater va"
2018,jun,June 2018,16,R8,/home/max/testgen-suite/ocr-frq/mb-exams/source-pdfs/marking-guides/pc_18_jun_mg.pdf,[54],1,2 marks,2.0,Question 16 R8 Express ( ) 7 7 log 2 5 2log 3 x − + as a single logarithm. Solution ( ) ( ) ( ) ( ) ( ) 2 7 7 7 7 7 7 log 2 5 log 3 log 2 5 log 9 log 9 2 5 log 18 45 or x x x x − + − + − − 2 marks 1 mark for power law 1 mark for product law
2018,jun,June 2018,17,P2,/home/max/testgen-suite/ocr-frq/mb-exams/source-pdfs/marking-guides/pc_18_jun_mg.pdf,[56],1,1 mark,1.0,Question 17 P2 Explain why 11! is not the total number of 11-letter arrangements that can be made from the word CELEBRATION. Solution The total number of possible arrangements is half of 11! because switching the two Es creates duplicate arrangements. 1 mark
2018,jun,June 2018,18,R13,/home/max/testgen-suite/ocr-frq/mb-exams/source-pdfs/marking-guides/pc_18_jun_mg.pdf,[61],1,,0.0,"Question 18 R13 Given ( ) 1, f x x = − identify a point on the graph of ( ). y f x = a) ( ) 0, 1 − b) ( ) 3,2 c) ( ) 1,0 d) ( ) 0,1 "
2018,jun,June 2018,19,P2,/home/max/testgen-suite/ocr-frq/mb-exams/source-pdfs/marking-guides/pc_18_jun_mg.pdf,[61],1,,0.0,Question 19 P2 Identify the total number of possible arrangements of 6 adults and 4 children seated in a row if the children must sit together. a) 6!4! b) 7!4! c) 10! d) 6! 
2018,jun,June 2018,20,T3,/home/max/testgen-suite/ocr-frq/mb-exams/source-pdfs/marking-guides/pc_18_jun_mg.pdf,[61],1,,0.0,Question 20 T3 Identify the exact value of 7 sec . 3 π   −     a) 2 − b) 2 3 − c) 2 3 d) 2
2018,jun,June 2018,21,R7,/home/max/testgen-suite/ocr-frq/mb-exams/source-pdfs/marking-guides/pc_18_jun_mg.pdf,[62],1,,0.0,"Question 21 R7 Given 1 log 2, 25 x  = −     identify the value of x. a) 5 − b) 1 5 − c) 1 5 d) 5 "
2018,jun,June 2018,22,T4,/home/max/testgen-suite/ocr-frq/mb-exams/source-pdfs/marking-guides/pc_18_jun_mg.pdf,[62],1,,0.0,"Question 22 T4 Identify the equation for all of the asymptotes on the graph of tan . y x = a) , x k k = π ∈  b) 2 , x k k = π ∈ c) , 2 x k k π = + π ∈ d) 2 , 2 x k k π = + π ∈ "
2018,jun,June 2018,23,R12,/home/max/testgen-suite/ocr-frq/mb-exams/source-pdfs/marking-guides/pc_18_jun_mg.pdf,[62],1,,0.0,"Question 23 R12 If ( ) ( )( )2 3 1 p x m x = + is a cubic function with a y-intercept of 12, − identify the missing factor, m. a) 4 m x = − b) 4 m x = + c) 12 m x = + d) 12 m x = −"
2018,jun,June 2018,24,P4,/home/max/testgen-suite/ocr-frq/mb-exams/source-pdfs/marking-guides/pc_18_jun_mg.pdf,[63],1,,0.0,Question 24 P4 Identify the number of negative terms in the binomial expansion of ( )5. x y − a) 2 b) 3 c) 5 d) 6 
2018,jun,June 2018,25,R2,/home/max/testgen-suite/ocr-frq/mb-exams/source-pdfs/marking-guides/pc_18_jun_mg.pdf,[63],1,,0.0,"Question 25 R2 Given ( ) 2, f x x = identify which equation represents the graph of ( ) y f x = after a translation of 5 units to the left. a) ( )2 5 y x = + b) ( )2 5 y x = − c) 2 5 y x = − d) 2 5 y x = + "
2018,jun,June 2018,26,R11,/home/max/testgen-suite/ocr-frq/mb-exams/source-pdfs/marking-guides/pc_18_jun_mg.pdf,[63],1,,0.0,"Question 26 R11 When a polynomial, ( ), p x is divided by ( ) 7 , x − the remainder is 24. Identify the only statement that must be true. a) 7 x = is a zero of ( ) p x b) ( ) 7 24 p = c) 24 x = is a zero of ( ) p x d) the y-intercept is 24"
2018,jun,June 2018,27,R14,/home/max/testgen-suite/ocr-frq/mb-exams/source-pdfs/marking-guides/pc_18_jun_mg.pdf,[64],1,1 mark,1.0,"Question 27 R14 Given ( ) ( )( ) ( )( ) 2 1 8 , 8 4 x x f x x x + − = − + state the equation(s) of the vertical asymptote(s). Solution 4 x = − 1 mark"
2018,jun,June 2018,28,R1,/home/max/testgen-suite/ocr-frq/mb-exams/source-pdfs/marking-guides/pc_18_jun_mg.pdf,[66],1,2 marks,2.0,"Question 28 R1 Given the graphs of ( )( ) f g x  and ( ), g x sketch the graph of ( ). f x Solution 2 marks y ( )( ) f g x  x 1 1  ( ) g x y x 1 1 y x 1 1 1 mark for operation of division 1 mark for restricted domain"
2018,jun,June 2018,29,R11,/home/max/testgen-suite/ocr-frq/mb-exams/source-pdfs/marking-guides/pc_18_jun_mg.pdf,[70],1,1 mark,1.0,Question 29 R11 Brian was asked to state the zeros of the polynomial ( ) ( )( )( ) 2 5 1 . p x x x x = + − − Brian’s response: Explain why his response is incorrect. Solution Brian stated the factors instead of the zeros. 1 mark
2018,jun,June 2018,30,P3,/home/max/testgen-suite/ocr-frq/mb-exams/source-pdfs/marking-guides/pc_18_jun_mg.pdf,[72],1,2 marks,2.0,Question 30 P3 Simplify 3 2. n C + Solution 2 marks ½ mark for substitution 1 mark for factorial expansion ½ mark for simplification of factorials ( ) ( ) ( ) ( ) ( )( ) ( ) 3 ! 3 2 !2! 3 ! 1 !2! ! 3 2 1 n n n n n n n + + − + + + + + ( )! 1 2 n + ( )( ) 2 3 2 2 5 6 2 or n n n n + + + +
2018,jun,June 2018,31,T5,/home/max/testgen-suite/ocr-frq/mb-exams/source-pdfs/marking-guides/pc_18_jun_mg.pdf,[76],1,2 marks,2.0,Question 31 T5 Verify that the equation 2 2cos sin 1 x x = + is true for . 6 x π = Solution 2 marks ½ mark for substitution 1 mark for exact values (½ mark for each) ½ mark for simplification 2 2 2cos 6 3 2 2 3 2 4 3 2 π                   sin 1 6 1 1 2 π  +     + 3 2 Left-Han
2018,jun,June 2018,32,R12,/home/max/testgen-suite/ocr-frq/mb-exams/source-pdfs/marking-guides/pc_18_jun_mg.pdf,[80],1,2 marks,2.0,"Question 32 R12 The height of a fish jumping out of the water can be modelled by the function ( ) ( )( )( ) 1 4 5 h t t t t t = − − − − where ( ) h t is the height of the fish above or below the water in cm, and t is the time in seconds, 0. t ≥ a) Sketch a graph representing the height of the fish w"
2018,jun,June 2018,33,R9,/home/max/testgen-suite/ocr-frq/mb-exams/source-pdfs/marking-guides/pc_18_jun_mg.pdf,[84],1,1 mark,1.0,"Question 33 R9 Describe the behaviour of the graph of 5 4 x y = + as it approaches 4. y = Solution There is a horizontal asymptote at 4, y = so the graph approaches 4 y = without ever touching it. 1 mark"
2018,jun,June 2018,34,T1,/home/max/testgen-suite/ocr-frq/mb-exams/source-pdfs/marking-guides/pc_18_jun_mg.pdf,[86],1,1 mark,1.0,"Question 34 T1 Sketch the angle of 6 radians in standard position. Solution Note:  If the directional arrow is not indicated, deduct an E1 error (final answer not stated). 1 mark ½ mark for an angle in quadrant IV ½ mark for an appropriate angle x y"
2018,jun,June 2018,35,T4,/home/max/testgen-suite/ocr-frq/mb-exams/source-pdfs/marking-guides/pc_18_jun_mg.pdf,[88],1,4 marks,4.0,"Question 35 T4 Sketch the graph of the function 4sin 2 3 y x π   = −     over the domain [ ] 3,6 . − Solution Note:  Deduct ½ mark for procedural error for not completing the domain of [ ]. 3,6 −  If period mark not awarded, do not deduct for E9 error (scale value on x-axis not indicated). 4"
2018,jun,June 2018,36,"R1, R14",/home/max/testgen-suite/ocr-frq/mb-exams/source-pdfs/marking-guides/pc_18_jun_mg.pdf,[92],1,1 mark,1.0,"Question 36 R1, R14 Given ( ) ( ) 3 12 and 4, f x x g x x = − = − a) determine the equation of ( ) ( ). f h x x g   =     b) describe what the non-permissible value represents on the graph of ( ). h x Solution a) b) The non-permissible value is a point of discontinuity (hole). 1 mark 1 mark fo"
2018,jun,June 2018,37,R13,/home/max/testgen-suite/ocr-frq/mb-exams/source-pdfs/marking-guides/pc_18_jun_mg.pdf,[94],1,2 marks,2.0,"Question 37 R13 Determine an equation of a radical function, ( ), f x with a domain of 5 x ≥ and a range of 2. y ≥− Solution ( ) 5 2 f x x = − − Note:  Other equations are possible. 2 marks 1 mark for horizontal translation 1 mark for vertical translation"
2018,jun,June 2018,38,T6,/home/max/testgen-suite/ocr-frq/mb-exams/source-pdfs/marking-guides/pc_18_jun_mg.pdf,[96],1,1 mark,1.0,Question 38 T6 Determine the exact value of 17 cos . 12 π       Solution 17 3 2 cos cos 12 4 3 3 2 2 cos cos sin sin 4 3 4 3 2 1 2 3 2 2 2 2 2 6 4 4 2 6 4 π π π     = +         π π 3π π = −        = − − −                    = − − = Note:  Other combin
2018,jun,June 2018,39,R13,/home/max/testgen-suite/ocr-frq/mb-exams/source-pdfs/marking-guides/pc_18_jun_mg.pdf,[100],1,4 marks,4.0,"Question 39 R13 Sketch the graph of 1 1. 2 y x = − + Solution 4 marks 1 mark for shape of a radical function 1 mark for vertical compression 1 mark for horizontal reflection 1 mark for vertical translation y x 1 1   ( ) 4,2 −"
2018,jun,June 2018,40,R6,/home/max/testgen-suite/ocr-frq/mb-exams/source-pdfs/marking-guides/pc_18_jun_mg.pdf,[104],1,2 marks,2.0,"Question 40 R6 Given ( ) 3 9, 4 x f x = + determine the equation of ( ) 1 . f x − Solution ( ) ( ) 1 Let 3 9 4 3 9 4 4 3 36 3 4 36 4 12 3 4 12 3 y f x x y y x x y y x y x x f x − = = + = + = + = − = − = − 2 marks 1 mark for switching x and y values ½ mark for solving for y ½ mark for writing equatio"
2018,jun,June 2018,41,R12,/home/max/testgen-suite/ocr-frq/mb-exams/source-pdfs/marking-guides/pc_18_jun_mg.pdf,[106],1,1 mark,1.0,Question 41 R12 Describe the end behaviour of the polynomial function ( ) ( )( )2 2 3 . p x x x = − − + Solution The graph rises as x approaches negative infinity and falls as x approaches positive infinity. 1 mark
2018,jun,June 2018,42,T3,/home/max/testgen-suite/ocr-frq/mb-exams/source-pdfs/marking-guides/pc_18_jun_mg.pdf,[108],1,b) 1 mark,1.0,"Question 42 T3 Given csc 4 θ = − and θ is in quadrant IV, a) determine the exact value of cosθ. b) determine the exact value of cotθ. Solution a) b) 1 mark for reciprocal 1 mark for cosθ (½ mark for quadrant; ½ mark for value) 1 mark for cotθ consistent with answer in a) (½ mark for quadrant; ½ mark"
2018,jun,June 2018,43,R14,/home/max/testgen-suite/ocr-frq/mb-exams/source-pdfs/marking-guides/pc_18_jun_mg.pdf,[112],1,2 marks,2.0,"Question 43 R14 Sketch the graph of the function ( ) 2 10 . 2 f x x = + Solution 2 marks 1 mark for asymptotic behaviour approaching 0 y = 1 mark for shape (½ mark for graph left of y-axis; ½ mark for graph right of y-axis) 10 1, 3       x y 1 1"
2018,jun,June 2018,44,R10,/home/max/testgen-suite/ocr-frq/mb-exams/source-pdfs/marking-guides/pc_18_jun_mg.pdf,[116],1,1 mark,1.0,Question 44 R10 Explain why only one of the following equations could be solved algebraically without using logarithms. 4 5 5 2 1 2 3 1 3 6 or 16 2 x x x x − − +   = =     Solution The equation 4 5 2 3 1 16 2 x x − +   =     can be solved without the use of logarithms because 16 and 1 2 
2018,jun,June 2018,45,R1,/home/max/testgen-suite/ocr-frq/mb-exams/source-pdfs/marking-guides/pc_18_jun_mg.pdf,[118],1,1 mark,1.0,"Question 45 R1 Given a graph of ( ), y f x = describe how to sketch the graph of ( ) . y f x = Solution Reflect all the points with negative y-values over the x-axis. 1 mark"
2018,jun,June 2018,46,R9,/home/max/testgen-suite/ocr-frq/mb-exams/source-pdfs/marking-guides/pc_18_jun_mg.pdf,[120],1,2 marks,2.0,Question 46 R9 Sketch the graph of ( ) 3 log 4 . y x = + Solution 2 marks 1 mark for increasing logarithmic function 1 mark for asymptotic behaviour approaching 4 x = − y x 1 1
2018,jun,June 2018,47,R10,/home/max/testgen-suite/ocr-frq/mb-exams/source-pdfs/marking-guides/pc_18_jun_mg.pdf,[124],1,3 marks,3.0,"Question 47 R10 Solve, algebraically. ( ) log log 4 log 2 log5 x x + − − = Solution Method 1 ( ) 4 log log5 2 4 5 2 4 5 2 4 5 10 10 x x x x x x x x x  =   −   = − = − = − = Method 2 ( ) ( ) ( ) ( ) 0 log log 4 log 2 log5 0 4 log 0 5 2 4 10 5 2 5 2 4 5 10 4 10 x x x x x x x x x x x + − − − =  "
2018,jun,June 2018,48,T5,/home/max/testgen-suite/ocr-frq/mb-exams/source-pdfs/marking-guides/pc_18_jun_mg.pdf,[128],1,2 marks,2.0,"Question 48 T5 Given 1 sin , 2 θ = determine all possible values of θ over the interval [ ] 2 ,2 . −π π Solution , , , 6 6 6 6 θ 11π 7π π 5π = − − 2 marks 1 mark for positive values of θ (½ mark for each) 1 mark for negative values of θ (½ mark for each)"
2019,jan,January 2019,1,T1,/home/max/testgen-suite/ocr-frq/mb-exams/source-pdfs/marking-guides/pc_19_jan_mg.pdf,[10],1,1 mark,1.0,"Question 1 T1 Determine the length of the radius, r, given an arc length of 20 metres and a central angle of 160 .° Solution 1 mark for substitution 2 marks 1 mark for conversion ( ) 160 180 8 9 20 8 9 180 m 8 s r r r θ θ π   =     π = = = π       = π 20 m r 7.162m r = or"
2019,jan,January 2019,2,P1,/home/max/testgen-suite/ocr-frq/mb-exams/source-pdfs/marking-guides/pc_19_jan_mg.pdf,[14],1,1 mark,1.0,Question 2 P1 There are eight cars parked in a row. Determine the number of possible arrangements of these eight cars if Mrs. Jones must always park in the third spot and Mr. Rodriguez must always park in the last spot. Solution 6 5 1 4 3 2 1 1 720        1 mark
2019,jan,January 2019,3,R10,/home/max/testgen-suite/ocr-frq/mb-exams/source-pdfs/marking-guides/pc_19_jan_mg.pdf,[16],1,1 mark,1.0,"Question 3 R10 Bill wins $1 300 000 in a lottery and invests the entire amount at an annual interest rate of 2.5% compounded quarterly. He will withdraw $10 000 at the end of every three months. Determine, algebraically, the total number of withdrawals, including the partial amount, that Bill can ma"
2019,jan,January 2019,4,P4,/home/max/testgen-suite/ocr-frq/mb-exams/source-pdfs/marking-guides/pc_19_jan_mg.pdf,[20],1,2 marks,2.0,Question 4 P4 Determine and simplify the 12th term in the binomial expansion of 12 3 2 1 . 2 x x   −     Solution ( ) ( )( ) 11 1 3 2 12 12 11 3 22 12 19 12 19 12 19 12 1 2 1 12 2048 12 2048 3 512 0.006 t C x x t x x t x t x t x−   = −       = −     = − = − = − or or 2 marks (1 mar
2019,jan,January 2019,5,R10,/home/max/testgen-suite/ocr-frq/mb-exams/source-pdfs/marking-guides/pc_19_jan_mg.pdf,[24],1,3 marks,3.0,"Question 5 R10 Solve, algebraically. 2 3 1 7 x x e − + = Solution ( ) ( ) ( ) 2 3 1 ln ln7 2 3 ln 1 ln7 2 3 ln7 ln7 2 ln7 ln7 3 2 ln7 ln7 3 ln7 3 2 ln7 91.438 783 91.439 x x e x e x x x x x x x x x − + = − = + − = + − = + − = + + = − = = ½ mark for collecting terms with x ½ mark for applying logarit"
2019,jan,January 2019,6,T1,/home/max/testgen-suite/ocr-frq/mb-exams/source-pdfs/marking-guides/pc_19_jan_mg.pdf,[26],1,1 mark,1.0,"Question 6 T1 Sketch the angle 3 7π in standard position. Solution Note:  If the directional arrow is not indicated, deduct an E1 error (final answer not stated). 1 mark ½ mark for an appropriate angle in quadrant I ½ mark for correct number of revolutions y x"
2019,jan,January 2019,7,R11,/home/max/testgen-suite/ocr-frq/mb-exams/source-pdfs/marking-guides/pc_19_jan_mg.pdf,[30],1,1 mark,1.0,"Question 7 R11 Determine, algebraically, all of the zeros of the polynomial function ( ) 4 3 2 5 4 20 . P x x x x x = − − + Solution ( ) ( ) ( ) ( ) ( ) ( ) ( ) ( ) 3 2 2 3 5 4 20 2 2 2 5 2 4 2 20 2 0 2 is a factor P x x x x x P P x = − − + = − − + = ∴ − 2 1 5 4 20 2 6 20 1 3 10 0 − − ↓ − − − − ( ) "
2019,jan,January 2019,8,P4,/home/max/testgen-suite/ocr-frq/mb-exams/source-pdfs/marking-guides/pc_19_jan_mg.pdf,[34],1,1 mark,1.0,"Question 8 P4 Justify why four of the terms in the binomial expansion of ( )6 x y −+ are positive. Solution ( ) ( ) ( ) ( ) ( ) ( ) 6 0 5 1 4 2 6 5 4 2 , , ,... , , ,... x y x y x y x x y x y − − − − There are 7 terms. The first term is positive and the signs alternate. 1 mark for justification 1 ma"
2019,jan,January 2019,9,R4,/home/max/testgen-suite/ocr-frq/mb-exams/source-pdfs/marking-guides/pc_19_jan_mg.pdf,[36],1,1 mark,1.0,Question 9 R4 Determine the equation of ( ) g x in terms of ( ). f x Solution 1 mark for vertical reflection 1 mark for horizontal translation 2 marks ( ) ( ) 3 g x f x = − − y x 1 1 ( ) f x ( ) g x
2019,jan,January 2019,10,T6,/home/max/testgen-suite/ocr-frq/mb-exams/source-pdfs/marking-guides/pc_19_jan_mg.pdf,"[38, 39]",2,3 marks,3.0,Question 10 T6 Prove the identity for all permissible values of x. 2 sin tan sin cot csc cos x x x x x x + = + Solution Method 1 ( ) sin sin cos cos 1 sin sin sin cos sin cos cos 1 sin sin cos 1 x x x x x x x x x x x x x x + + + + + ( ) sin cos cos 1 x x x +  2 sin cos x x 3 marks 1 mark for correc
2019,jan,January 2019,11,R3,/home/max/testgen-suite/ocr-frq/mb-exams/source-pdfs/marking-guides/pc_19_jan_mg.pdf,[44],1,1 mark,1.0,"Question 11 R3 Given that the point ( ) 2,1 − is on the graph of ( ), y f x = describe how the coordinates of the corresponding point on the graph of ( ) 4 y f x = are different. Solution The x-value is divided by 4. 1 mark"
2019,jan,January 2019,12,R8,/home/max/testgen-suite/ocr-frq/mb-exams/source-pdfs/marking-guides/pc_19_jan_mg.pdf,[46],1,1 mark,1.0,"Question 12 R8 Using the laws of logarithms, completely expand the expression: 2 log 1 x y w       −   Solution ( ) 1 2log log log 1 2 x y w + − − 1 mark for product law 1 mark for power law (½ mark for each) 1 mark for quotient law 3 marks"
2019,jan,January 2019,13,T3,/home/max/testgen-suite/ocr-frq/mb-exams/source-pdfs/marking-guides/pc_19_jan_mg.pdf,[48],1,1 mark,1.0,"Question 13 T3 Given 5 sec 4 θ = − and tan 0, θ > state the quadrant in which θ terminates. Justify your answer. Solution Since secθ is negative in quadrants II and III, and tanθ is positive in quadrants I and III, θ terminates in quadrant III. 1 mark 1 mark for justification"
2019,jan,January 2019,14,R14,/home/max/testgen-suite/ocr-frq/mb-exams/source-pdfs/marking-guides/pc_19_jan_mg.pdf,[50],1,1 mark,1.0,Question 14 R14 State an equation of a rational function that has a vertical asymptote at 8 x = − and a horizontal asymptote at 9. y = Solution 9 8 x y x = + Note:  Other equations are possible. 1 mark for vertical asymptote 1 mark for horizontal asymptote 2 marks
2019,jan,January 2019,15,R5,/home/max/testgen-suite/ocr-frq/mb-exams/source-pdfs/marking-guides/pc_19_jan_mg.pdf,[52],1,1 mark,1.0,"Question 15 R5 Given the point ( ) 5,1 , state the coordinates of the corresponding point after a reflection across the line . y x = Solution ( ) 1, 5 1 mark"
2019,jan,January 2019,16,P2,/home/max/testgen-suite/ocr-frq/mb-exams/source-pdfs/marking-guides/pc_19_jan_mg.pdf,[54],1,1 mark,1.0,Question 16 P2 Simplify. ( ) ( ) 13 ! 12 ! n n − − Solution ( ) 13 ! n − ( ) ( ) 12 13 ! n n − − 1 12 n − 1 mark 1 mark for factorial expansion
2019,jan,January 2019,17,R1,/home/max/testgen-suite/ocr-frq/mb-exams/source-pdfs/marking-guides/pc_19_jan_mg.pdf,[56],1,1 mark,1.0,"Question 17 R1 Given the graphs of ( ) y f x = and ( ), y g x = Solution a) determine the value of ( ) ( ) 2 . f g ( ) ( ) 2 0 0 4 g f = = b) determine the value of ( )( ) 3 . g f − − ( ) ( ) ( ) 3 3 1 2 3 g f − − − −− ½ mark for the value of ( ) 2 g ½ mark for the value of ( ) ( ) 2 f g consistent "
2019,jan,January 2019,18,R11,/home/max/testgen-suite/ocr-frq/mb-exams/source-pdfs/marking-guides/pc_19_jan_mg.pdf,[61],1,,0.0,Question 18 R11 Identify the remainder when ( ) 3 2 3 1 P x x x = − + is divided by ( ) 2 . x − a) 27 − b) 19 − c) 11 d) 21 
2019,jan,January 2019,19,R7,/home/max/testgen-suite/ocr-frq/mb-exams/source-pdfs/marking-guides/pc_19_jan_mg.pdf,[61],1,,0.0,Question 19 R7 Identify the logarithmic form of 1 2 4 x = . a) 2 1 log 4 x = b) 1 log 2 4 x = c) 2 1 log 4 x  =     d) 1 log 2 4 x  =     
2019,jan,January 2019,20,P3,/home/max/testgen-suite/ocr-frq/mb-exams/source-pdfs/marking-guides/pc_19_jan_mg.pdf,[61],1,,0.0,"Question 20 P3 Leah’s Pizzeria offers 9 different pizza toppings. Identify the expression that represents the number of different types of pizzas, with 3 different toppings, that can be made. a) 9 3 C b) 9 3 P c) 9! 3! d) 9!3!"
2019,jan,January 2019,21,R1,/home/max/testgen-suite/ocr-frq/mb-exams/source-pdfs/marking-guides/pc_19_jan_mg.pdf,[62],1,,0.0,"Question 21 R1 Given ( ) 5, 4 − is a point on the graph of ( ), y f x = identify the corresponding point on the graph of ( ) 1 . y f x = a) 1 , 4 5   −     b) 1 5, 4   −     c) 1 1 , 5 4   −     d) ( ) 4,5 − "
2019,jan,January 2019,22,T6,/home/max/testgen-suite/ocr-frq/mb-exams/source-pdfs/marking-guides/pc_19_jan_mg.pdf,[62],1,,0.0,"Question 22 T6 Identify the non-permissible value of x for 1 sec x + over [ ]. 0, π a) 0 b) 4 π c) 2 π d) π "
2019,jan,January 2019,23,P4,/home/max/testgen-suite/ocr-frq/mb-exams/source-pdfs/marking-guides/pc_19_jan_mg.pdf,[62],1,,0.0,Question 23 P4 Indicate the combination that represents the circled term in the given row of Pascal’s triangle. 1 4 6 4 1 a) 4 3 C b) 4 4 C c) 5 3 C d) 5 4 C
2019,jan,January 2019,24,R13,/home/max/testgen-suite/ocr-frq/mb-exams/source-pdfs/marking-guides/pc_19_jan_mg.pdf,[63],1,,0.0,Question 24 R13 Identify the x-intercept on the graph of ( ) ( ) 2 5 . f x x = + a) 5 − b) 0 c) 10 d) 5 
2019,jan,January 2019,25,T1,/home/max/testgen-suite/ocr-frq/mb-exams/source-pdfs/marking-guides/pc_19_jan_mg.pdf,[63],1,,0.0,Question 25 T1 Identify the coterminal angle of 5 π over the interval 4 . θ −π ≤ ≤ π a) 5 9π − b) 5 π − c) 5 3π d) 5 11π 
2019,jan,January 2019,26,R1,/home/max/testgen-suite/ocr-frq/mb-exams/source-pdfs/marking-guides/pc_19_jan_mg.pdf,[63],1,,0.0,"Question 26 R1 Given ( ) ( ) ( ) ( ) ( ) { } 2,6 , 3,2 , 3,4 , 6,5 , f x = identify the value of ( ) ( ) 2 . f f a) 3 b) 4 c) 5 d) 6"
2019,jan,January 2019,27,R2,/home/max/testgen-suite/ocr-frq/mb-exams/source-pdfs/marking-guides/pc_19_jan_mg.pdf,[64],1,,0.0,"Question 27 R2 The graph of ( ) ( )2 1 f x x = − is translated 2 units to the left and 3 units up. Identify the equation of the transformed graph, ( ). g x a) ( ) ( )2 1 3 g x x = + + b) ( ) ( )2 3 3 g x x = − + c) ( ) ( )2 2 3 g x x = + + d) ( ) ( )2 2 3 g x x = − +"
2019,jan,January 2019,28,T6,/home/max/testgen-suite/ocr-frq/mb-exams/source-pdfs/marking-guides/pc_19_jan_mg.pdf,[66],1,1 mark,1.0,"Question 28 T6 Given 8 csc , 5 θ = − determine the exact value of cos 2 . θ Solution 2 2 cos 2 1 2sin 5 1 2 8 14 64 7 32 or θ θ = −   = − −     = = 1 mark for the value of sinθ 1 mark for substitution into correct identity 2 marks"
2019,jan,January 2019,29,T4,/home/max/testgen-suite/ocr-frq/mb-exams/source-pdfs/marking-guides/pc_19_jan_mg.pdf,[70],1,1 mark,1.0,"Question 29 T4 Determine the period of the sinusoidal function, ( ) ( ) 6cos 1 5. 6 f x x π   = − + +     Solution 2 Period = 6 12 π π    = 1 mark"
2019,jan,January 2019,30,R12,/home/max/testgen-suite/ocr-frq/mb-exams/source-pdfs/marking-guides/pc_19_jan_mg.pdf,[72],1,2 marks,2.0,"Question 30 R12 Determine, algebraically, the equation of ( ), P x given the graph of the polynomial function ( ). P x Solution ( ) ( ) ( )( ) ( ) ( )( ) ( ) ( ) ( )( ) 2 2 2 3 1 2 36 3 1 2 36 18 2 2 3 1 2 P x a x x x a a a P x x x x = − − + − = − − − = − = = − − + ½ mark for factors of 2 marks ½ ma"
2019,jan,January 2019,31,T5,/home/max/testgen-suite/ocr-frq/mb-exams/source-pdfs/marking-guides/pc_19_jan_mg.pdf,[74],1,1 mark,1.0,"Question 31 T5 Solve 2 2sin 7sin 4 0 where . θ − θ θ − = ∈ Solution ( )( ) 2sin 1 sin 4 0 + − = θ θ 1 sin sin 4 2 7 11 , No solution 6 6 7 2 , 6 2 , 6 k k k k θ θ θ θ θ = − = π π = π = + π ∈ 11π = + π ∈   1 mark for solving for sinθ (½ mark for each branch) 2 marks for solving for θ (1 mark for e"
2019,jan,January 2019,32,R12,/home/max/testgen-suite/ocr-frq/mb-exams/source-pdfs/marking-guides/pc_19_jan_mg.pdf,[78],1,1 mark,1.0,"Question 32 R12 Justify that the shapes of the graphs of ( ) ( ) ( ) 2 1 1 f x x x = + − and ( ) ( ) ( ) 2 3 1 1 g x x x = + − are different as they approach the x-intercept at 1. x = Solution At 1, x = both graphs pass through the x-axis, however, the graph of ( ) g x flattens as it passes through "
2019,jan,January 2019,33,T2,/home/max/testgen-suite/ocr-frq/mb-exams/source-pdfs/marking-guides/pc_19_jan_mg.pdf,[80],1,1 mark,1.0,"Question 33 T2 Determine the exact value of cotθ if 4 cos and sin 7 = − θ θ is positive. Solution ( ) ( ) 2 2 2 2 2 2 2 4 7 49 16 33 4 cot 33 x y r y y y θ + = − + = = − = ± − = 4 33 cot 33 θ − = Note:  Accept any of the following values for : 33, 33, or 33. y y y y = ± = = − 1 mark for consistent "
2019,jan,January 2019,34,R9,/home/max/testgen-suite/ocr-frq/mb-exams/source-pdfs/marking-guides/pc_19_jan_mg.pdf,[84],1,1 mark,1.0,Question 34 R9 Sketch the graph of ( ) ( ) 2 log 2. f x x = − + Solution 1 mark for asymptotic behaviour approaching 0 x = 1 mark for vertical reflection 1 mark for vertical translation 3 marks y x 1 1
2019,jan,January 2019,35,R13,/home/max/testgen-suite/ocr-frq/mb-exams/source-pdfs/marking-guides/pc_19_jan_mg.pdf,[88],1,1 mark,1.0,"Question 35 R13 State the range of ( ) 4. f x x = + Solution [ ) { } Range: 0, Range: 0 y y ∈ ≥ or   1 mark"
2019,jan,January 2019,36,R10,/home/max/testgen-suite/ocr-frq/mb-exams/source-pdfs/marking-guides/pc_19_jan_mg.pdf,[90],1,1 mark,1.0,"Question 36 R10 Sophie correctly solved the logarithmic equation, ( ) ( ) 7 7 log 1 log 2 2 . x x − = − Explain why 1 x = is an extraneous root. Solution The root, 1, x = is an extraneous root because the argument of a logarithm cannot be zero. 1 mark"
2019,jan,January 2019,37,R13,/home/max/testgen-suite/ocr-frq/mb-exams/source-pdfs/marking-guides/pc_19_jan_mg.pdf,[92],1,1 mark,1.0,Question 37 R13 Sketch the graph of ( ) 4 1. f x x = − Solution y x 1 1 1 mark for shape of a radical function 1 mark for horizontal compression 1 mark for vertical translation 3 marks
2019,jan,January 2019,38,P3,/home/max/testgen-suite/ocr-frq/mb-exams/source-pdfs/marking-guides/pc_19_jan_mg.pdf,[94],1,3 marks,3.0,"Question 38 P3 Solve, algebraically. 2 2 7 nC n = + Solution ( ) ( ) ( ) ! 2 7 2 !2! 1 2 ! n n n n n n = + − − − ( ) 2 ! n − ( ) ( ) ( ) ( )( ) 2 2 2! 2 7 1 2 2 7 4 14 5 14 0 2 7 0 2 n n n n n n n n n n n n = + − = + − = + − − = + − = = − 7 n = ½ mark for substitution into equation ½ mark for factor"
2019,jan,January 2019,39,R1,/home/max/testgen-suite/ocr-frq/mb-exams/source-pdfs/marking-guides/pc_19_jan_mg.pdf,[98],1,1 mark,1.0,"Question 39 R1 Given ( ) 2 1 f x x = − and ( ) 3, g x x = − explain why the domain of ( ) ( ) ( ) f x h x g x = has a restriction when 3. x = Solution When 3, x = the denominator is equal to zero and it is not possible to divide by zero. 1 mark"
2019,jan,January 2019,40,T3,/home/max/testgen-suite/ocr-frq/mb-exams/source-pdfs/marking-guides/pc_19_jan_mg.pdf,[100],1,1 mark,1.0,Question 40 T3 Evaluate. cot sin 6 3 2 cos 3 11π 4π     −         π       Solution ( ) 3 3 2 1 2 3 2 2 1 3   −     −    − −       1 mark for cot 6 11π       (½ mark for quadrant; ½ mark for value) 1 mark for sin 3 4π   −     (½ mark for quadrant; ½ mar
2019,jan,January 2019,41,R10,/home/max/testgen-suite/ocr-frq/mb-exams/source-pdfs/marking-guides/pc_19_jan_mg.pdf,[104],1,1 mark,1.0,"Question 41 R10 Solve, algebraically. ( ) 2 3 log log 2 x = Solution 2 3 3 4 2 log 4 log 3 81 x x x x = = = = ½ mark for exponential form ½ mark for exponential form 1 mark"
2019,jan,January 2019,42,T4,/home/max/testgen-suite/ocr-frq/mb-exams/source-pdfs/marking-guides/pc_19_jan_mg.pdf,[106],1,1 mark,1.0,"Question 42 T4 Sketch the graph of the function 5sin 1 4 y x π   = +     over the domain [ ]. 4,8 − Solution 1 mark for shape of sin y x = 1 mark for amplitude 1 mark for period 1 mark for vertical translation 4 marks y x 6 4 − 8 4"
2019,jan,January 2019,43,"R1, R5",/home/max/testgen-suite/ocr-frq/mb-exams/source-pdfs/marking-guides/pc_19_jan_mg.pdf,[112],1,1 mark,1.0,"Question 43 R1, R5 Given the graph of ( ), y f x = sketch the graph of ( ) . y f x = − Solution 1 mark for horizontal reflection 1 mark for absolute value 2 marks y x 1 1 ( ) f x y x 1 1 ( ) f x"
2019,jan,January 2019,44,R13,/home/max/testgen-suite/ocr-frq/mb-exams/source-pdfs/marking-guides/pc_19_jan_mg.pdf,[116],1,1 mark,1.0,Question 44 R13 Savannah used the graph of ( ) y f x = to sketch the graph of ( ). y f x = Her solution is given below. Describe her error. Solution Savannah did not restrict the domain at 2. x = 1 mark ( ) f x y x 1 1
2019,jan,January 2019,45,T6,/home/max/testgen-suite/ocr-frq/mb-exams/source-pdfs/marking-guides/pc_19_jan_mg.pdf,[118],1,2 marks,2.0,Question 45 T6 Determine the exact value of 13 sin . 12 π       Solution 3 3 sin sin cos cos sin 4 3 4 3 4 3 2 1 2 3 2 2 2 2 2 6 4 4 2 6 4 π π π π 3π π           + = +                            = + −               = − − = Note:  Other com
2019,jan,January 2019,46,R14,/home/max/testgen-suite/ocr-frq/mb-exams/source-pdfs/marking-guides/pc_19_jan_mg.pdf,[122],1,1 mark,1.0,Question 46 R14 State the equation of the horizontal asymptote of ( ) 3 . 1 x f x x = − Solution 3 y = 1 mark
2019,jan,January 2019,47,R14,/home/max/testgen-suite/ocr-frq/mb-exams/source-pdfs/marking-guides/pc_19_jan_mg.pdf,[124],1,1 mark,1.0,"Question 47 R14 Sketch the graph of ( ) 2 5 10 . 6 x f x x x − = + − Solution ( ) ( ) 2 5 10 6 5 2 x f x x x x − = + − − = ( ) 2 x − ( ) ( ) 3 5 , 2 3 there is a point of discontinuity (hole) at 2,1 x x x + = ≠ + ∴ vertical asymptote at 3 horizontal asymptote at 0 x y = − = 1 mark for asymptotic beh"
2019,jan,January 2019,48,R6,/home/max/testgen-suite/ocr-frq/mb-exams/source-pdfs/marking-guides/pc_19_jan_mg.pdf,[128],1,1 mark,1.0,"Question 48 R6 Determine, algebraically, the inverse of ( ) 3 4. f x x = + Solution ( ) ( ) 1 Let 3 4 3 4 4 3 4 3 4 3 f x y y x x y x y x y x f x − = = + = + − = − = − = ½ mark for writing equation of ( ) 1 f x − ½ mark for solving for y 1 mark for switching x and y-values 2 marks"
2019,jan,January 2019,49,R12,/home/max/testgen-suite/ocr-frq/mb-exams/source-pdfs/marking-guides/pc_19_jan_mg.pdf,[130],1,1 mark,1.0,Question 49 R12 Sketch the graph of ( ) ( )( )( ) 1 2 3 . P x x x x = − + − + Solution 1 mark for x-intercepts ½ mark for y-intercept ½ mark for end behaviour 2 marks y x
2019,jun,June 2019,1,P2,/home/max/testgen-suite/ocr-frq/mb-exams/source-pdfs/marking-guides/pc_19_jun_mg.pdf,[10],1,1 mark,1.0,"Question 1 P2 Avery has 4 adventure books, 5 mystery books, and 1 comic book. Determine the number of ways he can arrange all of the books on his shelf if each type of book must be grouped together. Solution 3! 4! 5! 1! ways 17280 types adventure mystery comic of books books books book • • • = Note:"
2019,jun,June 2019,2,"T5, T6",/home/max/testgen-suite/ocr-frq/mb-exams/source-pdfs/marking-guides/pc_19_jun_mg.pdf,[12],1,1 mark,1.0,"Question 2 T5, T6 Solve the following equation, algebraically, over the interval [ ]. 0, 2π 2 2 5cos cos sin 0 θ θ θ − − = Solution ( ) ( )( ) 2 2 2 2 2 5cos cos 1 cos 0 5cos cos 1 cos 0 6cos cos 1 0 3cos 1 2cos 1 0 θ θ θ θ θ θ θ θ θ θ − − − = − −+ = − − = + − = 1 1 cos cos 3 2 1.230 959 5 1.911, 4."
2019,jun,June 2019,3,P4,/home/max/testgen-suite/ocr-frq/mb-exams/source-pdfs/marking-guides/pc_19_jun_mg.pdf,[16],1,2 marks,2.0,"Question 3 P4 Given that 2 5 6048x y − is the sixth term in the expansion of ( )7 3 , x m − determine m. Solution ( ) ( ) ( )( ) 2 5 2 5 7 5 2 5 2 5 2 5 2 5 5 5 6048 3 6048 21 9 6048 189 32 2 x y C x m x y x m x y x m y m y m − = − − = − − = − = = 2 marks (1 mark for 7 5 C ; ½ mark for each consiste"
2019,jun,June 2019,4,R10,/home/max/testgen-suite/ocr-frq/mb-exams/source-pdfs/marking-guides/pc_19_jun_mg.pdf,[20],1,b) 2 marks; a) 1 mark,3.0,"Question 4 R10 A series of blood tests measures the concentration of a prescribed drug. This concentration decreases according to the formula rt A Pe = where: The initial concentration is 3.8900 units/mL. Three hours later, the concentration is 1.7505 units/mL. a) Determine the rate of change, r, al"
2019,jun,June 2019,5,T1,/home/max/testgen-suite/ocr-frq/mb-exams/source-pdfs/marking-guides/pc_19_jun_mg.pdf,[24],1,1 mark,1.0,"Question 5 T1 Ariane uses the formula s r = θ to determine the arc length of a circle that has a central angle of 20° and a radius of 15 cm. Below is Ariane’s work: Describe her error. Solution When using the formula , s r θ = the angle must be in radians. Ariane did not convert the central angle fr"
2019,jun,June 2019,6,R13,/home/max/testgen-suite/ocr-frq/mb-exams/source-pdfs/marking-guides/pc_19_jun_mg.pdf,[26],1,1 mark,1.0,"Question 6 R13 Using the graphs below, state the solution of the equation 2 3 2 1. x x + = − − Solution 1 x = − 1 mark y 1 1 x"
2019,jun,June 2019,7,R10,/home/max/testgen-suite/ocr-frq/mb-exams/source-pdfs/marking-guides/pc_19_jun_mg.pdf,[28],1,1 mark,1.0,"Question 7 R10 Solve, algebraically. ( ) ( ) 2 2 log 3 5 log 1 x x + = − − Solution Method 1 ( ) ( ) ( )( ) ( )( ) 2 2 2 2 5 2 2 log 3 log 1 5 log 3 1 5 2 3 2 2 3 32 2 35 0 7 5 0 7 x x x x x x x x x x x x x + + − = + − =     + − = + − = + − = + − = = − 5 x = Method 2 ( ) ( ) ( )( ) ( )( ) 2 2 5 "
2019,jun,June 2019,8,P3,/home/max/testgen-suite/ocr-frq/mb-exams/source-pdfs/marking-guides/pc_19_jun_mg.pdf,[32],1,1 mark,1.0,"Question 8 P3 Explain why the value of n must be greater than or equal to the value of r, when using . n r C Solution The number of objects to select, r, cannot be greater than the total number of objects, n. 1 mark"
2019,jun,June 2019,9,"R2, R3, R5",/home/max/testgen-suite/ocr-frq/mb-exams/source-pdfs/marking-guides/pc_19_jun_mg.pdf,[34],1,1 mark,1.0,"Question 9 R2, R3, R5 Given that , y x = determine the equation of the resulting function, ( ), g x after the following transformations:  reflection in the x-axis  vertical translation 5 units down  horizontal stretch by a factor of 3 Solution ( ) ________________________ g x = 1 mark for vertica"
2019,jun,June 2019,10,R14,/home/max/testgen-suite/ocr-frq/mb-exams/source-pdfs/marking-guides/pc_19_jun_mg.pdf,[36],1,1 mark,1.0,"Question 10 R14 Explain why the graph of 2 1 6 x y x x − = + − has a horizontal asymptote at 0. y = Solution As x approaches positive or negative infinity, y approaches zero. or The degree of the numerator is less than the degree of the denominator. 1 mark"
2019,jun,June 2019,11,R1,/home/max/testgen-suite/ocr-frq/mb-exams/source-pdfs/marking-guides/pc_19_jun_mg.pdf,[38],1,1 mark,1.0,"Question 11 R1 Given the graphs of ( ) f x and ( ), g x evaluate ( ) ( ) 2 . g f Solution ( ) ( ) 2 4 4 2 f g = = − 1 mark ½ mark for the value of ( ) 2 f ½ mark for consistent value of ( ) ( ) 2 g f y ( ) f x x 1 1 ( ) g x"
2019,jun,June 2019,12,T5,/home/max/testgen-suite/ocr-frq/mb-exams/source-pdfs/marking-guides/pc_19_jun_mg.pdf,[40],1,1 mark,1.0,Question 12 T5 Kennedy was asked to solve the equation tan 1 θ = over all real numbers. Below is Kennedy’s solution: Describe her error. Solution Kennedy did not include the general solution in her answer. 1 mark
2019,jun,June 2019,13,"P2, P3",/home/max/testgen-suite/ocr-frq/mb-exams/source-pdfs/marking-guides/pc_19_jun_mg.pdf,[42],1,1 mark,1.0,"Question 13 P2, P3 Solve, algebraically. ( ) 3 2 3 n n C P = Solution ( ) ( ) ( ) ( ) ( ) ( ) ! 3 ! 3 !3! 2 ! ! 2 ! 3 ! 3 !3! ! 2 3 ! n n n n n n n n n n n = − − − = − − − ( ) 3 ! n − ( ) ( ) 3! 3 ! 2 3! 3 2 18 20 n n n n = − = − = = ½ mark for solving for n 1 mark for factorial expansion 1 mark for"
2019,jun,June 2019,14,R13,/home/max/testgen-suite/ocr-frq/mb-exams/source-pdfs/marking-guides/pc_19_jun_mg.pdf,[46],1,1 mark,1.0,"Question 14 R13 Given the graph of ( ), y f x = sketch the graph of ( ). y f x = Solution 1 mark for restricting domain ½ mark for shape between invariant points ½ mark for shape to the right of invariant points 2 marks 1 1 y x y x ( ) f x 1 1"
2019,jun,June 2019,15,T6,/home/max/testgen-suite/ocr-frq/mb-exams/source-pdfs/marking-guides/pc_19_jun_mg.pdf,"[48, 49]",2,1 mark,1.0,Question 15 T6 Prove the identity for all permissible values of . θ 2 sec tan sin csc 1 tan sin θ − θ θ θ θ θ = − Solution Method 1 2 csc 1 θ − 1 mark for substitution of appropriate identities 1 mark for algebraic strategies 1 mark for logical process to prove the identity 3 marks Left-Hand Side Ri
2019,jun,June 2019,16,T1,/home/max/testgen-suite/ocr-frq/mb-exams/source-pdfs/marking-guides/pc_19_jun_mg.pdf,[52],1,1 mark,1.0,"Question 16 T1 Sketch the angle of 12 π − radians in standard position. Solution Note:  If the directional arrow is not indicated, deduct an E1 error (final answer not stated) ½ mark for an appropriate angle in quadrant IV ½ mark for correct direction 1 mark y x"
2019,jun,June 2019,17,R1,/home/max/testgen-suite/ocr-frq/mb-exams/source-pdfs/marking-guides/pc_19_jun_mg.pdf,[56],1,1 mark,1.0,"Question 17 R1 Given that ( ) 2 2 7 15, h x x x = − − determine possible equations of the functions ( ) f x and ( ) g x if ( ) ( ) ( ). h x f x g x =  Solution ( ) ( ) 2 3 5 f x x g x x = + = − Note:  Other answers are possible. 1 mark for two correct factors of ( ) h x 1 mark"
2019,jun,June 2019,18,R3,/home/max/testgen-suite/ocr-frq/mb-exams/source-pdfs/marking-guides/pc_19_jun_mg.pdf,[61],1,,0.0,Question 18 R3 The range of ( ) y f x = is 6 12. y −≤ ≤ The range of the transformed function ( ) y a f x = is 2 4. y −≤ ≤ Identify the value of a. a) 3 − b) 1 3 − c) 1 3 d) 3 
2019,jun,June 2019,19,R8,/home/max/testgen-suite/ocr-frq/mb-exams/source-pdfs/marking-guides/pc_19_jun_mg.pdf,[61],1,,0.0,Question 19 R8 Identify the expression which is equivalent to 1 3log log log . 2 y x z − +  a) 3 log y xz         b) 3 log y z x         c) 3 2 log y x z         d) 3 2 log y z x         
2019,jun,June 2019,20,T1,/home/max/testgen-suite/ocr-frq/mb-exams/source-pdfs/marking-guides/pc_19_jun_mg.pdf,[61],1,,0.0,Question 20 T1 Identify the measure of the angle 2 9 π − in degrees. a) 400 − ° b) 40 − ° c) 40° d) 320°
2019,jun,June 2019,21,R6,/home/max/testgen-suite/ocr-frq/mb-exams/source-pdfs/marking-guides/pc_19_jun_mg.pdf,[62],1,,0.0,"Question 21 R6 If ( ) y f x = has a domain of [ ] 2,5 and a range of [ ], 6,10 identify the domain of ( ) 1 . y f x − = a) 1 1 , 2 5       b) [ ] 5, 2 − − c) [ ] 10, 6 − − d) [ ] 6,10 "
2019,jun,June 2019,22,R12,/home/max/testgen-suite/ocr-frq/mb-exams/source-pdfs/marking-guides/pc_19_jun_mg.pdf,[62],1,,0.0,Question 22 R12 Identify which of the following is a polynomial function. a) ( ) ( ) ( ) 3 1 2 3 2 p x x x = − + − b) ( ) 1 2 2 3 p x x x = + − c) ( ) 4 2 3 6 p x x x − = + − d) ( ) 2 3 x p x = + 
2019,jun,June 2019,23,P4,/home/max/testgen-suite/ocr-frq/mb-exams/source-pdfs/marking-guides/pc_19_jun_mg.pdf,[62],1,,0.0,Question 23 P4 Identify the total number of terms in the expansion of ( )9. x y − a) 8 b) 9 c) 10 d) 11
2019,jun,June 2019,24,T6,/home/max/testgen-suite/ocr-frq/mb-exams/source-pdfs/marking-guides/pc_19_jun_mg.pdf,[63],1,,0.0,Question 24 T6 Identify the exact value of ( ) 2 2cos 15 1. ° − a) 1 b) 1 2 c) 3 2 d) 3 
2019,jun,June 2019,25,R2,/home/max/testgen-suite/ocr-frq/mb-exams/source-pdfs/marking-guides/pc_19_jun_mg.pdf,[63],1,,0.0,Question 25 R2 The zeros of the function ( ) y f x = are 2 x = − and 3. x = Identify the zeros of the function ( ) ( ) 2 4 . g x f x = − a) 6 and 1 x x = − = − b) 2 and 7 x x = = c) 4 and 6 x x = − = d) 0 and 10 x x = = 
2019,jun,June 2019,26,R7,/home/max/testgen-suite/ocr-frq/mb-exams/source-pdfs/marking-guides/pc_19_jun_mg.pdf,[63],1,,0.0,Question 26 R7 Identify the value of 4 1 log . 4       a) 16 − b) 1 − c) 1 d) 16
2019,jun,June 2019,27,T4,/home/max/testgen-suite/ocr-frq/mb-exams/source-pdfs/marking-guides/pc_19_jun_mg.pdf,[64],1,1 mark,1.0,Question 27 T4 Sketch the graph of at least one period of the function cos 3. 4 y x π   = − + +     Solution 1 mark for shape of a sinusoidal function with correct period 1 mark for vertical reflection 1 mark for horizontal translation 1 mark for vertical translation 4 marks 1 x y 4 π
2019,jun,June 2019,28,R11,/home/max/testgen-suite/ocr-frq/mb-exams/source-pdfs/marking-guides/pc_19_jun_mg.pdf,[68],1,1 mark,1.0,"Question 28 R11 Justify that ( ) 5 x − is not a possible factor of the function ( ) 3 2 3 4 12. P x x x x = − − + Solution When 5 x = is substituted into ( ), P x ( ) 5 P does not equal 0. 1 mark"
2019,jun,June 2019,29,R14,/home/max/testgen-suite/ocr-frq/mb-exams/source-pdfs/marking-guides/pc_19_jun_mg.pdf,[70],1,1 mark,1.0,Question 29 R14 Sketch the graph of ( ) ( )( ) 6 2 3 f x x x = + − and state the y-intercept. Solution y-intercept: ____________________________ 1 mark for vertical asymptotic behaviour (½ mark for behaviour approaching 2; x = − ½ mark for behaviour approaching 3 x = ) 1 mark for horizontal asymptot
2019,jun,June 2019,30,P2,/home/max/testgen-suite/ocr-frq/mb-exams/source-pdfs/marking-guides/pc_19_jun_mg.pdf,[74],1,2 marks,2.0,"Question 30 P2 Determine how many 3-digit odd numbers less than 300 are possible using the digits 1, 2, 3, 4, 5, 6 if repetition is not allowed. Solution 1 4 2 8 case 1: 1 odd 1 4 3 12 case 2 : 2 odd 8 12 20 numbers • • = • • = + = ½ mark for case 1 2 marks ½ mark for case 2 1 mark for addition of c"
2019,jun,June 2019,31,T6,/home/max/testgen-suite/ocr-frq/mb-exams/source-pdfs/marking-guides/pc_19_jun_mg.pdf,[76],1,1 mark,1.0,"Question 31 T6 Given that 5 cos 13 α = − and 2 sin , 3 β = where α and β terminate in the same quadrant, determine the exact value of ( ) cos . − α β Solution Notes:  Accept any of the following values for : 5, 5, or 5. x x x x = ± = = −  Accept any of the following values for : 12 or 12. y y y = "
2019,jun,June 2019,32,R9,/home/max/testgen-suite/ocr-frq/mb-exams/source-pdfs/marking-guides/pc_19_jun_mg.pdf,[80],1,3 marks,3.0,"Question 32 R9 Given the graph of 4 ,x y = sketch the graph of ( ) 3 2 4 1. x y − = + Solution 3 marks 1 mark for vertical stretch 1 mark for horizontal translation 1 mark for vertical translation 1 x y 1 ( ) 3,3 ( ) 4,9 4x y ="
2019,jun,June 2019,33,T1,/home/max/testgen-suite/ocr-frq/mb-exams/source-pdfs/marking-guides/pc_19_jun_mg.pdf,[84],1,1 mark,1.0,"Question 33 T1 Determine the coterminal angle of 5 π over the interval [ ]. 2 ,0 −π Solution 9 5 π − 1 mark"
2019,jun,June 2019,34,R9,/home/max/testgen-suite/ocr-frq/mb-exams/source-pdfs/marking-guides/pc_19_jun_mg.pdf,[86],1,1 mark,1.0,"Question 34 R9 State the domain of the graph of ( ) log 4 8. y x = − − Solution ( ) 4 4, x > ∞ or 1 mark"
2019,jun,June 2019,35,T4,/home/max/testgen-suite/ocr-frq/mb-exams/source-pdfs/marking-guides/pc_19_jun_mg.pdf,[88],1,1 mark,1.0,"Question 35 T4 Given the graph of 5sin 2 3, 4 y x  π    = − +         determine the exact value of the x-coordinate in the point P. Solution 2 x π = 1 mark x y ( ) P , 8 x − ( ) Q , 2 π"
2019,jun,June 2019,36,T6,/home/max/testgen-suite/ocr-frq/mb-exams/source-pdfs/marking-guides/pc_19_jun_mg.pdf,[90],1,1 mark,1.0,Question 36 T6 Verify that the following equation is true for 5 . 6 x π = cos 1 sin 1 sin cos x x x x + = − Solution 1 mark for exact values (½ mark for 5 cos ; 6 π ½ mark for 5 sin 6 π ) 1 mark for simplification (½ mark for LHS; ½ mark for RHS) 2 marks Left-Hand Side Right-Hand Side 5 5 cos 1 sin 
2019,jun,June 2019,37,R11,/home/max/testgen-suite/ocr-frq/mb-exams/source-pdfs/marking-guides/pc_19_jun_mg.pdf,[94],1,1 mark,1.0,"Question 37 R11 Given that ( ) 1 x + is one of the factors of ( ) 3 2 8, P x x x kx = − + − determine the value of k. Solution Method 1 ( ) ( ) ( ) 3 2 1 0 1 1 1 8 0 1 1 8 10 x k k k = − = − −− + − − = −−− − = − Method 2 1 1 1 8 1 2 2 1 2 2 10 k k k k − − − − − − − + − − 10 0 10 k k −− = = − ½ mark "
2019,jun,June 2019,38,R13,/home/max/testgen-suite/ocr-frq/mb-exams/source-pdfs/marking-guides/pc_19_jun_mg.pdf,[96],1,1 mark,1.0,"Question 38 R13 Given the function ( ) , f x x = describe how to use transformations to determine the domain of the function ( ) ( ) 2 1. g x f x = + + Solution The graph of ( ) g x is a horizontal translation 2 units to the left of the graph of ( ), f x which changes the domain from 0 x ≥ to 2. x ≥"
2019,jun,June 2019,39,R1,/home/max/testgen-suite/ocr-frq/mb-exams/source-pdfs/marking-guides/pc_19_jun_mg.pdf,[98],1,1 mark,1.0,"Question 39 R1 Given the graph of ( ), y f x = state the equation of the vertical asymptote of ( ) 1 . y f x = Solution 2 x = − 1 mark ( ) f x y x 1 1"
2019,jun,June 2019,40,R10,/home/max/testgen-suite/ocr-frq/mb-exams/source-pdfs/marking-guides/pc_19_jun_mg.pdf,[100],1,2 marks,2.0,"Question 40 R10 Solve, algebraically. 2 1 16 64 x x− = Solution ( ) 3 2 1 2 2 6 3 4 4 4 4 2 6 3 3 4 3 4 x x x x x x x x − − = = = − = = ½ mark for equating exponents 2 marks 1 mark for changing to a common base (½ mark for each) ½ mark for exponent law"
2019,jun,June 2019,41,R11,/home/max/testgen-suite/ocr-frq/mb-exams/source-pdfs/marking-guides/pc_19_jun_mg.pdf,[104],1,1 mark,1.0,"Question 41 R11 Given that one of the factors of ( ) 3 2 2 5 6 P x x x x = + − − is ( ) 3 , x + express ( ) P x in completely factored form. Solution 3 1 2 5 6 3 3 6 1 1 2 0 − − − ↓ − − − ( ) ( )( ) ( ) ( )( )( ) 2 3 2 3 2 1 P x x x x P x x x x = + − − = + − + 1 mark for synthetic division (or any e"
2019,jun,June 2019,42,R12,/home/max/testgen-suite/ocr-frq/mb-exams/source-pdfs/marking-guides/pc_19_jun_mg.pdf,[106],1,1 mark,1.0,Question 42 R12 Sketch the graph of ( ) ( ) ( ) 2 2 3 1 2 . p x x x = + − Solution 1 mark for x-intercepts ½ mark for y-intercept 1 mark for multiplicity of 2 at 1 x = − and at 2 x = (½ mark for each) ½ mark for end behaviour 3 marks 1 − 2 x 12 y
2019,jun,June 2019,43,R1,/home/max/testgen-suite/ocr-frq/mb-exams/source-pdfs/marking-guides/pc_19_jun_mg.pdf,[108],1,2 marks,2.0,"Question 43 R1 Given that ( ) 2 4 f x x = − and ( ) , g x x = determine ( ) ( ) f g x and state its domain. Solution 2 marks ( ) ( ) ( ) ( ) ( ) 2 4 4, 0 f g x x f g x x x = − = − ≥ 1 mark for composite function 1 mark for domain consistent with composite function"
2019,jun,June 2019,44,R13,/home/max/testgen-suite/ocr-frq/mb-exams/source-pdfs/marking-guides/pc_19_jun_mg.pdf,[110],1,3 marks,3.0,Question 44 R13 Determine a possible equation of the function ( ). f x Solution ( ) ( ) 2 1 f x x = − − or ( ) ( ) 4 1 f x x = − − 3 marks 1 mark for vertical stretch 1 mark for horizontal reflection 1 mark for horizontal translation y x 1 1 ( ) f x 3 marks 1 mark for horizontal compression 1 mark f
2019,jun,June 2019,45,R9,/home/max/testgen-suite/ocr-frq/mb-exams/source-pdfs/marking-guides/pc_19_jun_mg.pdf,[112],1,1 mark,1.0,Question 45 R9 Explain why the graph of 2 log y x = does not have a y-intercept. Solution The domain of the graph is 0. x > or There is a vertical asymptote at 0. x = 1 mark
2019,jun,June 2019,46,T3,/home/max/testgen-suite/ocr-frq/mb-exams/source-pdfs/marking-guides/pc_19_jun_mg.pdf,[114],1,1 mark,1.0,Question 46 T3 Evaluate. 2 17 sin cos sec 3 6 6 π π π       − +             Solution 1 mark for sin 3 π   −     (½ mark for quadrant; ½ mark for value) 1 mark for cos 6 17π       (½ mark for quadrant; ½ mark for value) 1 mark for sec 6 π       (½ mark for quadrant
2019,jun,June 2019,47,R14,/home/max/testgen-suite/ocr-frq/mb-exams/source-pdfs/marking-guides/pc_19_jun_mg.pdf,[118],1,1 mark,1.0,"Question 47 R14 Determine the coordinates of the point of discontinuity (hole) on the graph of 2 3 . x x y x − = Solution ( ) 0, 3 − Note:  Deduct ½ mark for procedural error of incorrect y-value. 1 mark for point of discontinuity (hole) at 0 x = 1 mark"
2019,jun,June 2019,48,R1,/home/max/testgen-suite/ocr-frq/mb-exams/source-pdfs/marking-guides/pc_19_jun_mg.pdf,[120],1,1 mark,1.0,"Question 48 R1 Given the graphs of ( ) f x and ( ), g x sketch the graph of ( ) ( ) ( ). h x f x g x = + Solution 1 mark for operation of addition 1 mark for restricted domain 2 marks ( ) h x y x 1 1 y x 1 1 ( ) g x ( ) f x"
2019,jun,June 2019,49,T2,/home/max/testgen-suite/ocr-frq/mb-exams/source-pdfs/marking-guides/pc_19_jun_mg.pdf,[124],1,2 marks,2.0,"Question 49 T2 Given that 4 csc 7 θ = − and cos 0, θ > determine the exact value of tan . θ Solution ( ) ( ) 2 2 2 2 2 7 sin 4 7 4 16 7 9 3 7 tan 3 x x x x θ θ = − + = = − = = ± = − Note:  Accept any of the following values for : 3, 3, or 3. x x x x = ± = = − 2 marks ½ mark for substitution ½ mark "
2020,jan,January 2020,1,P4,/home/max/testgen-suite/ocr-frq/mb-exams/source-pdfs/marking-guides/pc_20_jan_mg.pdf,[10],1,2 marks,2.0,Question 1 P4 Determine and simplify the 8th term in the binomial expansion of 10 3 2 . x x   −     Solution ( ) ( ) 7 3 3 8 10 7 3 21 18 2 128 120 15 360 t C x x x x x   = −       = −     = − 2 marks (1 mark for 10 7; C ½ mark for each consistent factor) 1 mark for simplification 
2020,jan,January 2020,2,R10,/home/max/testgen-suite/ocr-frq/mb-exams/source-pdfs/marking-guides/pc_20_jan_mg.pdf,[12],1,1 mark,1.0,"Question 2 R10 The temperature of hot chocolate is recorded as it cools down. The data shows that the temperature cools according to the equation: ( ) 82 0.87 16 t T = + where T is the temperature of the hot chocolate, in degrees Celsius after t minutes and t is the time, in minutes, after the hot c"
2020,jan,January 2020,3,T5,/home/max/testgen-suite/ocr-frq/mb-exams/source-pdfs/marking-guides/pc_20_jan_mg.pdf,[14],1,2 marks,2.0,"Question 3 T5 Solve for , θ algebraically, over the interval [ ]. 0,2π 2 3sin 6sin 2 0 θ θ + + = Solution ( )( ) ( ) 2 6 6 4 3 2 sin 2 3 6 12 sin 6 sin 0.422 649... sin 1.577 350... 0.436 367... no solution 3.578, 5.847 r θ θ θ θ θ θ −± − = −± = = − = − = = 2 marks for solving for θ (½ mark for each"
2020,jan,January 2020,4,P3,/home/max/testgen-suite/ocr-frq/mb-exams/source-pdfs/marking-guides/pc_20_jan_mg.pdf,[16],1,1 mark,1.0,Question 4 P3 A committee of 4 people is to be selected from 6 high school students and 5 middle years students. Determine the number of possible committees if the committee must have at least 3 high school students. Solution 6 3 5 1 6 4 5 0 Case 1: 100 Case 2: 15 100 15 115 possible committees C C 
2020,jan,January 2020,5,"R1, R5",/home/max/testgen-suite/ocr-frq/mb-exams/source-pdfs/marking-guides/pc_20_jan_mg.pdf,[18],1,2 marks,2.0,"Question 5 R1, R5 Given the graph of ( ), y f x = sketch the graph of ( ) . y f x = − Solution 2 marks 1 mark for absolute value 1 mark for vertical reflection y x 1 1 ( ) f x"
2020,jan,January 2020,6,"R2, R3",/home/max/testgen-suite/ocr-frq/mb-exams/source-pdfs/marking-guides/pc_20_jan_mg.pdf,[20],1,1 mark,1.0,"Question 6 R2, R3 Describe the transformations used to obtain the graph of the function 4 3 2 x y f   = −     from the graph of ( ). y f x = Solution The graph of ( ) y f x = is vertically stretched by a factor of 4, horizontally stretched by a factor of 2, and translated down 3 units. Note: "
2020,jan,January 2020,7,R8,/home/max/testgen-suite/ocr-frq/mb-exams/source-pdfs/marking-guides/pc_20_jan_mg.pdf,[22],1,2 marks,2.0,"Question 7 R8 If log4 m = and log3 ,n = express log48 in terms of m and n. Solution ( ) 2 log48 log 4 3 2log4 log3 2m n = = + = +  2 marks 1 mark for power law 1 mark for product law"
2020,jan,January 2020,8,R13,/home/max/testgen-suite/ocr-frq/mb-exams/source-pdfs/marking-guides/pc_20_jan_mg.pdf,[24],1,1 mark,1.0,"Question 8 R13 State the domain and range of the radical function, ( ) 3 8 1. f x x = − − + Solution 1 mark for domain 1 mark for range 2 marks [ ) ( ] Domain: 8, Range: ,1 ∞ −∞"
2020,jan,January 2020,9,T4,/home/max/testgen-suite/ocr-frq/mb-exams/source-pdfs/marking-guides/pc_20_jan_mg.pdf,[26],1,1 mark,1.0,"Question 9 T4 Explain why the graph of tan y x = does not have an amplitude. Solution The range of tan y x = is all real numbers. or As the graph of tan y x = approaches the vertical asymptotes, the function value approaches positive and negative infinity. 1 mark"
2020,jan,January 2020,10,T6,/home/max/testgen-suite/ocr-frq/mb-exams/source-pdfs/marking-guides/pc_20_jan_mg.pdf,"[28, 29]",2,1 mark,1.0,Question 10 T6 Prove the following identity for all permissible values of . θ 2 2 sec sin sec csc 1 tan sin θ θ θ θ θ θ − = − Solution Method 1 2 csc 1 θ − Left-Hand Side Right-Hand Side ( ) 2 2 1 sin cos cos sin sin cos 1 sin cos θ θ θ θ θ θ θ θ −       − 2 sin cos θ θ 2 2 2 2 cos sin cot csc
2020,jan,January 2020,11,R11,/home/max/testgen-suite/ocr-frq/mb-exams/source-pdfs/marking-guides/pc_20_jan_mg.pdf,[34],1,1 mark,1.0,"Question 11 R11 Given that 3 x = is one of the zeros of ( ) 3 7 6, p x x x = − − express ( ) p x in completely factored form. Solution 3 1 0 7 6 3 9 6 1 3 2 0 − − ( ) ( )( ) ( ) ( )( )( ) 2 3 3 2 3 2 1 p x x x x p x x x x = − + + = − + + 1 mark for synthetic division (or equivalent strategy) ½ mark "
2020,jan,January 2020,12,P2,/home/max/testgen-suite/ocr-frq/mb-exams/source-pdfs/marking-guides/pc_20_jan_mg.pdf,[36],1,3 marks,3.0,"Question 12 P2 Solve, algebraically. 1 2 6 n P + = Solution ( ) ( ) ( ) ( ) ( )( ) ( ) 1 ! 6 1 2 ! 1 ! 6 1 ! ! 1 1 n n n n n n n + = + − + = − + − ( )! 1 n − ( )( ) 2 2 6 6 6 0 3 2 0 3 n n n n n n n = + = + − = + − = = − 2 n = 3 marks ½ mark for substitution 1 mark for factorial expansion ½ mark for"
2020,jan,January 2020,13,R8,/home/max/testgen-suite/ocr-frq/mb-exams/source-pdfs/marking-guides/pc_20_jan_mg.pdf,[40],1,1 mark,1.0,Question 13 R8 Express ( ) log 3 1 log log9 x x − − + as a single logarithm. Solution ( ) 9 3 1 log x x −       1 mark for product law 1 mark for quotient law 2 marks
2020,jan,January 2020,14,R12,/home/max/testgen-suite/ocr-frq/mb-exams/source-pdfs/marking-guides/pc_20_jan_mg.pdf,[42],1,1 mark,1.0,Question 14 R12 Sketch the graph of ( ) ( ) ( ) 2 2 3 . P x x x = − − + Solution 1 mark for x-intercepts ½ mark for y-intercept 1 mark for multiplicity of 2 at 2 x = ½ mark for end behaviour 3 marks y x
2020,jan,January 2020,15,R1,/home/max/testgen-suite/ocr-frq/mb-exams/source-pdfs/marking-guides/pc_20_jan_mg.pdf,[47],1,,0.0,"Question 15 R1 Given ( ) 2 5 f x x = − − and ( ) 7, g x x = + identify the equation of ( ) ( ) ( ). h x f g x = a) ( ) 2 2 35 h x x = − − b) ( ) 2 19 h x x = − − c) ( ) 2 2 19 35 h x x x = − − − d) ( ) 2 2 h x x = − + "
2020,jan,January 2020,16,R6,/home/max/testgen-suite/ocr-frq/mb-exams/source-pdfs/marking-guides/pc_20_jan_mg.pdf,[47],1,,0.0,"Question 16 R6 The function ( ) y f x = has a domain of [ ] 2,5 and a range of [ ]. 6,3 − Identify the range of the function ( ) 1 . y f x − = a) [ ] 6,3 − b) [ ] 5,2 − c) [ ] 3,6 − d) [ ] 2,5 "
2020,jan,January 2020,17,R14,/home/max/testgen-suite/ocr-frq/mb-exams/source-pdfs/marking-guides/pc_20_jan_mg.pdf,[47],1,,0.0,Question 17 R14 Identify the function that has a graph with a point of discontinuity (hole) at 3. x = − a) 2 3 9 x y x + = − b) 2 3 9 x y x − = − c) 2 9 3 x y x − = − d) 2 9 3 x y x + = +
2020,jan,January 2020,18,R7,/home/max/testgen-suite/ocr-frq/mb-exams/source-pdfs/marking-guides/pc_20_jan_mg.pdf,[48],1,,0.0,Question 18 R7 Identify the value of ln .e a) 0 b) loge c) 1 d) e 
2020,jan,January 2020,19,R11,/home/max/testgen-suite/ocr-frq/mb-exams/source-pdfs/marking-guides/pc_20_jan_mg.pdf,[48],1,,0.0,"Question 19 R11 When the polynomial function, ( ), p x is divided by ( ) 4 x − the remainder is 17. Identify which statement is true. a) ( ) 4 17 p = b) ( ) 4 17 p − = c) ( ) 4 0 p = d) ( ) 4 0 p − = "
2020,jan,January 2020,20,P2,/home/max/testgen-suite/ocr-frq/mb-exams/source-pdfs/marking-guides/pc_20_jan_mg.pdf,[48],1,,0.0,Question 20 P2 Identify the expression equivalent to ( ) ( ) 6 !. 4 ! n n − − a) ( )( ) 4 5 n n − − b) ( )( ) 1 4 5 n n − − c) ( )( ) 6 5 n n − − d) ( )( ) 1 6 5 n n − −
2020,jan,January 2020,21,T3,/home/max/testgen-suite/ocr-frq/mb-exams/source-pdfs/marking-guides/pc_20_jan_mg.pdf,[49],1,,0.0,Question 21 T3 Identify the quadrant in which θ terminates if 4 sec 3 θ = − and sin 0. θ > a) I b) II c) III d) IV 
2020,jan,January 2020,22,T1,/home/max/testgen-suite/ocr-frq/mb-exams/source-pdfs/marking-guides/pc_20_jan_mg.pdf,[49],1,,0.0,"Question 22 T1 Identify the expression that represents all angles that are coterminal with π . 3 a) π π , 3 k k + ∈ b) π π , 3 k k + ∈ c) π 2π , 3 k k + ∈ d) π 2π , 3 k k + ∈"
2020,jan,January 2020,23,R13,/home/max/testgen-suite/ocr-frq/mb-exams/source-pdfs/marking-guides/pc_20_jan_mg.pdf,[50],1,1 mark,1.0,"Question 23 R13 Given ( ) 1 3, 2 f x x = − state the coordinates of an invariant (unchanged) point when sketching the graph of ( ). y f x = Solution 1 3 0 2 1 3 2 6 1 3 1 2 1 4 2 8 x x x x x x − = = = − = = = 1 mark ( ) 6,0 ( ) 8,1"
2020,jan,January 2020,24,R10,/home/max/testgen-suite/ocr-frq/mb-exams/source-pdfs/marking-guides/pc_20_jan_mg.pdf,[54],1,2 marks,2.0,"Question 24 R10 Solve, algebraically. 3 4 1 125 5 x x+   =     Solution ( ) ( ) 3 4 3 1 9 12 5 5 5 5 9 12 10 12 12 10 6 5 x x x x x x x x x + − + − = = + = − = − = − = − or 2 marks 1 mark for changing to a common base (½ mark for each side) ½ mark for equating exponents ½ mark for exponent law"
2020,jan,January 2020,25,T6,/home/max/testgen-suite/ocr-frq/mb-exams/source-pdfs/marking-guides/pc_20_jan_mg.pdf,[58],1,2 marks,2.0,"Question 25 T6 Given 2 sin 2 θ = − and 2 cos , 2 θ = − justify that the value of ( ) tan 2θ is undefined. Solution Method 1 ( ) ( ) 2 2tan tan 2 1 tan 2 1 1 1 2 0 θ θ θ = − = − = ∴undefined Method 2 ( ) tan 1 5π 4 5π tan 2 tan 2 4 5π tan 2 = =     =         = θ θ θ ∴undefined 2 marks 1 m"
2020,jan,January 2020,26,R9,/home/max/testgen-suite/ocr-frq/mb-exams/source-pdfs/marking-guides/pc_20_jan_mg.pdf,[62],1,1 mark,1.0,"Question 26 R9 Sketch the graph of 3 2log . y x = − Solution 1 mark for asymptotic behaviour approaching 0 x = 1 mark for vertical reflection 1 mark for vertical stretch 3 marks y x ( ) 3, 2 − ( ) 1,0"
2020,jan,January 2020,27,T3,/home/max/testgen-suite/ocr-frq/mb-exams/source-pdfs/marking-guides/pc_20_jan_mg.pdf,[66],1,1 mark,1.0,Question 27 T3 Evaluate. π cos π sin 6     −          Solution 1 cos π 2 π cos 2 0     −           −     1 mark for π sin 6   −     (½ mark for quadrant; ½ mark for value) 1 mark for consistent value 2 marks
2020,jan,January 2020,28,R1,/home/max/testgen-suite/ocr-frq/mb-exams/source-pdfs/marking-guides/pc_20_jan_mg.pdf,[70],1,1 mark,1.0,"Question 28 R1 a) Given ( ) 2, f x x = −+ sketch the graph of ( ) ( ) ( ). h x f f x = b) Explain why the domain of ( ) ( ) ( ) h x f f x = does not have any restrictions. Solution a) b) Since the domain of ( ) y f x = does not have any restrictions, then the domain of the composition does not have "
2020,jan,January 2020,29,R14,/home/max/testgen-suite/ocr-frq/mb-exams/source-pdfs/marking-guides/pc_20_jan_mg.pdf,[74],1,1 mark,1.0,Question 29 R14 a) Sketch the graph of ( ) 3 5 . 2 4 x f x x − = + b) State the range of ( ). f x Solution b) 3 Range: 2 y y   ∈ ≠      1 mark 1 mark for asymptotic behaviour approaching 2 x = − 1 mark for asymptotic behaviour approaching 3 2 y = 3 marks 1 mark for range consistent with graph
2020,jan,January 2020,30,R12,/home/max/testgen-suite/ocr-frq/mb-exams/source-pdfs/marking-guides/pc_20_jan_mg.pdf,[78],1,2 marks,2.0,"Question 30 R12 Determine, algebraically, the equation of ( ) p x that satisfies all of the following conditions:  ( ) p x is a polynomial function of degree 4  ( ) p x has a zero at 3 with a multiplicity of 2  ( ) p x has zeroes at 1 − and 2 −  ( ) p x passes through the point ( ) 2,24 . Soluti"
2020,jan,January 2020,31,T5,/home/max/testgen-suite/ocr-frq/mb-exams/source-pdfs/marking-guides/pc_20_jan_mg.pdf,[80],1,1 mark,1.0,"Question 31 T5 Verify, by substitution, that the equation cos cot 1 sin cot θ θ θ θ + = + is true for 2π . 3 θ = Solution ( ) 2 2 cos cot 3 3 2 cot 3 1 1 2 3 1 3 3 2 2 3 1 3 3 2 2 3 2 2 3 2 2 π π     +         π       − − − − − − − − − − + − + Note:  Deduct a maximum of 1 mark if "
2020,jan,January 2020,32,R14,/home/max/testgen-suite/ocr-frq/mb-exams/source-pdfs/marking-guides/pc_20_jan_mg.pdf,[84],1,1 mark,1.0,"Question 32 R14 Jyugo was asked to state the equation of the vertical asymptote(s) on the graph of ( ) 2 3 15 . 5 x f x x x − = − His solution: Explain why his solution is incorrect. Solution His solution at 5 x = is the x-value of a point of discontinuity (hole), not a vertical asymptote. 1 mark"
2020,jan,January 2020,33,T4,/home/max/testgen-suite/ocr-frq/mb-exams/source-pdfs/marking-guides/pc_20_jan_mg.pdf,[86],1,3 marks,3.0,"Question 33 T4 Sketch the graph of 1 sin 1 2 y x   = −     over the interval [ ]. 2π,2π − Solution 3 marks 1 mark for shape of sin y x = 1 mark for period 1 mark for vertical translation 2π π 2π − π − 2 − 1 − y x"
2020,jan,January 2020,34,R13,/home/max/testgen-suite/ocr-frq/mb-exams/source-pdfs/marking-guides/pc_20_jan_mg.pdf,[90],1,4 marks,4.0,Question 34 R13 Sketch the graph of 2 6. y x = − + Solution 4 marks 1 mark for shape of a radical function 1 mark for horizontal reflection 1 mark for horizontal compression 1 mark for horizontal translation y x 1 1
2020,jan,January 2020,35,T1,/home/max/testgen-suite/ocr-frq/mb-exams/source-pdfs/marking-guides/pc_20_jan_mg.pdf,[94],1,2 marks,2.0,"Question 35 T1 Determine the measure of angle R, in radians. Solution ( ) 110 18 180 R 9 18 R 18 18 18 R 18 11π π  =     π 11π   ∠ =π − +     18π 2π 11π   ∠ = − +     5π ∠ = 2 marks 1 mark for conversion 1 mark for angle R 110° 9 π R Q P"
2020,jan,January 2020,36,R5,/home/max/testgen-suite/ocr-frq/mb-exams/source-pdfs/marking-guides/pc_20_jan_mg.pdf,[96],1,1 mark,1.0,"Question 36 R5 Given ( ) 4, f x x = − state the equation of the resulting function, ( ), g x after a reflection over the x-axis. Solution ( ) 4 g x x = − − 1 mark for vertical reflection 1 mark"
2020,jan,January 2020,37,"T1, T6",/home/max/testgen-suite/ocr-frq/mb-exams/source-pdfs/marking-guides/pc_20_jan_mg.pdf,[98],1,1 mark,1.0,"Question 37 T1, T6 a) Determine the coterminal angle of 29π 12 over the interval [ ]. 0,2π b) Determine the exact value of 29π sin . 12       Solution a) 5π 12 b) 5π π π sin sin 12 6 4 π π π π sin cos cos sin 6 4 6 4 1 2 3 2 2 2 2 2 2 6 4 4 2 6 4 1 3 2 2     = +         = +    "
2020,jan,January 2020,38,R1,/home/max/testgen-suite/ocr-frq/mb-exams/source-pdfs/marking-guides/pc_20_jan_mg.pdf,[102],1,2 marks,2.0,"Question 38 R1 Given the graphs of ( ) f x and ( ), g x sketch the graph of ( ) ( ) ( ). h x f x g x = − Solution y x 1 1 ( ) g x 2 marks y x 1 1 ( ) f x 1 mark for operation of subtraction 1 mark for restricted domain y x 1 1 ( ) h x"
2020,jan,January 2020,39,T4,/home/max/testgen-suite/ocr-frq/mb-exams/source-pdfs/marking-guides/pc_20_jan_mg.pdf,[106],1,3 marks,3.0,Question 39 T4 Determine an equation of a sinusoidal function that has the following characteristics: • an amplitude of 3 • a period of 6 • a minimum value of 5 − Solution ( ) ( ) sin 3sin 2 3 cos 3cos 2 3 or y A Bx D y x y A Bx D y x = + π   = −     = + π   = −     Note:  Other equatio
2020,jan,January 2020,40,R5,/home/max/testgen-suite/ocr-frq/mb-exams/source-pdfs/marking-guides/pc_20_jan_mg.pdf,[108],1,1 mark,1.0,"Question 40 R5 Given the graph of ( ), y f x = sketch the graph after a reflection over the line . y x = Solution 1 mark 1 mark for reflection over the line y x = y x 1 1 ( ) f x"
2020,jan,January 2020,41,R11,/home/max/testgen-suite/ocr-frq/mb-exams/source-pdfs/marking-guides/pc_20_jan_mg.pdf,[112],1,1 mark,1.0,"Question 41 R11 a) Determine the remainder when 3 2 3 5 13 3 x x x + − − is divided by ( ) 3 . x + b) Is ( ) 3 x + a factor of 3 2 3 5 13 3? x x x + − − Explain your reasoning. Solution a) The remainder is 0. b) Yes, because the remainder is 0. 1 mark for synthetic division (or any equivalent strate"
2020,jan,January 2020,42,R9,/home/max/testgen-suite/ocr-frq/mb-exams/source-pdfs/marking-guides/pc_20_jan_mg.pdf,[114],1,1 mark,1.0,"Question 42 R9 State the range, the y-intercept, and the equation of the asymptote of the exponential function, ( ) 1 3 2. x f x − = + Solution ( ) Range: 2, 7 -intercept: 3 Equation of the asymptote: 2 y y ∞ = 1 mark for equation of the asymptote 3 marks 1 mark for range 1 mark for y-intercept"
2020,jan,January 2020,43,T5,/home/max/testgen-suite/ocr-frq/mb-exams/source-pdfs/marking-guides/pc_20_jan_mg.pdf,[116],1,1 mark,1.0,"Question 43 T5 The graph of ( ) 2cos 3 1 y x = − below can be used to solve the equation ( ) 0 2cos 3 1 x = − over the interval [ ]. 0,2π Indicate on the graph where to find at least one solution to the equation ( ) 0 2cos 3 1. x = − Solution See arrows on graph above. Note:  Students do not need t"
2024,jan,January 2024,1,T1,/home/max/testgen-suite/ocr-frq/mb-exams/source-pdfs/marking-guides/pc_24_jan_mg.pdf,[10],1,1 mark,1.0,Question 1 T1  A pendulum that is 35 cm long swings through an angle of 50 . through which the pendulum swings. Determine the length of the arc 35 cm 50 Solution π  θ = 50  180  5π = 18 or = 0.872 664... s =θ r  5π  =    18  175π = 18 or (35) cm 1 mark for conversion 1 mark for substit
2024,jan,January 2024,2,T5,/home/max/testgen-suite/ocr-frq/mb-exams/source-pdfs/marking-guides/pc_24_jan_mg.pdf,[12],1,1 mark,1.0,"Question 2 T5 ≤ ≤π Solve algebraically, where 0 θ 2 . 2 2 2cos θ = sin θ −2cosθ Solution 2cos2θ 1 cos2θ −2cos 1 mark for substitution of appropriate identity = − θ 2 3cos θ + 2cosθ −= 0 1 (cosθ +1) 3cosθ 1) ( − = 0 1 cosθ = −1 cosθ = 1 mark for solving for cosθ 3 θ = π θr =1.230 959... θ =1.231, 5.0"
2024,jan,January 2024,3,P2,/home/max/testgen-suite/ocr-frq/mb-exams/source-pdfs/marking-guides/pc_24_jan_mg.pdf,[16],1,1 mark,1.0,Question 3 P2 Determine the number of arrangements of the letters in the word ATTENTION which begin with the letter A. Solution 8! = 3360 3!2! 1 mark for 8! 1 mark for division by 3!2! (½ mark for 3!; ½ mark for 2!) 2 marks Pre-Calculus Mathematics: Marking Guide (January 2024) 12
2024,jan,January 2024,4,R10,/home/max/testgen-suite/ocr-frq/mb-exams/source-pdfs/marking-guides/pc_24_jan_mg.pdf,[18],1,1 mark,1.0,"Question 4 R10 Solve for x, algebraically. 2 1 + x e x = 5 Solution 2 1 + x x ln (e ) = ln (5 ) (2x +1)ln e xln5 = ½ mark for applying logarithms 1 mark for power law (½ mark for each) 2x 1 + = ln5 x 2 −ln5 x x = 1 − ½ mark for collecting terms with x x(2 −ln5 ) = 1 − 1 − x = 2 −ln5 x = 2.560 412..."
2024,jan,January 2024,5,P3,/home/max/testgen-suite/ocr-frq/mb-exams/source-pdfs/marking-guides/pc_24_jan_mg.pdf,[22],1,1 mark,1.0,"Question 5 P3 There are 10 teachers and 17 students who would like to attend a field trip. Determine the number of ways that 3 teachers and 9 students can be selected given that Mr. Jones and Mrs. Carol, two of the teachers, must be selected to attend the field trip. Solution C  C  C 1 mark for C "
2024,jan,January 2024,6,"R4, R5",/home/max/testgen-suite/ocr-frq/mb-exams/source-pdfs/marking-guides/pc_24_jan_mg.pdf,[24],1,2 marks,2.0,"Question 6 R4, R5 Given the graph of f x( ), sketch the graph of y = − f (2 . x) Solution 1 1 y x 2 marks 1 mark for vertical reflection 1 mark for horizontal compression Pre-Calculus Mathematics: Marking Guide (January 2024) 20"
2024,jan,January 2024,7,P1,/home/max/testgen-suite/ocr-frq/mb-exams/source-pdfs/marking-guides/pc_24_jan_mg.pdf,[28],1,1 mark,1.0,"Question 7 P1 There are 5 roads between Anneville and Berrybourg, and 2 roads between Berrybourg and Carriton. Determine how many ways Blake can travel from Anneville to Carriton and back to Anneville, given the following conditions:  he must travel through Berrybourg in both directions  he cannot"
2024,jan,January 2024,8,P4,/home/max/testgen-suite/ocr-frq/mb-exams/source-pdfs/marking-guides/pc_24_jan_mg.pdf,[30],1,1 mark,1.0,Question 8 P4 6  1  Determine which term contains x0 in the binomial expansion of x2 + .  x  Solution Method 1 6−k k 1 0 2   x = x ½ mark for substitution ( )   x   0 12−2k k − x = x x 0 12−3k x = x 3k =12 k = 4 ½ mark for solving for k ∴ the fifth term 1 mark for the fifth term (or a te
2024,jan,January 2024,9,R6,/home/max/testgen-suite/ocr-frq/mb-exams/source-pdfs/marking-guides/pc_24_jan_mg.pdf,[32],1,1 mark,1.0,"Question 9 R6 Given f x( ) = x3 +1, determine the equation of f −1( ) x . Solution Let y = f x( ) y x3 +1 = To determine the inverse of f x( ), switch x and y. x = y3 +1 1 mark for switching x and y x −= 1 y3 3 x −= 1 y ½ mark for isolating y −1 3 f ( ) x = x −1 − ½ mark for writing equation in term"
2024,jan,January 2024,10,P2,/home/max/testgen-suite/ocr-frq/mb-exams/source-pdfs/marking-guides/pc_24_jan_mg.pdf,[34],1,1 mark,1.0,"Question 10 P2 Guillermo was asked to determine the number of ways to select a president, a vice president, and a treasurer from a group of 11 people. His solution: C3. 11 Explain why he should have used a permutation instead of a combination. Solution He should have used a permutation because the p"
2024,jan,January 2024,11,T6,/home/max/testgen-suite/ocr-frq/mb-exams/source-pdfs/marking-guides/pc_24_jan_mg.pdf,[36],1,1 mark,1.0,Question 11 T6 Prove the following identity for all permissible values of x. 2 csc xsec x = csc x tan x + cot x Solution Left-Hand Side Right-Hand Side  1  1  csc x  2    sin x  cos x    sin x cos x + cos x sin x 1 2 sin x cos x 2 2 sin x + cos x sin x cos x 1 sin x cos x  2 1 sin x c
2024,jan,January 2024,12,"R8, R10",/home/max/testgen-suite/ocr-frq/mb-exams/source-pdfs/marking-guides/pc_24_jan_mg.pdf,[40],1,1 mark,1.0,"Question 12 R8, R10 Determine the value of x, algebraically. 1 5log 2 − log 16 = log x a a a 4 Solution 1 4 log 25 − log 16 = log x 1 mark for power law (½ mark for each) a a a  32  log = log x 1 mark for quotient law a   a  2  log 16 = log x a a x = 16 1 mark for equating arguments 3 marks Pr"
2024,jan,January 2024,13,R11,/home/max/testgen-suite/ocr-frq/mb-exams/source-pdfs/marking-guides/pc_24_jan_mg.pdf,[44],1,1 mark,1.0,Question 13 R11 4 3 2 Tamara must determine the factors of x −13x + 2x −14x + 24. Explain why the coefficients Tamara used to set up her synthetic division are not written correctly. Solution Tamara did not arrange the coefficients of the terms in order of descending degree. 1 mark Pre-Calculus Math
2024,jan,January 2024,14,"R4, R5",/home/max/testgen-suite/ocr-frq/mb-exams/source-pdfs/marking-guides/pc_24_jan_mg.pdf,[46],1,1 mark,1.0,"Question 14 R4, R5 Determine the equation of the graph of g x( ) in terms of f x( ). y x 1 1 Solution 1 mark for horizontal reflection 1 mark for horizontal translation g x( ) f ( x 2 = − + ( )) −5 1 mark for vertical translation or g x( ) = −f x( +10) +1 1 mark for vertical reflection 1 mark for ho"
2024,jan,January 2024,15,R8,/home/max/testgen-suite/ocr-frq/mb-exams/source-pdfs/marking-guides/pc_24_jan_mg.pdf,[48],1,1 mark,1.0,"Question 15 R8 Expand, using the laws of logarithms. ( x −1)( x − 2) log 2    x  Solution 1 mark for product law log ( x −1) + log ( x − 2) − log x 2 2 2 1 mark for quotient law 2 marks Pre-Calculus Mathematics: Marking Guide (January 2024) 44"
2024,jan,January 2024,16,R3,/home/max/testgen-suite/ocr-frq/mb-exams/source-pdfs/marking-guides/pc_24_jan_mg.pdf,[53],1,,0.0,"Question 16 R3 Identify the range of the function g x( ) = 1 f x( +1 ,) given that the range of the function y = f x( ) 2 is [−6,4]. a) [−12,8] b) [−7,3] c) [−5,5] d) [ ] 3,2 − "
2024,jan,January 2024,17,P4,/home/max/testgen-suite/ocr-frq/mb-exams/source-pdfs/marking-guides/pc_24_jan_mg.pdf,[53],1,,0.0,"Question 17 P4 2a 4 Identify the value of a, given that there are 11 terms in the expansion of (3x − y) . a) 5 b) 6 c) 10 d) 11 Pre-Calculus Mathematics: Marking Guide (January 2024) 49"
2024,jan,January 2024,18,T1,/home/max/testgen-suite/ocr-frq/mb-exams/source-pdfs/marking-guides/pc_24_jan_mg.pdf,[54],1,,0.0,Question 18 T1 6π Identify the angle that best represents θ = − . 5 a) x y b) x y c) x y d) x y Pre-Calculus Mathematics: Marking Guide (January 2024) 50
2024,jan,January 2024,19,R12,/home/max/testgen-suite/ocr-frq/mb-exams/source-pdfs/marking-guides/pc_24_jan_mg.pdf,[55],1,,0.0,"Question 19 R12 Identify a possible value for n, given the graph of 1 2 n y = −( ) ( ) x + 2 x −1 . 2 y a) 1 b) 2 c) 3 x d) 4 1 1 "
2024,jan,January 2024,20,R14,/home/max/testgen-suite/ocr-frq/mb-exams/source-pdfs/marking-guides/pc_24_jan_mg.pdf,[55],1,,0.0,"Question 20 R14 2 Identify the statement that is false, given g x( ) = 8x . 2 x −16 a) the graph of g x( ) has one x-intercept. b) the graph of ( ) g x has a point of discontinuity (hole) at 0. x = c) the graph of ( ) g x has two vertical asymptotes. d) the graph of g x ( ) has a horizontal asymptot"
2024,jan,January 2024,21,R7,/home/max/testgen-suite/ocr-frq/mb-exams/source-pdfs/marking-guides/pc_24_jan_mg.pdf,[55],1,,0.0,Question 21 R7 1  Identify the equivalent form of log a  2 . x  a) 2log a x − b) 1−2log x a c) 2log x a 1   d) −2log   a x   Pre-Calculus Mathematics: Marking Guide (January 2024) 51
2024,jan,January 2024,22,P3,/home/max/testgen-suite/ocr-frq/mb-exams/source-pdfs/marking-guides/pc_24_jan_mg.pdf,[56],1,,0.0,Question 22 P3 Identify which one of the following expressions is equivalent to C6. 13 a) 13 P6 b)13 7 C c) P 12 7 d) C 12 6 
2024,jan,January 2024,23,R1,/home/max/testgen-suite/ocr-frq/mb-exams/source-pdfs/marking-guides/pc_24_jan_mg.pdf,[56],1,,0.0,"Question 23 R1 Identify the equation of h x( ) = f (x ) −g(x ), given f x( ) = x + 5 and g x( ) = 4x +1. a) h x( ) = − + 3x 6 b) ( ) 3 4 h x x = − + c) h x( ) = 3x + 6 d) h x( ) = 3x −4 Pre-Calculus Mathematics: Marking Guide (January 2024) 52"
2024,jan,January 2024,24,R13,/home/max/testgen-suite/ocr-frq/mb-exams/source-pdfs/marking-guides/pc_24_jan_mg.pdf,[58],1,1 mark,1.0,Question 24 R13 Determine the equation of the radical function represented by the graph. y 1 1 x Solution 1 mark for vertical compression y = 1 x 4 2 1 mark for horizontal translation + − 2 1 mark for vertical translation or 3 marks ( ) 1 4 2 4 y x = + − 1 mark for horizontal stretch 1 mark for hori
2024,jan,January 2024,25,T3,/home/max/testgen-suite/ocr-frq/mb-exams/source-pdfs/marking-guides/pc_24_jan_mg.pdf,[60],1,1 mark,1.0,Question 25 T3 Determine the exact value of x.  2π   5π  sec sin − ( x) = 3  3   3  Solution ( ) ( ) ( ) 3 2 3 2 3 3 3 3 3 x x x x   − =       − = = − = − or  2π  1 mark for sec (½ mark for value; ½ mark for quadrant)    3   5π  1 mark for sin − (½ mark for value; 
2024,jan,January 2024,26,R9,/home/max/testgen-suite/ocr-frq/mb-exams/source-pdfs/marking-guides/pc_24_jan_mg.pdf,[62],1,1 mark,1.0,"Question 26 R9 Sketch the graph of y = 2−x−3. Solution 1 mark for shape of an exponential function 1 mark for horizontal reflection 1 mark for vertical translation 3 marks y ( ) 0, 2 − x ( ) 1, 1 −− 3 y = − Pre-Calculus Mathematics: Marking Guide (January 2024) 58"
2024,jan,January 2024,27,R1,/home/max/testgen-suite/ocr-frq/mb-exams/source-pdfs/marking-guides/pc_24_jan_mg.pdf,[64],1,1 mark,1.0,"Question 27 R1 Given the graph of y = g x( ), sketch the graph of y = 1 . g x( ) y x 1 1 Solution y x 1 1 1 mark for asymptotic behaviour approaching 2 x = − (½ mark for each side) ½ mark for asymptotic behaviour approaching 0 y = ½ mark for graph left of 2 x = − ½ mark for graph right of 2 x = − ½ "
2024,jan,January 2024,28,T6,/home/max/testgen-suite/ocr-frq/mb-exams/source-pdfs/marking-guides/pc_24_jan_mg.pdf,[68],1,1 mark,1.0,Question 28 T6 π  Determine the exact value of tan .   12  Solution π   4π 3π  tan = tan −     12   12 12  π π tan − tan π π  3 4 tan  − = 1 mark for substitution into correct identity 3 4 π π   1+ tan tan 3 4 3 −1 1 mark for exact values (½ mark for each value) = 1+ 3 or = 2
2024,jan,January 2024,29,R14,/home/max/testgen-suite/ocr-frq/mb-exams/source-pdfs/marking-guides/pc_24_jan_mg.pdf,[72],1,1 mark,1.0,Question 29 R14 Explain why the graph of g x( ) = 3 does not have a vertical asymptote. 2 x + 4 Solution The graph of a rational function has a vertical asymptote when the denominator is equal to zero. The denominator of g x( ) will never be equal to zero. 1 mark Pre-Calculus Mathematics: Marking Gu
2024,jan,January 2024,30,R10,/home/max/testgen-suite/ocr-frq/mb-exams/source-pdfs/marking-guides/pc_24_jan_mg.pdf,[74],1,1 mark,1.0,"Question 30 R10 Solve, algebraically. log x + log (x +8) = 2 3 3 Solution Method 1 log x x( +8)= 2 1 mark for product law 3   x2 +8x = 32 1 mark for exponential form 2 8x 9 0 x + − = (x + )( 1) 9 x − = 0 = − x 9 x =1 ½ mark for the permissible value of x ½ mark for showing the rejection of the e"
2024,jan,January 2024,31,T4,/home/max/testgen-suite/ocr-frq/mb-exams/source-pdfs/marking-guides/pc_24_jan_mg.pdf,[78],1,1 mark,1.0,Question 31 T4 Sketch at least one period of the graph of the function y = sin 3 x + ° −1. ( ( 30 )) Solution y x 30° 2 − 1 mark for shape of a sinusoidal function with correct amplitude 1 mark for period 1 mark for horizontal translation 1 mark for vertical translation 4 marks Pre-Calculus Mathemat
2024,jan,January 2024,32,R9,/home/max/testgen-suite/ocr-frq/mb-exams/source-pdfs/marking-guides/pc_24_jan_mg.pdf,[82],1,1 mark,1.0,"Question 32 R9 Explain why the domain of the function, ( ) f x = log ( x − ) 3 , is x 3. > Solution The argument of a logarithm cannot be negative or zero. 1 mark Pre-Calculus Mathematics: Marking Guide (January 2024) 78"
2024,jan,January 2024,33,R12,/home/max/testgen-suite/ocr-frq/mb-exams/source-pdfs/marking-guides/pc_24_jan_mg.pdf,[84],1,1 mark,1.0,Question 33 R12 Sketch the graph of 2 ( ) p x = −( x − 3)( x + ) ( 1 x − ) 5 . Solution 1 y x 1 mark for x-intercepts 1 mark for multiplicity of 2 at x = −1 ½ mark for end behaviour ½ mark for y-intercept 3 marks Pre-Calculus Mathematics: Marking Guide (January 2024) 80
2024,jan,January 2024,34,T6,/home/max/testgen-suite/ocr-frq/mb-exams/source-pdfs/marking-guides/pc_24_jan_mg.pdf,[88],1,1 mark,1.0,"Question 34 T6 2 Given that sinθ = − and tanθ > 0, determine the exact value of sin 2θ. 3 Solution 2 2 2 x = r − y 2 x = 9 4 − 2 x = 5 x = ± 5 ½ mark for value of x x = − 5 5 cosθ = − ½ mark for value of cosθ 3 sin 2θ = 2sinθ cosθ  2  5  = 2 − − 1 mark for substitution into correct identity  "
2024,jan,January 2024,35,T1,/home/max/testgen-suite/ocr-frq/mb-exams/source-pdfs/marking-guides/pc_24_jan_mg.pdf,[90],1,1 mark,1.0,Question 35 T1 5π 11π Justify whether and − are coterminal angles. 8 4 Solution Method 1 5π  11π  −−  8  4  5π 11π + 8 4 5π 22π + 8 8 27π 8 27π Since is not a multiple of 2π they are not coterminal angles. 8 Method 2 Coterminal angles of 5π 8 : 5π 8 16π − 8 11π = − 8 11π − 8 16π − 8 27π = − 8 
2024,jan,January 2024,36,R14,/home/max/testgen-suite/ocr-frq/mb-exams/source-pdfs/marking-guides/pc_24_jan_mg.pdf,[92],1,1 mark,1.0,Question 36 R14 −2x x( +1)( x − 3) Sketch the graph of f x( ) = . 2x Solution x = 0 1 mark for point of discontinuity (hole) at ½ mark for shape of a parabola with correct x-intercepts ½ mark for end behaviour 2 marks y x 1 1 Note:  Deduct ½ mark for procedural error (incorrect y-value for point of
2024,jan,January 2024,37,"T5, T6",/home/max/testgen-suite/ocr-frq/mb-exams/source-pdfs/marking-guides/pc_24_jan_mg.pdf,[94],1,1 mark,1.0,"Question 37 T5, T6 sinθ + cosθ cscθ Given , determine the non-permissible values of θ, where θ ∈. sinθ Solution Method 1 sinθ = 0 ½ mark for sinθ = 0 = 0, , 2 ½ mark for any non-permissible value of θ θ π π θ = k k 1 mark for all non-permissible values of θ π , ∈ 2 marks Method 2 sinθ = 0 ½ mark f"
2024,jan,January 2024,38,R14,/home/max/testgen-suite/ocr-frq/mb-exams/source-pdfs/marking-guides/pc_24_jan_mg.pdf,[96],1,1 mark,1.0,Question 38 R14 Write an equation of a rational function that has a horizontal asymptote at y = 0 and a vertical asymptote at x = 6. Solution 1 ( ) f x = x − 6 1 mark for horizontal asymptote 1 mark for vertical asymptote 2 marks Note:  Other answers are possible. Pre-Calculus Mathematics: Marking 
2024,jan,January 2024,39,R1,/home/max/testgen-suite/ocr-frq/mb-exams/source-pdfs/marking-guides/pc_24_jan_mg.pdf,[98],1,a) 1 mark,1.0,"Question 39 R1 Given the functions ( ) f x = x −1 and 2 ( ) g x = x , a) state the equation of ( ( ) g f x ). b) sketch the graph of ( ( ) g f x ). Solution a) g f x = x −1, x ≥ 1 ( ( )) 1 mark b) y 1 x 1 1 mark for shape of graph consistent with a) 1 mark for restricted domain 2 marks Notes:  Dedu"
2024,jan,January 2024,40,T3,/home/max/testgen-suite/ocr-frq/mb-exams/source-pdfs/marking-guides/pc_24_jan_mg.pdf,[102],1,1 mark,1.0,"Question 40 T3 8 Suzanne was asked to determine the value of tanθ , given that secθ = − and θ terminates in 3 quadrant II. Her solution: Describe her error. Solution Suzanne did not consider that the value of tanθ is negative in quadrant II. 1 mark Pre-Calculus Mathematics: Marking Guide (January 20"
2024,jan,January 2024,41,R13,/home/max/testgen-suite/ocr-frq/mb-exams/source-pdfs/marking-guides/pc_24_jan_mg.pdf,[104],1,1 mark,1.0,"Question 41 R13 Given the graph of y = f x ( ), sketch the graph of y = Solution ( ). f x 1 mark for restricting domain ½ mark for shape between invariant points ½ mark for shape to the right of invariant points 2 marks 1 1 y x Pre-Calculus Mathematics: Marking Guide (January 2024) 100"
2024,jan,January 2024,42,T1,/home/max/testgen-suite/ocr-frq/mb-exams/source-pdfs/marking-guides/pc_24_jan_mg.pdf,[108],1,1 mark,1.0,"Question 42 T1 The point P(θ ) = (0,−1) lies on the unit circle. State the angle θ , over the interval [2π,4π]. Solution 7π θ = 2 1 mark Pre-Calculus Mathematics: Marking Guide (January 2024) 104"
2024,jan,January 2024,43,R2,/home/max/testgen-suite/ocr-frq/mb-exams/source-pdfs/marking-guides/pc_24_jan_mg.pdf,[110],1,1 mark,1.0,Question 43 R2 Describe how the transformations of f x( ) on the graphs of g x( ) = f (3x − 6) and h x( ) = f (3( x − 6)) are different. Solution The graph of g x( ) is a horizontal translation of f x( ) two units to the right and the graph of h x( ) is a horizontal translation of f x( ) six units t
2024,jan,January 2024,44,R13,/home/max/testgen-suite/ocr-frq/mb-exams/source-pdfs/marking-guides/pc_24_jan_mg.pdf,[112],1,1 mark,1.0,Question 44 R13 a) Solve. 2x + − = 5 3 0 b) Describe how the solution in a) relates to the graph of y = 2x 5 + −3. Solution 2 a) ( 2x + 5) = 32 2x 5 9 + = 2x = 4 x = 2 1 mark b) The solution is the x-intercept of the graph. 1 mark Pre-Calculus Mathematics: Marking Guide (January 2024) 108
2024,jan,January 2024,45,R11,/home/max/testgen-suite/ocr-frq/mb-exams/source-pdfs/marking-guides/pc_24_jan_mg.pdf,[114],1,1 mark,1.0,Question 45 R11 2 Determine all of the zeros of the function p x( ) = x3 −2x 9x 18. − + Solution p 2 = 23 −2 2 2 −9 2 +18 ( ) ( ) ( ) 1 mark for identifying one possible zero of p x ( ) = 0 ∴ − ( ) 2 is a factor of p x( x ) 2 1 2 − 9 − 18 2 0 18 − 1 mark for synthetic division (or equivalent strateg
2024,jan,January 2024,46,T2,/home/max/testgen-suite/ocr-frq/mb-exams/source-pdfs/marking-guides/pc_24_jan_mg.pdf,[116],1,1 mark,1.0,"Question 46 T2 Given that the point    23  , y  6  is on the unit circle, determine the exact value(s) of y. Solution 2  23  2 + y = 1    6  23 2 + y = 1 36 2 36 23 y = − 36 36 13 y = ± 6 ½ mark for substitution ½ mark for exact values of y 1 mark Pre-Calculus Mathematics: Marking Guide "
2024,jan,January 2024,47,T4,/home/max/testgen-suite/ocr-frq/mb-exams/source-pdfs/marking-guides/pc_24_jan_mg.pdf,[118],1,1 mark,1.0,"Question 47 T4 State one zero of the function y = tan x. Solution Any solution where x = π k, k∈ , is acceptable. 1 mark Pre-Calculus Mathematics: Marking Guide (January 2024) 114"
2024,jun,June 2024,1,P1,/home/max/testgen-suite/ocr-frq/mb-exams/source-pdfs/marking-guides/pc_24_jun_mg.pdf,[10],1,1 mark,1.0,Question 1 P1 A soccer team consists of 14 players. Determine the number of ways a captain and an assistant captain can be selected. Solution 14 2 182 P = or 14 13 182 =  1 mark
2024,jun,June 2024,2,R10,/home/max/testgen-suite/ocr-frq/mb-exams/source-pdfs/marking-guides/pc_24_jun_mg.pdf,[12],1,2 marks,2.0,"Question 2 R10 The pH of a person’s blood can be found using the formula pH 6.1 log B C   = +     where B represents the concentration of bicarbonate in the blood, in mEq/L C represents the concentration of carbonic acid in the blood, in mEq/L Kansas has a blood pH of 7.41. In her blood sample"
2024,jun,June 2024,3,T5,/home/max/testgen-suite/ocr-frq/mb-exams/source-pdfs/marking-guides/pc_24_jun_mg.pdf,[16],1,1 mark,1.0,Question 3 T5 Solve ( )( ) 2tan 1 tan 1 0 x x − + = where . x∈ Solution Method 1 2tan 1 0 tan 1 0 1 tan tan 1 2 0.463 647... 3 0.464 4 7 3.605 4 0.464 2 3.605 2 3 2 4 7 2 4 r x x x x x x x x x x k x k k x k x k −= + = = = − = π = = π = = = + π  = + π  π ∈  = + π   π  = + π   Method 2 1 
2024,jun,June 2024,4,P4,/home/max/testgen-suite/ocr-frq/mb-exams/source-pdfs/marking-guides/pc_24_jun_mg.pdf,[20],1,2 marks,2.0,Question 4 P4 Determine and simplify the 7th term in the binomial expansion of 9 2 2 3 . x x   +     Solution ( ) ( ) 3 6 2 7 9 6 6 6 2 3 8 84 729 489 888 t C x x x x   =       =     = 2 marks (1 mark for 9 6 C ; ½ mark for each consistent factor) 3 marks 1 mark for simplification 
2024,jun,June 2024,5,T1,/home/max/testgen-suite/ocr-frq/mb-exams/source-pdfs/marking-guides/pc_24_jun_mg.pdf,[24],1,2 marks,2.0,"Question 5 T1 A winch, with a diameter of 14 cm, is used to pull a boat out of the water. As the winch rotates, it pulls in a cable. Determine the length of cable that is pulled in if the winch rotates 526 . Solution ( ) ( ) 526 180 263 90 9.180 431... 263 7 90 1841 cm 90 64.263 cm s r s s s θ θ θ "
2024,jun,June 2024,6,R13,/home/max/testgen-suite/ocr-frq/mb-exams/source-pdfs/marking-guides/pc_24_jun_mg.pdf,[26],1,3 marks,3.0,Question 6 R13 Sketch the graph of ( ) 1 1. 3 f x x = − Solution 3 marks 1 mark for shape of a radical function 1 mark for horizontal stretch 1 mark for vertical translation 1 1 y x
2024,jun,June 2024,7,"R2, R3, R5",/home/max/testgen-suite/ocr-frq/mb-exams/source-pdfs/marking-guides/pc_24_jun_mg.pdf,[28],1,3 marks,3.0,"Question 7 R2, R3, R5 Given ( ), y f x = determine the equation of the resulting function, ( ), g x after the following transformations: • reflection over the y-axis • vertical stretch by a factor of 3 • horizontal translation 2 units left Solution ( ) ( ) ( ) 3 2 g x f x = − + 3 marks 1 mark for ho"
2024,jun,June 2024,8,R14,/home/max/testgen-suite/ocr-frq/mb-exams/source-pdfs/marking-guides/pc_24_jun_mg.pdf,[30],1,1 mark,1.0,"Question 8 R14 Explain why the graph of 6 7 3 5 x y x + = + has a horizontal asymptote at 2 y = . Solution When the degree of the numerator and the denominator are the same, the horizontal asymptote is a y b = where a is the leading coefficient in the numerator and b is the leading coefficient in th"
2024,jun,June 2024,9,"R4, R5, R13",/home/max/testgen-suite/ocr-frq/mb-exams/source-pdfs/marking-guides/pc_24_jun_mg.pdf,[32],1,3 marks,3.0,"Question 9 R4, R5, R13 Given the graph of ( ), y f x = sketch the graph of ( ) 2. y f x = − + Solution 3 marks y x 1 1 1 mark for shape of ( ) f x 1 mark for vertical reflection 1 mark for vertical translation ( ) f x"
2024,jun,June 2024,10,R8,/home/max/testgen-suite/ocr-frq/mb-exams/source-pdfs/marking-guides/pc_24_jun_mg.pdf,[36],1,3 marks,3.0,"Question 10 R8 Using the laws of logarithms, completely expand the given expression. 4 3 log A B C          Solution 1 log log 4log 3 A B C − − 3 marks 1 mark for product law 1 mark for power law (½ mark for each) 1 mark for quotient law"
2024,jun,June 2024,11,T6,/home/max/testgen-suite/ocr-frq/mb-exams/source-pdfs/marking-guides/pc_24_jun_mg.pdf,[38],1,3 marks,3.0,Question 11 T6 Prove the following identity for all permissible values of . θ 2cos2 cot tan sin 2 θ θ θ θ − = Solution 3 marks 2cos2 sin 2 2cos2 2sin cos cos2 sin cos θ θ θ θ θ θ θ θ 2 2 cot tan cos sin sin cos cos sin sin cos cos2 sin cos θ θ θ θ θ θ θ θ θ θ θ θ θ − − − 1 mark for substitution of a
2024,jun,June 2024,12,R11,/home/max/testgen-suite/ocr-frq/mb-exams/source-pdfs/marking-guides/pc_24_jun_mg.pdf,[42],1,1 mark,1.0,Question 12 R11 Express ( ) 3 2 2 13 6 p x x x x = − + + + in completely factored form. Solution ( ) ( ) ( ) ( ) ( ) ( ) ( ) ( ) 3 2 2 2 2 2 13 2 6 2 2 8 4 26 6 2 0 2 is a factor. p p p x − = − − + − + − + − = − − + − + − = ∴ + 2 2 1 13 6 4 10 6 2 5 3 0 − − ↓ − − − ( ) ( )( ) ( ) ( )( ) ( ) ( )( )( 
2024,jun,June 2024,13,R12,/home/max/testgen-suite/ocr-frq/mb-exams/source-pdfs/marking-guides/pc_24_jun_mg.pdf,[46],1,1 mark,1.0,Question 13 R12 Kaitlyn was asked to sketch the graph of the polynomial function ( ) ( )( )3 1 3 . p x x x = − − + Kaitlyn’s graph: Describe an error on her graph. Solution Kaitlyn’s graph shows a multiplicity of 3 at 1 x = instead of at 3. x = − 1 mark
2024,jun,June 2024,14,T1,/home/max/testgen-suite/ocr-frq/mb-exams/source-pdfs/marking-guides/pc_24_jun_mg.pdf,[48],1,1 mark,1.0,Question 14 T1 Sketch the angle of 5 − radians in standard position. Solution ½ mark for an appropriate angle in quadrant I ½ mark for the correct direction of an angle in standard position 1 mark y x
2024,jun,June 2024,15,T4,/home/max/testgen-suite/ocr-frq/mb-exams/source-pdfs/marking-guides/pc_24_jun_mg.pdf,[50],1,1 mark,1.0,Question 15 T4 The graph of a sinusoidal function is sketched below. The point A is a maximum and the point B is a minimum. State the value of k if the amplitude of the function is 6. Solution 2 k = 1 mark y x
2024,jun,June 2024,16,R1,/home/max/testgen-suite/ocr-frq/mb-exams/source-pdfs/marking-guides/pc_24_jun_mg.pdf,[52],1,1 mark,1.0,"Question 16 R1 Given the graphs of ( ) f x and ( ), g x state the domain of ( )( ). f g x + Solution Domain: { } 1 2, x x x −< ≤ ∈ or Domain: 1 mark y x 1 1 y x 1 1 ( ) f x ( ) g x ( ] 1,2 −"
2024,jun,June 2024,17,"R2, R6",/home/max/testgen-suite/ocr-frq/mb-exams/source-pdfs/marking-guides/pc_24_jun_mg.pdf,[57],1,,0.0,"Question 17 R2, R6 Given that the point ( ) 13,7 − is on the graph of ( ), y f x = identify the corresponding point on the graph of ( ) 1 2 . y f x − = + a) ( ) 7, 11 − b) ( ) 5, 13 − c) ( ) 7, 15 − d) ( ) 9, 13 − "
2024,jun,June 2024,18,R12,/home/max/testgen-suite/ocr-frq/mb-exams/source-pdfs/marking-guides/pc_24_jun_mg.pdf,[57],1,,0.0,"Question 18 R12 Given that 0, 1, 2 x x x = = = and 3 x = − are zeros of the polynomial function ( ), p x identify a possible equation for ( ). p x a) ( ) ( )( ) 3 1 2 p x x x x = − − − b) ( ) ( )( )( )2 1 2 3 p x x x x = + + − c) ( ) ( ) ( )( ) 2 3 1 2 p x x x x x = + − − d) ( ) ( )( ) ( ) 3 2 1 3 p"
2024,jun,June 2024,19,T3,/home/max/testgen-suite/ocr-frq/mb-exams/source-pdfs/marking-guides/pc_24_jun_mg.pdf,[57],1,,0.0,"Question 19 T3 Identify the interval where the angle, θ, could exist if 4 cos 5 θ = − and 5 csc . 3 θ = a) 0, 2 π       b) , 2 π   π     c) 3 , 2 π   π     d) 3 ,2 2 π   π    "
2024,jun,June 2024,20,T6,/home/max/testgen-suite/ocr-frq/mb-exams/source-pdfs/marking-guides/pc_24_jun_mg.pdf,[58],1,,0.0,"Question 20 T6 Identify a non-permissible value of θ in the identity, cot cos . csc θ θ θ = a) π b) 4 π c) 2 3π d) 2 π "
2024,jun,June 2024,21,R10,/home/max/testgen-suite/ocr-frq/mb-exams/source-pdfs/marking-guides/pc_24_jun_mg.pdf,[58],1,,0.0,"Question 21 R10 Identify the solution of the equation, 2 16. x e = a) ln8 x = b) 8 x = c) ln16 2 x = d) log16 2 x = "
2024,jun,June 2024,22,P3,/home/max/testgen-suite/ocr-frq/mb-exams/source-pdfs/marking-guides/pc_24_jun_mg.pdf,[58],1,,0.0,"Question 22 P3 A committee of 6 people is to be selected from 90 students. Identify an expression that represents the number of possible committees if two of the students, Evelyn and Wayne, must be on the committee. a) 90 4 C b) 90 6 C c) 88 6 C d) 88 4 C"
2024,jun,June 2024,23,P2,/home/max/testgen-suite/ocr-frq/mb-exams/source-pdfs/marking-guides/pc_24_jun_mg.pdf,[59],1,,0.0,Question 23 P2 Identify the expression for the number of arrangements of the letters in the word RUSSELL. a) 7! 4! b) 7! c) 7! 2! d) 7! 2!2! 
2024,jun,June 2024,24,P4,/home/max/testgen-suite/ocr-frq/mb-exams/source-pdfs/marking-guides/pc_24_jun_mg.pdf,[59],1,,0.0,"Question 24 P4 Given the row of Pascal’s triangle below, identify the third value of the next row. 1 7 21 35 35 21 7 1 a) 8 b) 28 c) 56 d) 70 "
2024,jun,June 2024,25,R9,/home/max/testgen-suite/ocr-frq/mb-exams/source-pdfs/marking-guides/pc_24_jun_mg.pdf,[59],1,,0.0,"Question 25 R9 Identify the equation represented by the graph sketched below. a) 1 1 2 x y   = +     b) 1 2 1 x y − = + c) 1 2 1 x y + = + d) 1 1 1 2 x y +   = +     y x 1 1 ( ) 2,3 ( ) 1,2"
2024,jun,June 2024,26,R14,/home/max/testgen-suite/ocr-frq/mb-exams/source-pdfs/marking-guides/pc_24_jun_mg.pdf,[60],1,2 marks,2.0,Question 26 R14 Match the following functions with their correct graphs. Solution ( ) 1 2 f x x = − ( ) 2 x g x x − = − ( ) 2 1 x h x x = − ( ) 2 1 x k x x = + ½ mark for each answer C D A B Place the appropriate letter in this column. 2 marks C. D. A. B. x y 1 1 x y 1 1 y x 1 1 y x 1 1
2024,jun,June 2024,27,T3,/home/max/testgen-suite/ocr-frq/mb-exams/source-pdfs/marking-guides/pc_24_jun_mg.pdf,[62],1,1 mark,1.0,Question 27 T3 Evaluate. 2 11 sin cot csc 3 4 6 π π 11π       +             Solution ( ) ( ) ( ) 2 3 1 2 2 3 1 2 4 3 2 4 5 4 1 14   − + −         −     − − − or 1 mark for 11 sin 3 π       (½ mark for quadrant; ½ mark for value) 1 mark for cot 4 π       (½
2024,jun,June 2024,28,R9,/home/max/testgen-suite/ocr-frq/mb-exams/source-pdfs/marking-guides/pc_24_jun_mg.pdf,[66],1,1 mark,1.0,Question 28 R9 Sketch the graph of ( ) 2 log 2 . y x = − −     Solution 1 mark for shape of a logarithmic function 1 mark for horizontal reflection 1 mark for horizontal translation 3 marks 1 1 x y
2024,jun,June 2024,29,P3,/home/max/testgen-suite/ocr-frq/mb-exams/source-pdfs/marking-guides/pc_24_jun_mg.pdf,[70],1,1 mark,1.0,Question 29 P3 Justify that 12 7 12 5. C C = Solution ( ) 12 7 12! 12 7 !7! 12! 5!7! C = − = 1 mark 12! 12! 5!7! 7!5! =
2024,jun,June 2024,30,R10,/home/max/testgen-suite/ocr-frq/mb-exams/source-pdfs/marking-guides/pc_24_jun_mg.pdf,[72],1,1 mark,1.0,"Question 30 R10 Solve, algebraically. 3 3 1 8 4 x x−   =     Solution ( ) ( ) 3 3 2 3 6 3 9 2 2 2 2 6 3 9 9 9 1 x x x x x x x x − − − − = = − = − − = − = 1 mark for changing to a common base (½ mark for each side) 2 marks ½ mark for exponent law ½ mark for equating exponents"
2024,jun,June 2024,31,R13,/home/max/testgen-suite/ocr-frq/mb-exams/source-pdfs/marking-guides/pc_24_jun_mg.pdf,[74],1,2 marks,2.0,"Question 31 R13 State the domain and range of the function 5 4. y x = − − + Solution { } { } Domain: 5, Range: 4, x x x y y y ≥ ∈ ≤ ∈   or [ ) ] ( Domain: 5, Range: ,4 ∞ −∞ 2 marks 1 mark for domain 1 mark for range 1 mark for domain 1 mark for range"
2024,jun,June 2024,32,T4,/home/max/testgen-suite/ocr-frq/mb-exams/source-pdfs/marking-guides/pc_24_jun_mg.pdf,[76],1,1 mark,1.0,"Question 32 T4 Sketch at least one period of the graph of 4cos 3 2. 6 y x  π    = + +         Solution 1 mark for shape of a sinusoidal function with correct amplitude 1 mark for period 1 mark for horizontal translation 1 mark for vertical translation 4 marks , 2 6 π   −     ,6 6 π"
2024,jun,June 2024,33,R12,/home/max/testgen-suite/ocr-frq/mb-exams/source-pdfs/marking-guides/pc_24_jun_mg.pdf,[80],1,2 marks,2.0,"Question 33 R12 Determine, algebraically, the equation of ( ) p x that satisfies all of the following conditions: • ( ) p x is a polynomial function of degree 4 • ( ) p x has zeros at 5 − and 1 • all zeros of ( ) p x have a multiplicity of 2 • the graph of ( ) p x has a y-intercept at 75 Solution ( "
2024,jun,June 2024,34,R8,/home/max/testgen-suite/ocr-frq/mb-exams/source-pdfs/marking-guides/pc_24_jun_mg.pdf,[82],1,1 mark,1.0,"Question 34 R8 Vitaly was asked to solve the exponential equation 2 7 5 3 7 . x x + =  Vitaly’s work: Describe his error. Solution In step 2, Vitaly incorrectly simplified 3 7 x  to 21x . He should have applied the product law of logarithms. 1 mark"
2024,jun,June 2024,35,"R1, R3, R5",/home/max/testgen-suite/ocr-frq/mb-exams/source-pdfs/marking-guides/pc_24_jun_mg.pdf,[84],1,1 mark,1.0,"Question 35 R1, R3, R5 Given the graph of ( ), f x Solution a) sketch the graph of b) sketch the graph of ( ) ( ) . k x f x = c) sketch the graph of ( ) ( ) 2 . r x f x = 1 mark y x y x 1 mark 1 mark 1 1 1 1 y x 1 1 y x 1 1"
2024,jun,June 2024,36,T6,/home/max/testgen-suite/ocr-frq/mb-exams/source-pdfs/marking-guides/pc_24_jun_mg.pdf,[88],1,3 marks,3.0,Question 36 T6 Determine the exact value of 17 sin . 12 π       Solution 17 5 sin sin 12 6 4 5 5 sin cos cos sin 6 4 6 4 1 2 3 2 2 2 2 2 2 6 4 π π π     = +         π π π π         = +                      − −   = +                
2024,jun,June 2024,37,R1,/home/max/testgen-suite/ocr-frq/mb-exams/source-pdfs/marking-guides/pc_24_jun_mg.pdf,[90],1,1 mark,1.0,"Question 37 R1 Given ( ) 3 f x x = + and ( ) 8, g x x = − a) determine the value of ( ) ( ) 1 . g f b) justify that the value of ( )( ) 5 f g − − is undefined. Solution a) b) The domain of ( ) f x is 3; 5 x x ≥− = − is outside the domain. or It is not possible to evaluate the square root of a negati"
2024,jun,June 2024,38,"P2, P3",/home/max/testgen-suite/ocr-frq/mb-exams/source-pdfs/marking-guides/pc_24_jun_mg.pdf,[94],1,1 mark,1.0,"Question 38 P2, P3 Solve, algebraically. ( ) ( ) 4 4 1 48 n n C P + = Solution ( ) ( ) ( ) ( ) ( ) ( ) ( ) ( ) ( ) ( ) ( ) 1 ! ! 48 4 !4! 1 4 ! 1 ! ! 48 4 !4! 3 ! 4 ! 1 ! 48 4! 3 ! ! ! 4 48 24 n n n n n n n n n n n n n   + =     − + −     + =     − −   − + = − − = ( ) ( ) 1 ! n n + ("
2024,jun,June 2024,39,R12,/home/max/testgen-suite/ocr-frq/mb-exams/source-pdfs/marking-guides/pc_24_jun_mg.pdf,[98],1,2 marks,2.0,Question 39 R12 Sketch the graph of ( ) ( )( )( ) 1 2 4 . p x x x x = + + − Solution 2 marks 1 mark for x-intercepts ½ mark for y-intercept ½ mark for end behaviour y x
2024,jun,June 2024,40,R7,/home/max/testgen-suite/ocr-frq/mb-exams/source-pdfs/marking-guides/pc_24_jun_mg.pdf,[102],1,1 mark,1.0,Question 40 R7 Evaluate. ( ) 5 2 log log 32 Solution 5 log 5 1 1 mark ½ mark for evaluating 2 log 32 ½ mark for consistent value
2024,jun,June 2024,41,R13,/home/max/testgen-suite/ocr-frq/mb-exams/source-pdfs/marking-guides/pc_24_jun_mg.pdf,[104],1,1 mark,1.0,Question 41 R13 Describe how to use the graph to solve the equation Solution State the x-coordinates of the points of intersection. 1 mark 1 1 x y
2024,jun,June 2024,42,T5,/home/max/testgen-suite/ocr-frq/mb-exams/source-pdfs/marking-guides/pc_24_jun_mg.pdf,[106],1,3 marks,3.0,"Question 42 T5 Verify, by substitution, that the equation sec sin 2 tan cot θ θ θ θ = + is true for . 3 θ π = Solution 3 marks 2 sin 3 3 2 π Left-Hand Side Right-Hand Side sec 3 tan cot 3 3 2 1 3 3 2 3 1 3 2 3 4 3 2 π π π + + + ½ mark for substitution 2 marks for exact values (½ mark for each) LHS R"
2024,jun,June 2024,43,R9,/home/max/testgen-suite/ocr-frq/mb-exams/source-pdfs/marking-guides/pc_24_jun_mg.pdf,[110],1,1 mark,1.0,Question 43 R9 Describe the transformation(s) to the graph of 3 = x y which results in a graph with a y-intercept of –2. Solution A vertical translation down 3 units. Note:  Other answers are possible. 1 mark
2024,jun,June 2024,44,R14,/home/max/testgen-suite/ocr-frq/mb-exams/source-pdfs/marking-guides/pc_24_jun_mg.pdf,[112],1,2 marks,2.0,Question 44 R14 Determine the equation of the rational function represented by the graph. Solution ( ) ( )( ) 4 2 4 x f x x x − = − − 2 marks 1 mark for factor of ( ) 2 x − in denominator 1 mark for factor of ( ) 4 x − in both numerator and denominator 1 1 y x
2024,jun,June 2024,45,R6,/home/max/testgen-suite/ocr-frq/mb-exams/source-pdfs/marking-guides/pc_24_jun_mg.pdf,[114],1,2 marks,2.0,"Question 45 R6 Justify that ( ) 3 2 f x x = + and ( ) 3 2 x g x − = are not inverses of each other. Solution Method 1 Method 2 If they are inverses, then ( ) ( ) , g f x x = and ( ) ( ) . f g x x = 2 marks 1 mark for switching x and y 1 mark for justification ( ) ( ) ( ) ( ) ( ) 1 1 1 Let 3 2 Let 3 "
2024,jun,June 2024,46,T2,/home/max/testgen-suite/ocr-frq/mb-exams/source-pdfs/marking-guides/pc_24_jun_mg.pdf,[116],1,2 marks,2.0,"Question 46 T2 The terminal arm of an angle, θ, in standard position passes through the point ( ) 3,6 − and intersects the unit circle at the point . Determine the coordinates of the point . Solution ½ mark for substitution ½ mark for solving for r 2 marks 1 mark for the coordinates of ( ) P θ (½ ma"
2024,jun,June 2024,47,"T3, T6",/home/max/testgen-suite/ocr-frq/mb-exams/source-pdfs/marking-guides/pc_24_jun_mg.pdf,[118],1,1 mark,1.0,"Question 47 T3, T6 Determine the exact value of 2sin cos θ θ if . 12 θ π = Solution 2sin cos sin 2 sin 2 12 sin 6 1 2 θ θ θ =  π    =         π   =     = 1 mark for substitution into correct identity 1 mark for consistent value"
2025,jan,January 2025,1,P1,/home/max/testgen-suite/ocr-frq/mb-exams/source-pdfs/marking-guides/pc_25_jan_mg.pdf,[10],1,1 mark,1.0,Question 1 P1 Youyi wants to buy a new cell phone from a company that offers 33 different types of cell phones. Each cell phone is available in 5 different colours. Determine the total number of available options. Solution 33 ˜ ° 5 165 options 1 mark Pre-Calculus Mathematics: Marking Guide (January 
2025,jan,January 2025,2,T1,/home/max/testgen-suite/ocr-frq/mb-exams/source-pdfs/marking-guides/pc_25_jan_mg.pdf,[12],1,1 mark,1.0,Question 2 T1 Determine the central angle subtended by an arc length of 30 cm on a circle with a diameter of 20.6 cm. Express your answer in degrees. Solution s ˜ r 1 mark for substitution 30 ˜  °10 3. ˛  ˜ .2 912 621... ˙ 180˝ ˘  . ˜ °2 912 621˛ˇ  1 mark for conversion ˆ    ˜ . 0 911...˝ 16
2025,jan,January 2025,3,P3,/home/max/testgen-suite/ocr-frq/mb-exams/source-pdfs/marking-guides/pc_25_jan_mg.pdf,[14],1,1 mark,1.0,"Question 3 P3 A choir has 14 sopranos. Karin and Ellen are two of them. Determine the number of possible ensembles of 3 sopranos that could be formed if either Karin or Ellen, or both, must be included. Solution Method 1 Case 1: C ˜ C ° 66 1 1 12 2 1 mark for Case 1 and Case 2 Case 2 : C ˜ C ° 66 1 "
2025,jan,January 2025,4,R10,/home/max/testgen-suite/ocr-frq/mb-exams/source-pdfs/marking-guides/pc_25_jan_mg.pdf,[16],1,1 mark,1.0,Question 4 R10 Loïc invests $5000 at an annual interest rate of 6.75% compounded semi-annually. The value of his investment grows according to the following formula: A ˜ P˛ ˙˝ 1° r ˆnt ˘ˇ n where A is the value of the investment after t years P is the amount of the initial deposit r is the annual in
2025,jan,January 2025,5,T5,/home/max/testgen-suite/ocr-frq/mb-exams/source-pdfs/marking-guides/pc_25_jan_mg.pdf,[20],1,1 mark,1.0,"Question 5 T5 Solve, algebraically, over the interval °0 2, ˜˛. csc2 ˜ ° csc˜ ° 6 0 ˛ Solution Method 1 ˛csc˜ ° 3˝˛csc˜ ˙ 2˝ ˆ 0 csc˜ ˆ 3 csc˜ ˆ °2 1 mark for solving for cscθ 1 1 sin˜ ˆ sin˜ ˆ ° 1 mark for reciprocal 3 2 ˜ ˆ 0 339 836 . ... r 7ˇ 11ˇ ˜ ˆ 0 340 2 802 . ; . ˜ ˆ , 2 marks for solving f"
2025,jan,January 2025,6,P1,/home/max/testgen-suite/ocr-frq/mb-exams/source-pdfs/marking-guides/pc_25_jan_mg.pdf,[24],1,1 mark,1.0,"Question 6 P1 Determine how many 4-digit numbers can be made using the digits 0, 1, 2, 3, 4, and 5, if the third digit must be 3, and repetition is not allowed. Solution 4 ˜ 4 ˜ 1 ˜ 3 ° 48 not 0 or 3 3 ½ mark for restriction of first digit ½ mark for restriction of third digit 1 mark for fundamental"
2025,jan,January 2025,7,"R3, R5",/home/max/testgen-suite/ocr-frq/mb-exams/source-pdfs/marking-guides/pc_25_jan_mg.pdf,[26],1,1 mark,1.0,"Question 7 R3, R5 ˛ 1 ˆ Describe the transformations required to obtain the graph of the function y ˜ °4 f ˙ x ˘ from ˝ 3 ˇ the graph of y f x . ˜ ° ˛ Solution • Reflection over the x-axis 1 mark for vertical reflection • Vertical stretch by a factor of 4 1 mark for vertical stretch • Horizontal str"
2025,jan,January 2025,8,R13,/home/max/testgen-suite/ocr-frq/mb-exams/source-pdfs/marking-guides/pc_25_jan_mg.pdf,[28],1,1 mark,1.0,"Question 8 R13 Given the graph of y f x , sketch the graph of y ˜ ˜ ° ˛ Solution y f x° ˛. 1 1 f x° ˛ 1 mark for restricting domain ½ mark for shape between invariant points, {0 ≤ y ≤ 1} ½ mark for shape above invariant points, {1 ≤ y ≤ 2} x 2 marks Pre-Calculus Mathematics: Marking Guide (January 2"
2025,jan,January 2025,9,R11,/home/max/testgen-suite/ocr-frq/mb-exams/source-pdfs/marking-guides/pc_25_jan_mg.pdf,[30],1,1 mark,1.0,"Question 9 R11 Describe how to determine if °x a˛ is a factor of the polynomial function, p x˜ ° ˜ . Solution °x a˛ is a factor of p x˜ ° ˜ ° ˛ 0. ˜ , if and only if p a 1 mark Pre-Calculus Mathematics: Marking Guide (January 2025) 26"
2025,jan,January 2025,10,R8,/home/max/testgen-suite/ocr-frq/mb-exams/source-pdfs/marking-guides/pc_25_jan_mg.pdf,[32],1,1 mark,1.0,Question 10 R8 1 Express log x ˜ 2logy ° log z as a single logarithm. 2 Solution 1 mark for product law ° ˙ x z ˜ log 2 1 mark for quotient law ˝˝ ˇˇ ˛ y ˆ 1 mark for power law (½ mark for each) 3 marks Pre-Calculus Mathematics: Marking Guide (January 2025) 28
2025,jan,January 2025,11,R1,/home/max/testgen-suite/ocr-frq/mb-exams/source-pdfs/marking-guides/pc_25_jan_mg.pdf,[34],1,1 mark,1.0,"Question 11 R1 Given the graph of g x˜ °, sketch the graph of f x˜ ° ˛ 1 . g x˜ ° y x -4 -4 g x˜ ° Solution y ½ mark for asymptotic behaviour approaching x = -4 ½ mark for asymptotic behaviour approaching x = 4 ½ mark for asymptotic behaviour approaching y = 0 1 mark for shape (½ mark for shape in e"
2025,jan,January 2025,12,T6,/home/max/testgen-suite/ocr-frq/mb-exams/source-pdfs/marking-guides/pc_25_jan_mg.pdf,[38],1,1 mark,1.0,"Question 12 T6 2 1 ˜ tan ˛ Given the identity 2 ° 2 cos , ˛ sec ˛ a) state a non-permissible value of ˛. b) prove the identity for all permissible values of ˛. Solution ˙  a) Any value where ˜ ° ˛ k k ˙, ˝ or ˜ ° 90 ˛ 180  k k, ˝ , is acceptable. 2 b) Method 1 1 mark Left-Hand Side Right-Hand Si"
2025,jan,January 2025,13,R13,/home/max/testgen-suite/ocr-frq/mb-exams/source-pdfs/marking-guides/pc_25_jan_mg.pdf,[42],1,1 mark,1.0,Question 13 R13 Determine an equation of the radical function represented by the graph of f x˜ °. y x 1 1 f x˜ ° Solution f x˜ ° ˛ 3 x ˝2 1 mark for vertical stretch 1 mark for horizontal translation 2 marks Pre-Calculus Mathematics: Marking Guide (January 2025) 38
2025,jan,January 2025,14,R1,/home/max/testgen-suite/ocr-frq/mb-exams/source-pdfs/marking-guides/pc_25_jan_mg.pdf,[44],1,1 mark,1.0,"Question 14 R1 Given the graphs of f x and g x , sketch the graph of g f x . ˜ ° ˜ ° ˜ ˜ °° y y Solution x 1 1 f x x x ˜ ° ˛ ˝ 1 3 3 , 1 1 g x x ˜ ° ˛ ˝ 2 1 1 1 y x 1 mark for g f x˜ ° ˜ ° 1 mark for restricted domain 2 marks Pre-Calculus Mathematics: Marking Guide (January 2025) x 40"
2025,jan,January 2025,15,R12,/home/max/testgen-suite/ocr-frq/mb-exams/source-pdfs/marking-guides/pc_25_jan_mg.pdf,[46],1,1 mark,1.0,Question 15 R12 Sketch a graph of p x˜ ° that satisfies all of the following conditions: • p x˜ ° is a polynomial function of degree 3 • p x˜ ° has a zero at – 5 with a multiplicity of 2 • p x˜ ° has a zero at 1 • p x˜ ° has a leading coefficient of – 2 Solution ½ mark for x-intercepts y 1 mark for 
2025,jan,January 2025,16,R14,/home/max/testgen-suite/ocr-frq/mb-exams/source-pdfs/marking-guides/pc_25_jan_mg.pdf,[50],1,1 mark,1.0,"Question 16 R14 2˝ x x Sketch the graph of f x˜ ° ˛ . x Solution x x˜ ˝1° f x˜ ° ˛ f x˜ ° x 1 x ˙ x ˛ ˝ , 0 ˆthere is a point of discontinuity h ° at 0 1° ˜hole ˜ , . 1 mark for point of discontinuity (hole) at x = 0 1 mark for shape of y = x + 1 2 marks 1 1 y x Pre-Calculus Mathematics: Marking Gui"
2025,jan,January 2025,17,R2,/home/max/testgen-suite/ocr-frq/mb-exams/source-pdfs/marking-guides/pc_25_jan_mg.pdf,[55],1,,0.0,Question 17 R2 Identify the function that has a different range than f x˜ ° ˛ x 2 . a. y ˜ 4 f ° ˛ x b. y f x ˜ ° ˛ ˝ 4 c. y f ˜ ˛x ° 4˝ d. y f x ˜ ° ˛ ˝ 
2025,jan,January 2025,18,T3,/home/max/testgen-suite/ocr-frq/mb-exams/source-pdfs/marking-guides/pc_25_jan_mg.pdf,[55],1,,0.0,Question 18 T3 °˜ ˝˛ 7 ˙ ˘ Identify the exact value of sin ˇˆ . 3 a. - 3 2 1 b. - 2 1 c. 2 3 d. 2 
2025,jan,January 2025,19,R7,/home/max/testgen-suite/ocr-frq/mb-exams/source-pdfs/marking-guides/pc_25_jan_mg.pdf,[55],1,,0.0,"Question 19 R7 1 Identify the value of a in the equation, loga 3 = 4. 1 a. 64 1 b. 3 4 c. 12 d. 81 Pre-Calculus Mathematics: Marking Guide (January 2025) 51"
2025,jan,January 2025,20,T3,/home/max/testgen-suite/ocr-frq/mb-exams/source-pdfs/marking-guides/pc_25_jan_mg.pdf,[56],1,,0.0,Question 20 T3 Identify a value of x where the graphs of y a. ˜ 3° 4 = cos x and y = sinx intersect. ° b. ˜ 4 c. 0 3π d. 4 
2025,jan,January 2025,21,P4,/home/max/testgen-suite/ocr-frq/mb-exams/source-pdfs/marking-guides/pc_25_jan_mg.pdf,[56],1,,0.0,Question 21 P4 Identify the number of negative terms in the binomial expansion of °2 ˜ ˛ 6. x y a. 0 b. 3 c. 4 d. 6 
2025,jan,January 2025,22,T5,/home/max/testgen-suite/ocr-frq/mb-exams/source-pdfs/marking-guides/pc_25_jan_mg.pdf,[56],1,,0.0,"Question 22 T5 Identify the general solution of the equation, sinx = 1. a. x k k °  ˜ ˛, b. x ˜ 2k˛, k °  ˝ c. x ˜ ° k˝, k ˛ 2 d. x k k ˜ ° ˛ ˝ ˝ 2 2 ,  Pre-Calculus Mathematics: Marking Guide (January 2025) 52"
2025,jan,January 2025,23,R12,/home/max/testgen-suite/ocr-frq/mb-exams/source-pdfs/marking-guides/pc_25_jan_mg.pdf,[57],1,,0.0,Question 23 R12 Identify a possible degree of the polynomial function represented below. a. 2 b. 3 c. 4 d. 5 y x 
2025,jan,January 2025,24,T6,/home/max/testgen-suite/ocr-frq/mb-exams/source-pdfs/marking-guides/pc_25_jan_mg.pdf,[57],1,,0.0,Question 24 T6 Identify the expression that is equivalent to cos x cot x. 1 - sin x a. sin x sin2 x -1 b. sinx c. sin x d. 1 2 -sin sin x x 
2025,jan,January 2025,25,R1,/home/max/testgen-suite/ocr-frq/mb-exams/source-pdfs/marking-guides/pc_25_jan_mg.pdf,[57],1,,0.0,"Question 25 R1 Given that the point (-7, -5) is on the graph of y g x , identify the corresponding point on the ˜ ° ˛ graph of y g° ˛ x . ˜ a. (7, 5) b. (-7, 5) c. (7, -5) d. (-5, -7) Pre-Calculus Mathematics: Marking Guide (January 2025) 53"
2025,jan,January 2025,26,R11,/home/max/testgen-suite/ocr-frq/mb-exams/source-pdfs/marking-guides/pc_25_jan_mg.pdf,[58],1,1 mark,1.0,"Question 26 R11 Given that x = 1 is one of the zeros of p x˜ ° ˛ x3 ˝ x2 ˙10x ˝ 8, express p x˜ ° in completely factored form. Solution p x˜ ° ˛ x3 ˝ x2 ˙10x ˝ 8 1 1 1 1 ˜ 0 8 ° 1 2 ˜8 1 mark for synthetic division (or any equivalent strategy) 1 2 ˜8 0 2 p x˜ ° ˛˜x ˝1°˜x ˙2x ˝8° p x˜ ° ˛˜x ˝1°˜x ˙ 4"
2025,jan,January 2025,27,T3,/home/max/testgen-suite/ocr-frq/mb-exams/source-pdfs/marking-guides/pc_25_jan_mg.pdf,[62],1,1 mark,1.0,Question 27 T3 2˜ ˛ 1 5˙ Determine the exact value of csc 2 °°if°˜ ˝ . 1 ˛ cos ˜ 6 Solution Method 1 2 ° 5˜ ˙ csc ˝ ˇ ˘1 ˛ 6 ˆ 2 ° 5˜ ˙ 1 ˘ cos ˝ ˇ ˛ 6 ˆ 5 6 ˜ ° ˝˛ ˙ ˇˆ ( )2 2 ˘1 1 mark for csc (½ mark for quadrant; ½ mark for value) 2 ° ˘ 3 ˙ 1 ˘˝ ˇ ˜ 5 6 ° ˙ ˇˆ 2 1 mark for cos (½ mark for quadra
2025,jan,January 2025,28,R13,/home/max/testgen-suite/ocr-frq/mb-exams/source-pdfs/marking-guides/pc_25_jan_mg.pdf,[64],1,1 mark,1.0,"Question 28 R13 Solve, graphically. ˜ ° 2x 5 ˛ ˜ x 1 Solution y x ˜ °1 y x 1 1 y ˜ °2x ˛ 5 ˜ ° 2 x 1 mark for shape of a radical function 1 mark for horizontal translation 1 mark for x-value consistent with intersection point of the two graphs 3 marks Pre-Calculus Mathematics: Marking Guide (January"
2025,jan,January 2025,29,R8,/home/max/testgen-suite/ocr-frq/mb-exams/source-pdfs/marking-guides/pc_25_jan_mg.pdf,[68],1,1 mark,1.0,"Question 29 R8 If log 2 = p and log 5 = q, express log 40 in terms of p and q. a a a Solution 3 log 40 ˜ log ° 2 5˛ ˙ a a ˜ 3log 2 ˝ log 5 1 mark for power law a a 1 mark for product law ˜ 3p q ˝ 2 marks Pre-Calculus Mathematics: Marking Guide (January 2025) 64"
2025,jan,January 2025,30,R6,/home/max/testgen-suite/ocr-frq/mb-exams/source-pdfs/marking-guides/pc_25_jan_mg.pdf,[70],1,1 mark,1.0,"Question 30 R6 Describe how to sketch the graph of y f ˝1 ° ˛ x ˜ ° ˛. ˜ , given the graph of a linear function, y f x Solution The graph of y f ˝1 ° ˛ x ˜ ° ˛ over the line y = x. ˜ is obtained by reflecting the graph of y f x or To sketch the inverse, y f 1 x , transform all points on the graph of"
2025,jan,January 2025,31,T6,/home/max/testgen-suite/ocr-frq/mb-exams/source-pdfs/marking-guides/pc_25_jan_mg.pdf,[72],1,1 mark,1.0,"Question 31 T6 4 12 Given that sin˜ ° ˛ where ˜ is in quadrant III, and cos ˜ ° where ˜ is in quadrant IV, 5 13 determine the exact value of cos ˜ ° ˙. ˝ ˛ Solution x 12 13 5 4 y 2 2 x ˜ 4 ° 25 2 12 ˜ 2y ° 2 13 2x ° 9 2y ° 25 x 3 ° ˛ y 5 ° ˛ ° ° cos ˜ ° ˆ cos˜ cos ˇsin˜ sin ˝ ˛ ˙ ˘ 3 ˘ 12  ˆ ˛  "
2025,jan,January 2025,32,R14,/home/max/testgen-suite/ocr-frq/mb-exams/source-pdfs/marking-guides/pc_25_jan_mg.pdf,[76],1,1 mark,1.0,"Question 32 R14 2x ˝ 4 Sketch the graph of f x˜ ° ˛ . x ˙1 Solution 1 y x 1 1 mark for asymptotic behaviour approaching x = - 1 1 mark for asymptotic behaviour approaching y = 2 1 mark for shape of rational function (½ mark for graph left of x = - 1, ½ mark for graph right of x = - 1) 3 marks Pre-Ca"
2025,jan,January 2025,33,"T3, T4",/home/max/testgen-suite/ocr-frq/mb-exams/source-pdfs/marking-guides/pc_25_jan_mg.pdf,[80],1,1 mark,1.0,"Question 33 T3, T4 Due to the tidal variations, the depth of the water in a bay is represented by the function,  d t˜ ° ˛ ˝2cos ˆ ˜t ˙ 4°  ˙16 ˘ˇ6  where d is the depth of the water, in metres and t is the time, in hours. a) Determine the depth of the water when t = 2. b) State the minimum depth"
2025,jan,January 2025,34,T3,/home/max/testgen-suite/ocr-frq/mb-exams/source-pdfs/marking-guides/pc_25_jan_mg.pdf,[82],1,1 mark,1.0,Question 34 T3 Evaluate. Solution sin2 5˜ ˜ 7˜ 13 ° ° ˙ ˙ ° ˙ ˘ cot ˇˆ sec˝˛ ˝˛ ˇˆ ˝˛ ˇˆ 4 3 4 5˜ ° ˙ 2 1 mark for sin (½ mark for value; ½ mark for quadrant) ° 2 ˙ ° 2 ˙ ˝ ˇ ˜ ˜ ˘  1 ˛ ˆ ˝˛ ˇˆ ˜ 4 ˜ ˝˛ ˇ 2 ˆ 1 13 ° ˙  1 1 1 mark for sec 2 (½ mark for value; ½ mark for quadrant) ˝˛ ˇˆ 3 ˜ 7 ° ˙ 1 
2025,jan,January 2025,35,R14,/home/max/testgen-suite/ocr-frq/mb-exams/source-pdfs/marking-guides/pc_25_jan_mg.pdf,[84],1,1 mark,1.0,"Question 35 R14 ˝ x 3 a) State the non-permissible value(s) of the function, f x˜ ° ˛ . x2 ˝9 ˝ x 3 b) Describe what each non-permissible value represents on the graph of f x˜ ° ˛ . x2 ˝9 Solution a) x = 3, -3 1 mark for non-permissible values (½ mark for each) 1 mark b) At x = 3, there is a point o"
2025,jan,January 2025,36,R7,/home/max/testgen-suite/ocr-frq/mb-exams/source-pdfs/marking-guides/pc_25_jan_mg.pdf,[86],1,1 mark,1.0,Question 36 R7 Determine which of the given values is greater. Justify your answer. log 38 or log 50 3 4 Solution 33 ˜ 27 34 ˜ 81 log338 3 ° 42 ˜ 16 43 ˜ 64 log450 3 ˛ ˝ log338 is greater 1 mark for justification 1 mark Pre-Calculus Mathematics: Marking Guide (January 2025) 82
2025,jan,January 2025,37,T2,/home/max/testgen-suite/ocr-frq/mb-exams/source-pdfs/marking-guides/pc_25_jan_mg.pdf,[88],1,1 mark,1.0,"Question 37 T2 ˜ ˝ Determine if the point ˛° 3 5 , 4 4 ˆ˙ is on the unit circle. Justify your answer. Solution x2 ˜ y2 ° 1 3 ˆ 2 ˛ 5 ˆ 2 LHS ° ˛ ˙ ˘ ˜ ˙ ˘ ˝ 4 ˇ 4 ˝ ˇ 9 5 ° ˜ 16 16 14 ° 16 14  1 16  The point is not on the unit circle. 1 mark for justification 1 mark Pre-Calculus Mathematics: Mark"
2025,jan,January 2025,38,P4,/home/max/testgen-suite/ocr-frq/mb-exams/source-pdfs/marking-guides/pc_25_jan_mg.pdf,[92],1,1 mark,1.0,"Question 38 P4 11 ° 3 ˙ Determine which term contains x 5 in the binomial expansion of ˝˛ 2x ˜ x ˇˆ . Solution Method 1 11 10 ˛ 1 ˆ 9 ˛ 1 ˆ x x ,˜ ° , x ˘ ˜ ° ,... ˙ ˙ 2 ˘ ˝ x ˇ ˝ x ˇ 11 9 7 x x x , , ,... 5  The fourth term contains x . 1 mark for determining a pattern 1 mark for fourth term (or a"
2025,jan,January 2025,39,R9,/home/max/testgen-suite/ocr-frq/mb-exams/source-pdfs/marking-guides/pc_25_jan_mg.pdf,[94],1,1 mark,1.0,"Question 39 R9 x Sketch the graph of y ˜ 2 3° ˛ ˝1. Solution y 1 1 x (1,7) (0,3) 1 mark for shape of an increasing exponential function 1 mark for vertical stretch 1 mark for vertical translation 3 marks Pre-Calculus Mathematics: Marking Guide (January 2025) 90"
2025,jan,January 2025,40,"R8, R10",/home/max/testgen-suite/ocr-frq/mb-exams/source-pdfs/marking-guides/pc_25_jan_mg.pdf,[98],1,1 mark,1.0,"Question 40 R8, R10 Solve, algebraically. log°2x ˜ 1˛ ˝ log°x ˙ 2˛ ˜ 1 Solution Method 1 log°2x ˜ 1˛ ˝log° x ˝ 2˛ ˙ 1 ˆ 2x ˜ 1  log˘  ˙ 1 1 mark for quotient law ˇ x ˝ 2  2x ˜ 1 101 ˙ x ˝ 2 1 mark for exponential form 10x ˝ 20 ˙ 2x ˜ 1 8x ˙ 21 21 x ˙ 8 2 marks Method 2 log°2x ˜1˛ ˝log°x ˙2˛ ˜log1"
2025,jan,January 2025,41,R1,/home/max/testgen-suite/ocr-frq/mb-exams/source-pdfs/marking-guides/pc_25_jan_mg.pdf,[102],1,a) 1 mark,1.0,"Question 41 R1 Given the functions, f x˜ ° x ˜ ° x ˛ ˝2 and g x ˛ ˝2 , a) state the equation of h x˜ ° ˛ f x˜ ° ˝ g x˜ °. b) sketch the graph of h x˜ ° ˛ f x˜ ° ˝ g x˜ °. Solution a) h x˜ ° ˛˜x ˝2°˜x ˙2° or h x˜ ° ˛ x2 ˙ 4 1 mark b) 1 1 y x 1 mark for graph consistent with a) 1 mark Pre-Calculus Mat"
2025,jan,January 2025,42,R11,/home/max/testgen-suite/ocr-frq/mb-exams/source-pdfs/marking-guides/pc_25_jan_mg.pdf,[108],1,1 mark,1.0,"Question 42 R11 Given p x˜ ° ˛ ˝2x3 ˙ 3x ˙1, determine the remainder when p x˜ ° is divided by ° x ˜ 2˛. Solution Method 1 p˜ ° 2 ˛ ˝2˜ ° 2 3 ˙ 3˜ ° 2 ˙1 1 mark for remainder theorem p˜ ° 2 ˛ ˝2˜ ° 8 ˙ ˙ 6 1 p˜ ° 2 ˛ ˝9 1 mark Method 2 ˜2 0 3 1 1 mark for synthetic division (or any equivalent strate"
2025,jan,January 2025,43,T4,/home/max/testgen-suite/ocr-frq/mb-exams/source-pdfs/marking-guides/pc_25_jan_mg.pdf,[110],1,B) 1 mark,1.0,"Question 43 T4 Determine the equation of the sinusoidal function in the form y Acos Bx ˝ ˜ ° ˛ D. y (0, 10) (15, –2) x Solution 1 mark for the value of A y ˜ 6cos ˙  ° ˝˛ 15 x ˇˆ ˘ 4 1 mark for the value of B (½ mark for period; ½ mark for consistent value of B) 1 mark for the value of D 3 marks Pr"
2025,jan,January 2025,44,P2,/home/max/testgen-suite/ocr-frq/mb-exams/source-pdfs/marking-guides/pc_25_jan_mg.pdf,[112],1,2 marks,2.0,Question 44 P2 Determine the total number of arrangements of the letters in the word TORONTO. State your answer as a whole number. Solution 7! 2 3 ! ! 7 6 5 4 3 • • • • ! 2 3 ! ! ½ mark for 7! ½ mark for division by 2!3! ½ mark for factorial expansion 7 6 5 4 • • • 2 7 6 5 2 • • • 420 ½ mark for con
2025,jun,June 2025,1,P1,/home/max/testgen-suite/ocr-frq/mb-exams/source-pdfs/marking-guides/pc_25_jun_mg.pdf,[10],1,1 mark,1.0,Question 1 P1 Manitoba postal codes consist of three letters and three digits. Determine the total number of possible postal codes in Manitoba if the following characteristics must be met: • The postal code must begin with the letter R. • Only 18 letters of the alphabet can be used. • The letters an
2025,jun,June 2025,2,R10,/home/max/testgen-suite/ocr-frq/mb-exams/source-pdfs/marking-guides/pc_25_jun_mg.pdf,[12],1,2 marks,2.0,"Question 2 R10 The percent of people who click on a link, in response to seeing an advertisement on YouTube, can be modeled by the formula: where R t is the percentage, in decimal form, of people who click on the link t is the time in days. Determine, algebraically, the number of days it will take f"
2025,jun,June 2025,3,P4,/home/max/testgen-suite/ocr-frq/mb-exams/source-pdfs/marking-guides/pc_25_jun_mg.pdf,[14],1,2 marks,2.0,Question 3 P4 Determine and simplify the middle term in the binomial expansion of 5 4 3 6 x x   . Solution 2 marks (1 mark for 6 3 C ; ½ mark for each consistent factor) 1 mark for simplification (½ mark for coefficient; ½ mark for exponent) 3 marks t x x x x x 4 C        6 3 3 3 3 3 9 
2025,jun,June 2025,4,T5,/home/max/testgen-suite/ocr-frq/mb-exams/source-pdfs/marking-guides/pc_25_jun_mg.pdf,[16],1,3 marks,3.0,"Question 4 T5 Solve 3 5 6 0 2 tan tan x x , over the interval 0 2, . Solution 3 marks tan tan tan . ... tan . x x x x    5 5 4 3 6 2 3 5 97 6 0 808142 2 2 474 809 0 679 686 1 186 784 0 680 3 821 1 955 ... . ... . ... . , . . x x x x r r , .5 096 1 mark for solving for tan x 2 marks for solving fo"
2025,jun,June 2025,5,T1,/home/max/testgen-suite/ocr-frq/mb-exams/source-pdfs/marking-guides/pc_25_jun_mg.pdf,[20],1,b) 1 mark,1.0,"Question 5 T1 Given  80 , a) determine the measure of θ, in radians. b) state all the coterminal angles of θ. Solution a) b) 1 mark 1 mark        80 360 4 9 2 1 396 2 k k k k k k , or , or ,       .       80 180 4 9 1 396   or . θ θ θ θ θ θ θ"
2025,jun,June 2025,6,R12,/home/max/testgen-suite/ocr-frq/mb-exams/source-pdfs/marking-guides/pc_25_jun_mg.pdf,[22],1,1 mark,1.0,"Question 6 R12 State a possible value of n if the polynomial function p x x x n  1 4 2 has a range of , . Solution n = 1 or n = 3 Note: Accept any odd whole number for n. 1 mark"
2025,jun,June 2025,7,"R2, R3, R5",/home/max/testgen-suite/ocr-frq/mb-exams/source-pdfs/marking-guides/pc_25_jun_mg.pdf,[24],1,1 mark,1.0,"Question 7 R2, R3, R5 Describe the transformations used to obtain the graph of the function y f x  2 8 5 from the graph of y f x . Solution The graph of y f x is reflected over the x-axis, vertically stretched by a factor of 2, translated left 8 units and down 5 units. Note: Deduct a maximum of 1 m"
2025,jun,June 2025,8,R14,/home/max/testgen-suite/ocr-frq/mb-exams/source-pdfs/marking-guides/pc_25_jun_mg.pdf,[26],1,1 mark,1.0,"Question 8 R14 State the domain and range of the function f x x 2 2 . Solution Domain: ______________ or _____________ Range: _______________or ______________ 1 mark for domain x x x 0,  2 marks 1 mark for range ,0 y y y 0,   , , 0 0"
2025,jun,June 2025,9,P4,/home/max/testgen-suite/ocr-frq/mb-exams/source-pdfs/marking-guides/pc_25_jun_mg.pdf,[28],1,1 mark,1.0,"Question 9 P4 Given the following row of Pascal’s Triangle, state the values in the next row. 1 5 10 10 5 1 Solution 1 6 15 20 15 6 1 1 mark"
2025,jun,June 2025,10,R6,/home/max/testgen-suite/ocr-frq/mb-exams/source-pdfs/marking-guides/pc_25_jun_mg.pdf,[30],1,2 marks,2.0,"Question 10 R6 Given f x x 3 2 , determine the equation of f x 1 . Solution To determine the inverse of f x , switch x and y. 2 marks x y y x y x f x x 3 2 2 3 3 2 3 2 1 1 mark for switching x and y ½ mark for solving for y ½ mark for writing equation in terms of f x 1 Let y f x y x 3 2"
2025,jun,June 2025,11,R13,/home/max/testgen-suite/ocr-frq/mb-exams/source-pdfs/marking-guides/pc_25_jun_mg.pdf,[32],1,1 mark,1.0,"Question 11 R13 Given the graph of y f x , sketch the graph of y f x . Solution 1 mark for restricting domain ½ mark for shape between invariant points, 0 1 y ½ mark for shape above invariant points, y 1 2 marks 1 1 y x f x"
2025,jun,June 2025,12,T6,/home/max/testgen-suite/ocr-frq/mb-exams/source-pdfs/marking-guides/pc_25_jun_mg.pdf,"[36, 37]",2,1 mark,1.0,Question 12 T6 Prove the identity for all permissible values of x. Solution Method 1 csc sec tan cot csc sec 2 2 x x x x x x Left-Hand Side Right-Hand Side 1 1 2 2 2 2 2 2 2 sin cos sin cos cos sin cos sin sin cos cos s x x x x x x x x x x x + + + + in cos sin cos sin sin cos sin cos csc sec 2 2 2 1
2025,jun,June 2025,13,R9,/home/max/testgen-suite/ocr-frq/mb-exams/source-pdfs/marking-guides/pc_25_jun_mg.pdf,[40],1,1 mark,1.0,"Question 13 R9 Justify that the graph of f x ex 1 5 does not have an x-intercept. Solution or The range of the graph is y y y 5, . or The horizontal asymptote is y = 5 and it is an increasing exponential function above the asymptote. 1 mark therefore there is no solution. 0 5 5 0 1 1 1 e e e x x x "
2025,jun,June 2025,14,R1,/home/max/testgen-suite/ocr-frq/mb-exams/source-pdfs/marking-guides/pc_25_jun_mg.pdf,[42],1,1 mark,1.0,"Question 14 R1 Given the graphs of f x and g x , sketch the graph of h x f x g x . Solution 1 mark for operation of multiplication 1 mark for restricted domain 2 marks f x h x g x y x 1 1"
2025,jun,June 2025,15,R13,/home/max/testgen-suite/ocr-frq/mb-exams/source-pdfs/marking-guides/pc_25_jun_mg.pdf,[46],1,1 mark,1.0,Question 15 R13 Sketch the graph of f x x 5 2 4 ( ) . Solution 1 mark for shape of a radical function 1 mark for vertical stretch 1 mark for horizontal reflection 1 mark for horizontal translation 4 marks 1 1 y x
2025,jun,June 2025,16,R11,/home/max/testgen-suite/ocr-frq/mb-exams/source-pdfs/marking-guides/pc_25_jun_mg.pdf,[51],1,,0.0,"Question 16 R11 Identify the number of x-intercepts on the graph of the polynomial function, p x x x x  3 8 5 2 . a. 1 b. 2 c. 3 d. 4 "
2025,jun,June 2025,17,R5,/home/max/testgen-suite/ocr-frq/mb-exams/source-pdfs/marking-guides/pc_25_jun_mg.pdf,[51],1,,0.0,Question 17 R5 Identify the equation that represents the graph of y x 2 3 after a reflection over the x-axis. a. y x 2 3 b. y x 2 3 c. y x 2 3 d. y x 2 3 
2025,jun,June 2025,18,R7,/home/max/testgen-suite/ocr-frq/mb-exams/source-pdfs/marking-guides/pc_25_jun_mg.pdf,[51],1,,0.0,"Question 18 R7 Given 2 2 3 log = x , identify the value of x. a. 1 b. 3 c. 6 d. 8"
2025,jun,June 2025,19,R14,/home/max/testgen-suite/ocr-frq/mb-exams/source-pdfs/marking-guides/pc_25_jun_mg.pdf,[52],1,,0.0,Question 19 R14 Identify the y-intercept on the graph of y x x x 3 5 6 2 . a. - 3 b. - 2 c. -1 2 d. 3 
2025,jun,June 2025,20,P2,/home/max/testgen-suite/ocr-frq/mb-exams/source-pdfs/marking-guides/pc_25_jun_mg.pdf,[52],1,,0.0,Question 20 P2 Identify the total number of arrangements for 10 students and 2 teachers to sit in a row if the teachers must sit together. a. 10!2! b. 11! c. 11!2! d. 12! 
2025,jun,June 2025,21,R11,/home/max/testgen-suite/ocr-frq/mb-exams/source-pdfs/marking-guides/pc_25_jun_mg.pdf,[52],1,,0.0,Question 21 R11 Identify which expression represents the remainder when the polynomial P x is divided by x 4 . a. P 4 b. P 4 c. P x 4 d. P x 4
2025,jun,June 2025,22,T4,/home/max/testgen-suite/ocr-frq/mb-exams/source-pdfs/marking-guides/pc_25_jun_mg.pdf,[53],1,,0.0,Question 22 T4 Identify the period of the graph of the sinusoidal function. a. b. 10 c. 20π d. 20 
2025,jun,June 2025,23,R8,/home/max/testgen-suite/ocr-frq/mb-exams/source-pdfs/marking-guides/pc_25_jun_mg.pdf,[53],1,,0.0,Question 23 R8 Identify an equivalent expression for log log 3 3 9 5 + . a. log314 b. 2 5 3 log c. log3 45 d. log3 9 5  
2025,jun,June 2025,24,T1,/home/max/testgen-suite/ocr-frq/mb-exams/source-pdfs/marking-guides/pc_25_jun_mg.pdf,[53],1,,0.0,"Question 24 T1 Identify the coterminal angle(s) of 11 10 over the interval 3 , . a. = 9 10 b. = 31 10 21 10 , c. = 31 10 9 10 , d. = 21 10 9 10 , 10π (5,2) (−5,−2) f x y x"
2025,jun,June 2025,25,R11,/home/max/testgen-suite/ocr-frq/mb-exams/source-pdfs/marking-guides/pc_25_jun_mg.pdf,[54],1,1 mark,1.0,Question 25 R11 Express p x x x 3 13 12 in completely factored form. Solution p p x   1 1 13 1 12 1 0 1 3 is a factor - - - - - - 1 1 0 13 12 1 1 12 1 1 12 0 p x x x x p x x x x    1 12 1 4 3 2 1 mark for identifying one possible zero of P x 1 mark for synthetic division (or equivalent strategy
2025,jun,June 2025,26,T5,/home/max/testgen-suite/ocr-frq/mb-exams/source-pdfs/marking-guides/pc_25_jun_mg.pdf,[56],1,2 marks,2.0,"Question 26 T5 Verify, by substitution, that the equation cos sin csc sec 2 2 2 2 is true for 6 . Solution Left-Hand Side Right-Hand Side cos sin 2 2 2 2 6 6 3 2 1 2 3 4 1 4          2 6 6 2 2 2 3 2 2 4 3 12 4 3 2 2 csc sec             2 marks for exact values (½ mark for"
2025,jun,June 2025,27,R9,/home/max/testgen-suite/ocr-frq/mb-exams/source-pdfs/marking-guides/pc_25_jun_mg.pdf,[60],1,b) 1 mark,1.0,"Question 27 R9 Given f x x log3 2, a) determine the x-intercept of f x x log3 2. b) sketch the graph of f x x log3 2. Solution a) b) 1 mark for shape of a logarithmic function 1 mark for vertical translation 2 marks 0 log log 3 3 2 2 2 2 3 1 3 1 9 x x x x x y x 1 1 (1,2) (3,3) 1 mark"
2025,jun,June 2025,28,T3,/home/max/testgen-suite/ocr-frq/mb-exams/source-pdfs/marking-guides/pc_25_jun_mg.pdf,[64],1,2 marks,2.0,Question 28 T3 Evaluate. Solution sec tan 2 2 5 4 2 3       2 marks          2 2 3 1 4 2 3 1 6 2 2 1 mark for sec 5 4   (½ mark for quadrant; ½ mark for value) 1 mark for tan   2 3  (½ mark for quadrant; ½ mark for value)
2025,jun,June 2025,29,R1,/home/max/testgen-suite/ocr-frq/mb-exams/source-pdfs/marking-guides/pc_25_jun_mg.pdf,[66],1,1 mark,1.0,"Question 29 R1 Given the functions f x x 3 and g x x 2, state the domain of g f x . Solution x x x 3,  or 3, 1 mark"
2025,jun,June 2025,30,T6,/home/max/testgen-suite/ocr-frq/mb-exams/source-pdfs/marking-guides/pc_25_jun_mg.pdf,[68],1,1 mark,1.0,Question 30 T6 Evaluate. Solution sin cos cos sin 70 25 70 25 1 mark ½ mark for substitution into correct identity sin cos cos sin sin sin 70 25 70 25 70 25 45 2 2  ½ mark for exact value
2025,jun,June 2025,31,R10,/home/max/testgen-suite/ocr-frq/mb-exams/source-pdfs/marking-guides/pc_25_jun_mg.pdf,[70],1,1 mark,1.0,"Question 31 R10 Solve, algebraically. Solution Method 1 Method 2 log15 2 1 1 x 1 mark for exponential form 1 mark for solving for x (½ mark for each value) 2 marks 15 1 0 16 0 4 4 4 4 1 2 2   x x x x x x , ½ mark for logarithmic form 1 mark for solving for x (½ mark for each value) 2 marks log log"
2025,jun,June 2025,32,R1,/home/max/testgen-suite/ocr-frq/mb-exams/source-pdfs/marking-guides/pc_25_jun_mg.pdf,[72],1,1 mark,1.0,"Question 32 R1 Given the graph of y f x , sketch the graph of y f x 1 . Solution y x 1 π 2 1 mark for asymptotic behaviour approaching x x x 0, and 1 mark for invariant points (½ mark for y 1; ½ mark for y = 1) 2 marks f x"
2025,jun,June 2025,33,T4,/home/max/testgen-suite/ocr-frq/mb-exams/source-pdfs/marking-guides/pc_25_jun_mg.pdf,[76],1,1 mark,1.0,"Question 33 T4 A light is attached to the end of a blade of a wind turbine. The height of the light, with respect to the ground, follows the sinusoidal equation: where h t is the height of the light with respect to the ground, measured in feet and, t is the time, measured in seconds. a) Sketch the g"
2025,jun,June 2025,34,P2,/home/max/testgen-suite/ocr-frq/mb-exams/source-pdfs/marking-guides/pc_25_jun_mg.pdf,[80],1,1 mark,1.0,Question 34 P2 Elodie was asked to determine the total number of arrangements of the letters in the word EXCELLENCE. Her solution: Describe her error. Solution She did not consider the repeating letters. 1 mark
2025,jun,June 2025,35,T6,/home/max/testgen-suite/ocr-frq/mb-exams/source-pdfs/marking-guides/pc_25_jun_mg.pdf,[82],1,1 mark,1.0,"Question 35 T6 Given that cos 4 7 where is in quadrant III and sin  = 5 13 β where β is in quadrant II, determine the exact value of: a) cos  b) sec  Solution a) b) Note: Accept any of the following values for x x x x : , , 12 12 12 or . Accept any of the following values for y y y y : , , 33 33 3"
2025,jun,June 2025,36,"R4, R5",/home/max/testgen-suite/ocr-frq/mb-exams/source-pdfs/marking-guides/pc_25_jun_mg.pdf,[86],1,1 mark,1.0,"Question 36 R4, R5 Determine the equation for g x , in terms of f x . Solution y g x f x 1 1 1 mark for vertical reflection 1 mark for horizontal stretch 2 marks y x g x f x     2"
2025,jun,June 2025,37,R7,/home/max/testgen-suite/ocr-frq/mb-exams/source-pdfs/marking-guides/pc_25_jun_mg.pdf,[88],1,1 mark,1.0,"Question 37 R7 State possible values for m and n that satisfy the equation, logm n = 5. Solution Some possible solutions are: Notes: Other values for m and n are possible. 1 mark m n m n m n m n = = = = = = = = 2 32 3 243 4 1024 5 3125 or or or"
2025,jun,June 2025,38,R14,/home/max/testgen-suite/ocr-frq/mb-exams/source-pdfs/marking-guides/pc_25_jun_mg.pdf,[90],1,4 marks,4.0,"Question 38 R14 Sketch the graph of f x x x x  4 7 12 2 . Solution Notes: Deduct ½ mark for procedural error (incorrect y-value for point of discontinuity (hole)). 4 marks f x x x x x x  4 4 3 1 3 4 , ∴there is a point of discontinuity (hole) at (4,1) 1 mark for asymptotic behaviour approaching x "
2025,jun,June 2025,39,P2,/home/max/testgen-suite/ocr-frq/mb-exams/source-pdfs/marking-guides/pc_25_jun_mg.pdf,[92],1,1 mark,1.0,"Question 39 P2 Justify that the value of 3 4 P does not exist. Solution Method 1 When using n rP , n r ≥. Method 2 1 mark 3 4 3 4 3 4 3 3 4 3 1 1 P P P ! ! ! ! ! does not exist, therefore does not exist."
2025,jun,June 2025,40,T4,/home/max/testgen-suite/ocr-frq/mb-exams/source-pdfs/marking-guides/pc_25_jun_mg.pdf,[94],1,1 mark,1.0,"Question 40 T4 State the range of the sinusoidal function that has the following characteristics: • an amplitude of 3 • a maximum at 2 1 ,   Solution or 1 mark y y y  5 1,  5 1 ,"
2025,jun,June 2025,41,P3,/home/max/testgen-suite/ocr-frq/mb-exams/source-pdfs/marking-guides/pc_25_jun_mg.pdf,[96],1,3 marks,3.0,"Question 41 P3 Solve, algebraically. Solution nC = 15 2 3 marks n n n n n n n n n n n ! ! ! ! ! ! 2 2 15 1 2 2 2 15 1 30 30 0 6 2  n 5 0 ½ mark for substitution 1 mark for factorial expansion ½ mark for simplification of factorials ½ mark for the permissible value of n ½ mark for showing the reject"
2025,jun,June 2025,42,T5,/home/max/testgen-suite/ocr-frq/mb-exams/source-pdfs/marking-guides/pc_25_jun_mg.pdf,[100],1,1 mark,1.0,"Question 42 T5 Describe how to use the graphs of f x x 5sin2 and g x 3 to solve the equation, 5sin = 3 2x , over the interval 0 2 , . Solution The solution will be the x-values where the two graphs intersect. 1 mark 1 g x f x y x π 2π"
2025,jun,June 2025,43,R8,/home/max/testgen-suite/ocr-frq/mb-exams/source-pdfs/marking-guides/pc_25_jun_mg.pdf,[102],1,3 marks,3.0,"Question 43 R8 Solve, algebraically. Solution Method 1 Method 2 2 5 1 3 125 3 3 3 log log log a 3 marks log log log log log log log log 3 2 3 1 3 3 3 3 3 3 3 5 125 25 5 25 5    a a a a a log log 3 3 5 5   1 mark for power law (½ mark for each) 1 mark for quotient law 1 mark for equating argume"
2025,jun,June 2025,44,T1,/home/max/testgen-suite/ocr-frq/mb-exams/source-pdfs/marking-guides/pc_25_jun_mg.pdf,[104],1,1 mark,1.0,"Question 44 T1 Sketch the angle, 7 12 , in standard position. Solution 1 mark ½ mark for an appropriate angle in quadrant III ½ mark for correct direction y x"
2025,jun,June 2025,45,R12,/home/max/testgen-suite/ocr-frq/mb-exams/source-pdfs/marking-guides/pc_25_jun_mg.pdf,[108],1,3 marks,3.0,Question 45 R12 Sketch the graph of p x x x x  1 2 4 2. Solution 3 marks 1 mark for x-intercepts ½ mark for y-intercept 1 mark for multiplicity of 2 at x 4 ½ mark for end behaviour y x -4 -32 1 2
2025,jun,June 2025,46,T3,/home/max/testgen-suite/ocr-frq/mb-exams/source-pdfs/marking-guides/pc_25_jun_mg.pdf,[110],1,2 marks,2.0,"Question 46 T3 The point, P y      1 6 , , lies on the unit circle and is located in Quadrant III. Determine the exact value of cscθ . Solution Notes: Accept any of the following values for y y y y : , , 35 35 35 or . 2 marks 6 y 1        1 6 1 36 35 35 6 35 6 35 35 2 2 2 2 2 y y y y c"
2026,jan,January 2026,1,T1,/home/max/testgen-suite/ocr-frq/mb-exams/source-pdfs/marking-guides/pc_26_jan_mg.pdf,[10],1,1 mark,1.0,Question 1 T1 Liam went for a ride on a Ferris wheel with a radius of 5 metres. Determine the distance he travelled if the Ferris wheel stopped after rotating 1260°. Solution   1260 180 7 21 991148 7 5 35   or or . ... metres s r s s s 109 956 . metres 1 mark for conversion 1 mark for substituti
2026,jan,January 2026,2,P4,/home/max/testgen-suite/ocr-frq/mb-exams/source-pdfs/marking-guides/pc_26_jan_mg.pdf,[12],1,2 marks,2.0,"Question 2 P4 Determine and simplify the term that contains x12 in the binomial expansion of 2 3 4 7 x . Solution Method 1 Method 2 2 marks (1 mark for 7C4; ½ mark for each consistent factor) 1 mark for determining a pattern 1 mark for simplification (½ mark for coefficient, ½ mark for exponent) x x"
2026,jan,January 2026,3,R10,/home/max/testgen-suite/ocr-frq/mb-exams/source-pdfs/marking-guides/pc_26_jan_mg.pdf,[14],1,1 mark,1.0,"Question 3 R10 The normal healing of wounds can be modeled by an exponential function. The area of the wound decreases according to the formula, where: A is the area of the wound in cm2, after t days, A0 is the initial area of the wound in cm2, and t is the time, in days, after healing begins. If a "
2026,jan,January 2026,4,P3,/home/max/testgen-suite/ocr-frq/mb-exams/source-pdfs/marking-guides/pc_26_jan_mg.pdf,[18],1,1 mark,1.0,"Question 4 P3 During a hockey practice, 4 players are wearing a green jersey and 5 players are wearing a red jersey. Determine the number of ways three players can be selected if at least two of the players must be wearing a red jersey. Solution Note: 4C0 does not need to be shown. Case 1 Case 2 : :"
2026,jan,January 2026,5,T5,/home/max/testgen-suite/ocr-frq/mb-exams/source-pdfs/marking-guides/pc_26_jan_mg.pdf,[20],1,1 mark,1.0,"Question 5 T5 Solve, algebraically, over the interval 0 2, . Solution 2 5 1 0 2 sin cos x x 1 mark for substitution of an appropriate identity 1 mark for solving for cosx 2 marks for solving for x (½ mark for each value; 1 mark for indicating no solution) cos cos , no 1 2 3 2 3 4 3 x x x      s"
2026,jan,January 2026,6,R3,/home/max/testgen-suite/ocr-frq/mb-exams/source-pdfs/marking-guides/pc_26_jan_mg.pdf,[24],1,1 mark,1.0,"Question 6 R3 The function, y f x , has a domain of 8 4 , . The domain of the graph of y f bx is 4 2, . State the value of b. Solution b = 2 1 mark"
2026,jan,January 2026,7,R14,/home/max/testgen-suite/ocr-frq/mb-exams/source-pdfs/marking-guides/pc_26_jan_mg.pdf,[26],1,1 mark,1.0,"Question 7 R14 Describe the difference between the graph of f x x x x  3 4 3 and the graph of g x x 4. Solution The graph of f x has a point of discontinuity at x = −3, where as the graph of g x does not. 1 mark"
2026,jan,January 2026,8,T2,/home/max/testgen-suite/ocr-frq/mb-exams/source-pdfs/marking-guides/pc_26_jan_mg.pdf,[28],1,1 mark,1.0,"Question 8 T2 Determine if the point   3 5 2 3 , is on the unit circle. Justify your answer. Solution Method 1 Method 2 Since 2 3 1 > , the point is not on the unit circle.          3 5 2 3 9 25 4 3 27 75 100 75 2 2 x y 2 2 1 127 75 1 ≠ 1 mark for justification 1 mark Therefore the poi"
2026,jan,January 2026,9,"R2, R5",/home/max/testgen-suite/ocr-frq/mb-exams/source-pdfs/marking-guides/pc_26_jan_mg.pdf,[30],1,1 mark,1.0,"Question 9 R2, R5 Given the graph of f x , sketch the graph of g x f x  1 3. Solution 1 mark for horizontal reflection 1 mark for horizontal translation 1 mark for vertical translation 3 marks y x f x g x 1 1"
2026,jan,January 2026,10,R11,/home/max/testgen-suite/ocr-frq/mb-exams/source-pdfs/marking-guides/pc_26_jan_mg.pdf,[34],1,1 mark,1.0,"Question 10 R11 Bonnie was asked to determine the factors of p x x x x   3 2 4 5 4 2 . Describe the error she made in her set up of synthetic division. Solution Bonnie did not write the coefficient of 0 for the missing term, x3. 1 mark"
2026,jan,January 2026,11,R1,/home/max/testgen-suite/ocr-frq/mb-exams/source-pdfs/marking-guides/pc_26_jan_mg.pdf,[36],1,1 mark,1.0,"Question 11 R1 Given the functions, f x x 1 1 and g x x 3, a) state the equation of f g x . b) state the domain of f g x . Solution a) f g x = _______________ b) Domain: ________________ or Domain: ________________ 1 4 x − x x x 4,  1 mark  , , 4 4"
2026,jan,January 2026,12,T6,/home/max/testgen-suite/ocr-frq/mb-exams/source-pdfs/marking-guides/pc_26_jan_mg.pdf,"[40, 41, 42]",3,1 mark,1.0,Question 12 T6 Prove the identity for all permissible values of x. Solution Method 1 1 mark for correct substitution of appropriate identities 1 mark for algebraic strategies 1 mark for logical process to prove the identity tan cot tan 2 2 x x x Left-Hand Side Right-Hand Side tan2x 2 2 2 2 2 2 2 cos
2026,jan,January 2026,13,R1,/home/max/testgen-suite/ocr-frq/mb-exams/source-pdfs/marking-guides/pc_26_jan_mg.pdf,[46],1,1 mark,1.0,"Question 13 R1 Given f x x  2 2 and g x x 2 1, a) determine the equation h x g x f x . b) state the range of h x . Solution a) b) Range: _______________ or Range: _______________ h x g x f x h x x x h x x x h x x   2 2 2 2 2 1 2 1 2 2 3 1 mark for subtraction of g x f x 1 mark for range consisten"
2026,jan,January 2026,14,"R5, R6",/home/max/testgen-suite/ocr-frq/mb-exams/source-pdfs/marking-guides/pc_26_jan_mg.pdf,[50],1,1 mark,1.0,"Question 14 R5, R6 Given the graph of f x , a) sketch the graph after a reflection over the line y = x. b) state a restriction on the domain of f x in order for its inverse to be a function. Solution a) b) x x x x x x    2 2 , or ,   Note: Other answers are possible for b). f x y x 1 1 1 mark 1"
2026,jan,January 2026,15,"R4, R5",/home/max/testgen-suite/ocr-frq/mb-exams/source-pdfs/marking-guides/pc_26_jan_mg.pdf,[54],1,1 mark,1.0,"Question 15 R4, R5 Describe a transformation of a function that would not affect its domain. Solution vertical stretch by a factor of a or vertical reflection or vertical translation k units up/down 1 mark"
2026,jan,January 2026,16,R1,/home/max/testgen-suite/ocr-frq/mb-exams/source-pdfs/marking-guides/pc_26_jan_mg.pdf,[56],1,1 mark,1.0,"Question 16 R1 Given the graph of f x , sketch the graph of the function y f x . Solution 1 mark y x 1 1 f x"
2026,jan,January 2026,17,R11,/home/max/testgen-suite/ocr-frq/mb-exams/source-pdfs/marking-guides/pc_26_jan_mg.pdf,[58],1,1 mark,1.0,"Question 17 R11 Determine, algebraically, all of the zeros of the polynomial function, p x x x x  3 20 12 3 2 . Solution p x x x x p p x     3 20 12 2 3 2 2 20 2 12 2 0 2 3 2 3 2 is a factor 2 3 1 20 12 6 14 12 3 7 6 0 − − − p x x x x x x x x x x   2 3 7 6 0 2 3 2 3 2 2 3 3 2 , , 1 mark for i"
2026,jan,January 2026,18,T2,/home/max/testgen-suite/ocr-frq/mb-exams/source-pdfs/marking-guides/pc_26_jan_mg.pdf,[63],1,,0.0,"Question 18 T2 Given θ = 240°, identify the coordinates of the point, P , on the unit circle. a. b. c. d. "
2026,jan,January 2026,19,R1,/home/max/testgen-suite/ocr-frq/mb-exams/source-pdfs/marking-guides/pc_26_jan_mg.pdf,[63],1,,0.0,"Question 19 R1 Given the functions, f x x  3 5 and g x x x  2 1, identify the value of g f 2 . a. −10 b. −5 c. −3 d. −1    3 2 1 2 ,    2 2 2 2 ,    1 2 3 2 , 1 2 3 2 ,   "
2026,jan,January 2026,20,R3,/home/max/testgen-suite/ocr-frq/mb-exams/source-pdfs/marking-guides/pc_26_jan_mg.pdf,[64],1,,0.0,"Question 20 R3 Given f x x 5, identify the equation of the transformed graph that has the same y-intercept. a. y f x 3 b. y f x 3 c. y f x 3 d. y f x 3 "
2026,jan,January 2026,21,R12,/home/max/testgen-suite/ocr-frq/mb-exams/source-pdfs/marking-guides/pc_26_jan_mg.pdf,[64],1,,0.0,"Question 21 R12 Given the graph of p x ax bx cx d 3 2 , identify the statement that is true. a. a d 0 0 , b. a d > > 0 0 , c. a d < < 0 0 , d. a d 0 0 , "
2026,jan,January 2026,22,T5,/home/max/testgen-suite/ocr-frq/mb-exams/source-pdfs/marking-guides/pc_26_jan_mg.pdf,[64],1,,0.0,"Question 22 T5 Identify the general solution of the equation, cscθ = −1. a. b. 3 2 2   k k ,  c. 3 2   k k ,  d. y x   2 k k ,    2k k , "
2026,jan,January 2026,23,R13,/home/max/testgen-suite/ocr-frq/mb-exams/source-pdfs/marking-guides/pc_26_jan_mg.pdf,[65],1,,0.0,"Question 23 R13 Identify the equation of a radical function with a domain of 6, and a range of ,3 . a. y x 6 3 b. y x 6 3 c. y x  3 6 d. y x 6 3 "
2026,jan,January 2026,24,P3,/home/max/testgen-suite/ocr-frq/mb-exams/source-pdfs/marking-guides/pc_26_jan_mg.pdf,[65],1,,0.0,"Question 24 P3 Identify the value of n in the equation, n n C C 3 7 = . a. 3 b. 4 c. 7 d. 10 "
2026,jan,January 2026,25,R11,/home/max/testgen-suite/ocr-frq/mb-exams/source-pdfs/marking-guides/pc_26_jan_mg.pdf,[65],1,,0.0,Question 25 R11 Identify the remainder when p x x 5 1 is divided by x 1 . a. −2 b. −1 c. 0 d. 4
2026,jan,January 2026,26,R13,/home/max/testgen-suite/ocr-frq/mb-exams/source-pdfs/marking-guides/pc_26_jan_mg.pdf,[66],1,D) 2 marks,2.0,Question 26 R13 Match each function with its corresponding graph. Solution Write the corresponding letter in this column. A) B) C) D) 2 marks y x y x y x y x  3 3 3 3 B D C A ½ mark for each correct answer y x y x y x y x  3 3 3 3 y x 1 1 y x 1 1 y x 1 1 y x 1 1
2026,jan,January 2026,27,T4,/home/max/testgen-suite/ocr-frq/mb-exams/source-pdfs/marking-guides/pc_26_jan_mg.pdf,[68],1,1 mark,1.0,"Question 27 T4 The amplitude, A, of the sinusoidal function can be determined using the equation A n 20 . State the values of m and n. Solution y x m,-10 3 ,n   0 20 , m n 2 3 5 1 mark for value of m 1 mark for value of n 2 marks"
2026,jan,January 2026,28,P2,/home/max/testgen-suite/ocr-frq/mb-exams/source-pdfs/marking-guides/pc_26_jan_mg.pdf,[70],1,3 marks,3.0,"Question 28 P2 Solve, algebraically. Solution n P 1 2 20 3 marks ½ mark for substitution 1 mark for factorial expansion ½ mark for simplification of factorials ½ mark for the permissible value of n ½ mark for showing the rejection of the extraneous root n n n n n n n n n 1 1 2 20 1 3 20 1 2 3 3 20 !"
2026,jan,January 2026,29,T6,/home/max/testgen-suite/ocr-frq/mb-exams/source-pdfs/marking-guides/pc_26_jan_mg.pdf,[74],1,3 marks,3.0,Question 29 T6 Determine the exact value of sin 23 12  . Solution Note: Other combinations are possible. sin sin sin sin 23 12 21 12 2 12 7 4 6 7 4                         cos cos sin 6 7 4 6 2 2 3 2             2 2 1 2 6 2 4 3 marks 1 mark for subst
2026,jan,January 2026,30,R10,/home/max/testgen-suite/ocr-frq/mb-exams/source-pdfs/marking-guides/pc_26_jan_mg.pdf,[78],1,1 mark,1.0,"Question 30 R10 Cameron was asked to solve the equation, log3 4 2 x . Cameron's solution: Describe Cameron's error. Solution Cameron mixed up the exponent and the base when changing to exponential form. 1 mark"
2026,jan,January 2026,31,T6,/home/max/testgen-suite/ocr-frq/mb-exams/source-pdfs/marking-guides/pc_26_jan_mg.pdf,[80],1,1 mark,1.0,"Question 31 T6 Given the identity sin tan sin sec 2 , state the non-permissible value of over the interval ,2 . Solution cos 0 3 2 1 mark"
2026,jan,January 2026,32,T4,/home/max/testgen-suite/ocr-frq/mb-exams/source-pdfs/marking-guides/pc_26_jan_mg.pdf,[82],1,1 mark,1.0,"Question 32 T4 Sketch the graph of y x     5 2 2 cos  over the domain 0 5 , . Solution 1 mark for shape of a sinusoidal function with correct amplitude 1 mark for vertical reflection 1 mark for vertical translation 1 mark for period 4 marks y x -3 1 2 7"
2026,jan,January 2026,33,R12,/home/max/testgen-suite/ocr-frq/mb-exams/source-pdfs/marking-guides/pc_26_jan_mg.pdf,[86],1,1 mark,1.0,"Question 33 R12 Describe the behaviour of the graph of the polynomial function, p x x x 3 1 2 , as it approaches the x-intercept at x = 3. Solution As it approaches x = 3, the graph touches but does not cross the x-axis. 1 mark"
2026,jan,January 2026,34,T1,/home/max/testgen-suite/ocr-frq/mb-exams/source-pdfs/marking-guides/pc_26_jan_mg.pdf,[88],1,1 mark,1.0,Question 34 T1 Sketch the angle of 4 radians in standard position. Solution ½ mark for an appropriate angle in quadrant III ½ mark for the correct direction of an angle in standard position 1 mark y x
2026,jan,January 2026,35,R10,/home/max/testgen-suite/ocr-frq/mb-exams/source-pdfs/marking-guides/pc_26_jan_mg.pdf,[90],1,4 marks,4.0,"Question 35 R10 Solve, algebraically. Solution Method 1 Method 2 log log log 5 5 5 12 2 48 x 4 marks log log log log log log log log 5 5 5 5 5 2 5 5 2 5 12 2 48 12 48 12 48 12 x x x x2 2 48 4 x x x 2 2 1 mark for power law 1 mark for equating arguments ½ mark for permissible value of x ½ mark for sh"
2026,jan,January 2026,36,R9,/home/max/testgen-suite/ocr-frq/mb-exams/source-pdfs/marking-guides/pc_26_jan_mg.pdf,[94],1,2 marks,2.0,Question 36 R9 State the equation of the exponential function represented by the graph of f x . Solution 2 marks 1 mark for exponential function with a base of 2 1 mark for vertical translation f x x 2 3 f x y x 1 1
2026,jan,January 2026,37,T3,/home/max/testgen-suite/ocr-frq/mb-exams/source-pdfs/marking-guides/pc_26_jan_mg.pdf,[96],1,3 marks,3.0,Question 37 T3 Evaluate. Solution cos csc cot 11 3 3 11 6         3 marks 1 2 2 3 3 1 1 2 2 5 2         1mark for ½ mark for value;½mark for quadrant cos 11 3       1mark for ½ mark for value;½mark for quadrant csc 3     1mark for ½ mark for value;½mark for quadra
2026,jan,January 2026,38,P1,/home/max/testgen-suite/ocr-frq/mb-exams/source-pdfs/marking-guides/pc_26_jan_mg.pdf,[100],1,1 mark,1.0,"Question 38 P1 Min Li has a 3-digit code for his lock. Determine the number of possible codes for his lock, if repetition is allowed. Solution 1 mark 10 10 10 1000"
2026,jan,January 2026,39,R10,/home/max/testgen-suite/ocr-frq/mb-exams/source-pdfs/marking-guides/pc_26_jan_mg.pdf,[102],1,2 marks,2.0,"Question 39 R10 Solve, algebraically. Solution 1 6 6 3 2 2    x x 2 marks 1 mark for changing to a common base 6 6 6 6 3 2 2 5 2 2 5 1 3 2 2 3 2 2      x x x x x x x x 1 mark for equating exponents"
2026,jan,January 2026,40,R14,/home/max/testgen-suite/ocr-frq/mb-exams/source-pdfs/marking-guides/pc_26_jan_mg.pdf,[106],1,1 mark,1.0,"Question 40 R14 Sketch the graph of f x x x  5 1 3 and state the y-intercept. Solution y-intercept: y x 1 1   1 5 4 , 0 5 3 ,   1 mark for vertical asymptotic behaviour (½ mark for behaviour approaching x = −3; ½ mark for behaviour approaching x = 1) 1 mark for horizontal asymptotic behaviour"
2026,jan,January 2026,41,"R7, R10",/home/max/testgen-suite/ocr-frq/mb-exams/source-pdfs/marking-guides/pc_26_jan_mg.pdf,[110],1,2 marks,2.0,"Question 41 R7, R10 Given log2 5 x = , determine the value of log4 2x . Solution x x 2 32 2 32 64 3 5 4 4 log log 2 marks 1 mark for solving for x 1 mark for evaluating the logarithm"
2026,jan,January 2026,42,T6,/home/max/testgen-suite/ocr-frq/mb-exams/source-pdfs/marking-guides/pc_26_jan_mg.pdf,[112],1,1 mark,1.0,"Question 42 T6 Henry was asked to prove the identity, csc cos cot sin 2 2 2 2 2 1 2 , for all permissible values of . His work: Explain why his proof is insufficient. Solution Henry proved the identity for 4 , but not for all permissible values of . 1 mark"
2026,jan,January 2026,43,R13,/home/max/testgen-suite/ocr-frq/mb-exams/source-pdfs/marking-guides/pc_26_jan_mg.pdf,[114],1,4 marks,4.0,Question 43 R13 Sketch the graph of y x 2 1 . Solution 4 marks 1 mark for shape of a radical function 1 mark for vertical reflection 1 mark for horizontal translation 1 mark for vertical translation y x 1 1
2026,jan,January 2026,44,"R7, R8",/home/max/testgen-suite/ocr-frq/mb-exams/source-pdfs/marking-guides/pc_26_jan_mg.pdf,[118],1,2 marks,2.0,"Question 44 R7, R8 Evaluate. Solution log log 3 3 54 6 − 2 marks log log 3 3 54 6 9 2  1 mark for evaluating the logarithm 1 mark for quotient law"
2026,jan,January 2026,45,R12,/home/max/testgen-suite/ocr-frq/mb-exams/source-pdfs/marking-guides/pc_26_jan_mg.pdf,[120],1,2 marks,2.0,"Question 45 R12 Determine, algebraically, the equation of the graph of the polynomial function, p x . Solution y x 4 1 6 -3 2 marks ½ mark for factors of p x ½ mark for multiplicity of 3 at x = 1 p x a x x x p a a   1 3 4 0 0 1 0 3 0 4 6 1 3 4 3 3 3  6 12 1 2 1 2 1 3 4 3 a a p x x x x 1 mark for "
2026,jun,June 2026,1,T1,/home/max/testgen-suite/ocr-frq/mb-exams/source-pdfs/marking-guides/pc_26_jun_mg.pdf,[10],1,1 mark,1.0,"Question 1 T1 Jack rolled a water bottle from one edge of his desk to the other. The desk measures 60 cm from edge to edge. The water bottle has a diameter of 7 cm. Determine the angle that the water bottle rotated, in degrees. Solution s r s r           60 3 5 17 142857 17 142857 180 . "
2026,jun,June 2026,2,P3,/home/max/testgen-suite/ocr-frq/mb-exams/source-pdfs/marking-guides/pc_26_jun_mg.pdf,[12],1,2 marks,2.0,"Question 2 P3 There are 15 dogs and 12 cats in an animal shelter. Determine the number of ways that three dogs and two cats can be selected if Scout, one of the dogs, must be selected. Solution Note: 1 1 C does not need to be shown. 1 1 14 2 12 2 6006 C C C • • 2 marks 1 mark for 14 2 C ½ mark for p"
2026,jun,June 2026,3,R10,/home/max/testgen-suite/ocr-frq/mb-exams/source-pdfs/marking-guides/pc_26_jun_mg.pdf,[14],1,1 mark,1.0,"Question 3 R10 Emily wants to save money to buy a car. She invests $180 per month at an annual interest rate of 4.5%, compounded monthly. Determine, algebraically, the number of monthly investments she will need to make to obtain at least $15 000. Express the final answer as a whole number. Use the "
2026,jun,June 2026,4,P4,/home/max/testgen-suite/ocr-frq/mb-exams/source-pdfs/marking-guides/pc_26_jun_mg.pdf,[18],1,3 marks,3.0,"Question 4 P4 Determine and simplify the 4th term in the binomial expansion of 3 2 2 6 x x   . Solution 3 marks 1 mark for simplification (½ mark for coefficient, ½ mark for exponent) 2 marks (1 mark for C 6 3; ½ mark for each consistent factor) t C x x x x x 4 6 3 3 2 3 3 6 3 3 2 20 27 8 4320  "
2026,jun,June 2026,5,T5,/home/max/testgen-suite/ocr-frq/mb-exams/source-pdfs/marking-guides/pc_26_jun_mg.pdf,[20],1,1 mark,1.0,"Question 5 T5 Solve, algebraically, over the interval 0 2, . Solution 4 3 1 0 2 cos cos x x 1 mark for solving for cosx (½ mark for each branch) 2 marks for solving for x (½ mark for each value) 4 3 1 0 4 1 1 0 1 4 2 cos cos cos cos cos x x x x x   cos . ... . , . x x x r 1 1 318 116 1 823 4 460 x"
2026,jun,June 2026,6,R14,/home/max/testgen-suite/ocr-frq/mb-exams/source-pdfs/marking-guides/pc_26_jun_mg.pdf,[22],1,1 mark,1.0,"Question 6 R14 State an equation for a rational function, g x , whose graph has a vertical asymptote at x = 7. Solution Note: Other equations are possible. 1 mark x 1 7 g x"
2026,jun,June 2026,7,R13,/home/max/testgen-suite/ocr-frq/mb-exams/source-pdfs/marking-guides/pc_26_jun_mg.pdf,[24],1,1 mark,1.0,"Question 7 R13 State an equation of a radical function, f x , with a domain of x ≤0 and a range of y ≥1. Solution Note: Other equations are possible. 1 mark for a radical function with a domain of x ≤0 1 mark for a radical function with a range of y ≥1 2 marks f x x 1"
2026,jun,June 2026,8,T6,/home/max/testgen-suite/ocr-frq/mb-exams/source-pdfs/marking-guides/pc_26_jun_mg.pdf,"[26, 27, 28]",3,1 mark,1.0,Question 8 T6 Prove the identity for all permissible values of x. Solution Method 1 cos sin sec sin sec csc x x x x x x 2 1 mark for correct substitution of appropriate identities 1 mark for algebraic strategies 1 mark for logical process to prove the identity 3 marks Left-Hand Side Right-Hand Side 
2026,jun,June 2026,9,"R1, R3, R5",/home/max/testgen-suite/ocr-frq/mb-exams/source-pdfs/marking-guides/pc_26_jun_mg.pdf,[32],1,1 mark,1.0,"Question 9 R1, R3, R5 Given the graph of, y f x , sketch the graph of y f x 2 . Solution 1 mark for horizontal reflection 1 mark for absolute value 1 mark for vertical stretch 3 marks f x 1 1 y x"
2026,jun,June 2026,10,R10,/home/max/testgen-suite/ocr-frq/mb-exams/source-pdfs/marking-guides/pc_26_jun_mg.pdf,[34],1,1 mark,1.0,"Question 10 R10 Solve, algebraically. Solution log log x x  1 2 1 log x x x x x     1 2 1 1 2 101 2    x x x x x 2 10 12 0 4 3 0 2 x x   4 3 1 mark for product law 1 mark for exponential form ½ mark for the permissible value of x ½ mark for showing the rejection of the extraneous root 3 "
2026,jun,June 2026,11,P4,/home/max/testgen-suite/ocr-frq/mb-exams/source-pdfs/marking-guides/pc_26_jun_mg.pdf,[38],1,1 mark,1.0,"Question 11 P4 Justify that there are only two negative terms in the expansion of 2 5 4 x y . Solution The term is negative only when 2 x has an odd exponent, which occurs twice. t t t t 1 4 0 4 0 2 4 1 3 1 3 4 2 2 2 2 5 2 5 2 5      C x y C x y C x y 4 4 3 1 3 5 4 4 0 4 2 5 2 5    C x y C x"
2026,jun,June 2026,12,T5,/home/max/testgen-suite/ocr-frq/mb-exams/source-pdfs/marking-guides/pc_26_jun_mg.pdf,[40],1,1 mark,1.0,"Question 12 T5 The graph of y x 5 2 3 sin below can be used to solve the equation 0 5 2 3 sin x . State how many solutions there are to the equation 0 5 2 3 sin x over the interval 0 2, . Solution There are four solutions. 1 mark 1 y x π 2"
2026,jun,June 2026,13,R1,/home/max/testgen-suite/ocr-frq/mb-exams/source-pdfs/marking-guides/pc_26_jun_mg.pdf,[42],1,a) 1 mark,1.0,"Question 13 R1 Given the functions, f x x 2 1 and g x x 1, a) state the equation of h x f x g x . b) sketch the graph of h x . Solution a) b) Note: Deduct a maximum of 1 mark for the concept error of not restricting domain. Deduct ½ mark for procedural error (not stating domain of simplified functio"
2026,jun,June 2026,14,"R2, R3",/home/max/testgen-suite/ocr-frq/mb-exams/source-pdfs/marking-guides/pc_26_jun_mg.pdf,[46],1,2 marks,2.0,"Question 14 R2, R3 State an equation for g x , in terms of f x . Solution g x f x 1 2 3 2 marks 1 mark for vertical compression 1 mark for vertical translation y x f x g x 1 1"
2026,jun,June 2026,15,R12,/home/max/testgen-suite/ocr-frq/mb-exams/source-pdfs/marking-guides/pc_26_jun_mg.pdf,[48],1,3 marks,3.0,"Question 15 R12 Sketch the graph of a polynomial function, p x , with the following characteristics: • degree 5 • leading coefficient of –1 • a zero at –3, with a multiplicity of 3 • a zero at 1, with a multiplicity of 2 Solution 3 marks 1 mark for x-intercept at –3 with a multiplicity of 3 1 mark f"
2026,jun,June 2026,16,T6,/home/max/testgen-suite/ocr-frq/mb-exams/source-pdfs/marking-guides/pc_26_jun_mg.pdf,[54],1,,0.0,Question 16 T6 Identify the expression that is equivalent to tan csc 2 1 . a. b. tanθ c. secθ d. sinθ 
2026,jun,June 2026,17,P2,/home/max/testgen-suite/ocr-frq/mb-exams/source-pdfs/marking-guides/pc_26_jun_mg.pdf,[54],1,,0.0,Question 17 P2 Identify the expression that represents the number of ways five books can be arranged on a shelf if two of them must be together. a. 5 2 ! ! b. 5! 2! − c. 4 2 ! ! d. 3 2 ! ! 
2026,jun,June 2026,18,R10,/home/max/testgen-suite/ocr-frq/mb-exams/source-pdfs/marking-guides/pc_26_jun_mg.pdf,[54],1,,0.0,"Question 18 R10 Identify the value of x in the equation, log8 1 3 x . a. −2 b. −1 2 c. d. 2 cotθ 1 2"
2026,jun,June 2026,19,R1,/home/max/testgen-suite/ocr-frq/mb-exams/source-pdfs/marking-guides/pc_26_jun_mg.pdf,[55],1,,0.0,"Question 19 R1 Given the functions, f x x 1 and g x x 1, identify the domain of f g x . a. , b.  , , 1 1 c. 1, d. 1, "
2026,jun,June 2026,20,R14,/home/max/testgen-suite/ocr-frq/mb-exams/source-pdfs/marking-guides/pc_26_jun_mg.pdf,[55],1,,0.0,"Question 20 R14 Given f x x x x  3 2 5 2 2 , identify the equation of the horizontal asymptote. a. y 2 b. y = 0 c. y = 3 5 d. y = 2 "
2026,jun,June 2026,21,T4,/home/max/testgen-suite/ocr-frq/mb-exams/source-pdfs/marking-guides/pc_26_jun_mg.pdf,[55],1,,0.0,"Question 21 T4 Identify the range of the sinusoidal function, f x x 2 3 sin . a. y y  b. y y y 2 4 ,  c. y y y  2 2,  d. y y y 1 5 , "
2026,jun,June 2026,22,R11,/home/max/testgen-suite/ocr-frq/mb-exams/source-pdfs/marking-guides/pc_26_jun_mg.pdf,[56],1,,0.0,"Question 22 R11 Given that x 3 is a factor of the polynomial P x , identify which of the following is true. a. P 3 0 b. P 0 3 c. P 0 3 d. P 3 0 "
2026,jun,June 2026,23,T1,/home/max/testgen-suite/ocr-frq/mb-exams/source-pdfs/marking-guides/pc_26_jun_mg.pdf,[56],1,,0.0,Question 23 T1 Identify the value that best represents the angle in standard position. a. −4.4 radians b. −2 radians c. 1.3 radians d. 1.9 radians 
2026,jun,June 2026,24,R8,/home/max/testgen-suite/ocr-frq/mb-exams/source-pdfs/marking-guides/pc_26_jun_mg.pdf,[56],1,,0.0,Question 24 R8 Identify the expression that is equivalent to log log a a x x 2 3 . a. loga x 3 2 b. loga x x 3 2 c. loga x x      2 3 d. log log log a a a x x + + 2 3 y x
2026,jun,June 2026,25,T3,/home/max/testgen-suite/ocr-frq/mb-exams/source-pdfs/marking-guides/pc_26_jun_mg.pdf,[58],1,1 mark,1.0,"Question 25 T3 Evaluate. Solution tan csc cos 3 3 4 4 3 13 6                   1 2 3 3 2 1 1 0 3 1 mark for tan 3 4   (½ mark for value, ½ mark for quadrant) 1 mark for csc 4 3    (½ mark for value, ½ mark for quadrant) 1 mark for cos 13 6   (½ mark for value, ½ ma"
2026,jun,June 2026,26,R8,/home/max/testgen-suite/ocr-frq/mb-exams/source-pdfs/marking-guides/pc_26_jun_mg.pdf,[62],1,1 mark,1.0,"Question 26 R8 If a =log4 and b =log3, express log36 in terms of a and b. Solution log log log log log 36 4 3 2 3 2 2 4 a b 1 mark for power law 1 mark for product law 2 marks"
2026,jun,June 2026,27,T6,/home/max/testgen-suite/ocr-frq/mb-exams/source-pdfs/marking-guides/pc_26_jun_mg.pdf,"[64, 65]",2,1 mark,1.0,Question 27 T6 Justify that tan2x has a non-permissible value at x 4. Solution Method 1 Method 2 1 mark for substitution 1 mark for correct substitution of appropriate identity 1 mark for justification 1 mark for justification 2 marks tan tan tan tan tan tan 2 2 1 1 0 1 2 2 2 x x x x x x 1 4  x  t
2026,jun,June 2026,28,T3,/home/max/testgen-suite/ocr-frq/mb-exams/source-pdfs/marking-guides/pc_26_jun_mg.pdf,"[68, 69]",2,1 mark,1.0,"Question 28 T3 Determine the exact value of tanθ, if sec 6 5 and θ terminates in quadrant IV. Solution Method 1 Note: Accept any of the following values for y: y y y 11 11 11 , , . r 5 6 y cos  5 6 5 6 36 25 11 2 2 2 2 2 y y y y 11 11 5 tan 1 mark for value of y 1 mark for tanθ (½ mark for quadrant"
2026,jun,June 2026,29,R14,/home/max/testgen-suite/ocr-frq/mb-exams/source-pdfs/marking-guides/pc_26_jun_mg.pdf,[72],1,1 mark,1.0,"Question 29 R14 Given the function, g x x 4 1 2 , a) sketch the graph of g x . b) state the range of the graph of g x . Solution a) b) Range: y y y 0 4  ,  or Range: 0 4 , 1 mark for asymptotic behaviour approaching y = 0 1 mark for shape (½ mark for graph left of x = 0; ½ mark for graph right of "
2026,jun,June 2026,30,R6,/home/max/testgen-suite/ocr-frq/mb-exams/source-pdfs/marking-guides/pc_26_jun_mg.pdf,[76],1,1 mark,1.0,"Question 30 R6 Given y x 2 4, a) determine the equation of the inverse. b) state a restriction on the domain of y x 2 4, in order for its inverse to be a function. Solution a) b) Domain: x x x 0,  or Domain: 0, Note: Other solutions are possible for b). 1 mark for switching x and y 1 mark for solvi"
2026,jun,June 2026,31,T6,/home/max/testgen-suite/ocr-frq/mb-exams/source-pdfs/marking-guides/pc_26_jun_mg.pdf,[78],1,1 mark,1.0,"Question 31 T6 Given cos 1 3 and sin 2 3 where α and β terminate in the same quadrant, determine the exact value of sin . Solution Note: Accept any of the following values for x: x x x 5 5 5 , , . Accept any of the following values for y: y y y 8 8 8 , , . r 1 3 y r x 3 2 x y r y y y y 2 2 2 2 2 1 "
2026,jun,June 2026,32,R13,/home/max/testgen-suite/ocr-frq/mb-exams/source-pdfs/marking-guides/pc_26_jun_mg.pdf,[82],1,1 mark,1.0,Question 32 R13 Sketch the graph of y x 2 4 . Solution y x 1 1 1 mark for shape of a radical function 1 mark for vertical reflection 1 mark for horizontal compression 1 mark for vertical translation 4 marks
2026,jun,June 2026,33,R11,/home/max/testgen-suite/ocr-frq/mb-exams/source-pdfs/marking-guides/pc_26_jun_mg.pdf,[84],1,1 mark,1.0,"Question 33 R11 Express p x x x x x   4 3 2 6 4 8 in completely factored form, given that x 1 is a factor of p x . Solution x 2 is a factor 2 1 8 − − 2 4 8 1 0 2 0 4 − − 0 p x x x x p x x x x    1 2 4 1 2 2 2 2 ½ mark for synthetic division (or equivalent strategy) 1 mark for identifying a seco"
2026,jun,June 2026,34,T4,/home/max/testgen-suite/ocr-frq/mb-exams/source-pdfs/marking-guides/pc_26_jun_mg.pdf,[88],1,1 mark,1.0,Question 34 T4 Sketch at least one period of the graph of y x       sin 2 4  . Solution 1 mark for shape of a sinusoidal function with correct amplitude 1 mark for vertical reflection 1 mark for horizontal translation 1 mark for period 4 marks -1 1 4 4 2 x y 4 3 4 5 -
2026,jun,June 2026,35,R9,/home/max/testgen-suite/ocr-frq/mb-exams/source-pdfs/marking-guides/pc_26_jun_mg.pdf,[90],1,b) 1 mark,1.0,"Question 35 R9 Given g x x log2 3, a) determine the x-intercept of the graph. b) sketch the graph of g x . Solution a) b) 1 mark for shape of increasing logarithmic function with base 2 1 mark for vertical translation 1 mark x y 1 1 x 0 3 3 2 8 2 2 3 log log x x x 2 marks"
2026,jun,June 2026,36,T6,/home/max/testgen-suite/ocr-frq/mb-exams/source-pdfs/marking-guides/pc_26_jun_mg.pdf,[94],1,1 mark,1.0,"Question 36 T6 Modesola incorrectly evaluated the expression, cos sin 2 2 30 30   . Modesola’s answer: Describe their error. Solution Modesola incorrectly applied the double angle identity. They should have written cos2 30 instead of 2 30 cos  . 1 mark"
2026,jun,June 2026,37,R13,/home/max/testgen-suite/ocr-frq/mb-exams/source-pdfs/marking-guides/pc_26_jun_mg.pdf,[96],1,1 mark,1.0,"Question 37 R13 Given the graph of y f x , state the range of y f x . Solution y y y 0 1 0 1   , ,  or 1 mark x y 1 1 f x"
2026,jun,June 2026,38,T2,/home/max/testgen-suite/ocr-frq/mb-exams/source-pdfs/marking-guides/pc_26_jun_mg.pdf,[98],1,1 mark,1.0,Question 38 T2 Determine a value of x that satisfies sin cos 2 2 2 1 5 1 x x  . Solution 2 1 5 6 x x x 1 mark
2026,jun,June 2026,39,R10,/home/max/testgen-suite/ocr-frq/mb-exams/source-pdfs/marking-guides/pc_26_jun_mg.pdf,[100],1,2 marks,2.0,"Question 39 R10 Solve, algebraically. Solution 9 1 3 2 3 1 x x    2 marks 1 mark for changing to a common base 1 mark for equating exponents with a common base 3 3 3 3 4 6 1 2 2 3 1 1 4 6 1      x x x x x x 5 7 7 5 x x  "
2026,jun,June 2026,40,P2,/home/max/testgen-suite/ocr-frq/mb-exams/source-pdfs/marking-guides/pc_26_jun_mg.pdf,[104],1,1 mark,1.0,Question 40 P2 Determine the total number of arrangements of the letters in the word GUIDES if the vowels and consonants must alternate. Solution Method 1 6 3 2 2 1 1 72 Method 2 1 mark for beginning with any letter 1 mark for alternating consonants and vowels 2 marks 36 36 72 case v c v c v c 1 : 3
2026,jun,June 2026,41,P2,/home/max/testgen-suite/ocr-frq/mb-exams/source-pdfs/marking-guides/pc_26_jun_mg.pdf,[106],1,2 marks,2.0,"Question 41 P2 Solve, algebraically. Solution 5 5 3 6 80 ! ! ! ! n n 5 4 3 5 6 3 6 80  ! ! ! ! n n n 20 5 80 5 4 n n   n  9 2 marks 1 mark for factorial expansion (½ mark for each) ½ mark for simplification of factorials ½ mark for solving for n"
2026,jun,June 2026,42,R7,/home/max/testgen-suite/ocr-frq/mb-exams/source-pdfs/marking-guides/pc_26_jun_mg.pdf,[110],1,1 mark,1.0,Question 42 R7 Justify that 2.1 is a better estimate than 2.6 for the value of log529. Solution 29 is closer to 25 than 125 ∴ log529 is closer to 2 than 3 5 5 2 3 25 125 = = log log 5 5 25 2 125 3 = = 1 mark
2026,jun,June 2026,43,R11,/home/max/testgen-suite/ocr-frq/mb-exams/source-pdfs/marking-guides/pc_26_jun_mg.pdf,[112],1,1 mark,1.0,"Question 43 R11 When p x x kx 3 6 is divided by x 2 , the remainder is 4. Determine the value of k. Solution Method 1 Method 2 4 2 2 6 4 8 2 6 4 2 2 6 2 3 3    k k k k k 1 mark for remainder theorem ½ mark for x 2 ½ mark for solving for k 2 marks 1 mark for synthetic division (or equivalent strat"
2026,jun,June 2026,44,"R2, R3, R5",/home/max/testgen-suite/ocr-frq/mb-exams/source-pdfs/marking-guides/pc_26_jun_mg.pdf,[114],1,1 mark,1.0,"Question 44 R2, R3, R5 Describe the transformations used to obtain the graph of the function y f x  7 14 from the graph of y f x . Solution • reflection over the x-axis • horizontal stretch by a factor of • horizontal translation 2 units to the left Note: Deduct a maximum of 1 mark for concept erro"
