year,term,session,question,kind,booklet,sourcePdf,sourcePages,pageCount,points,marksText,calculatorPolicy,answer,learningOutcome,learningOutcomeSource,mgSourcePdf,mgSourcePages,diagnostics,preview
2013,jan,January 2013,1,frq,1,/home/max/testgen-suite/ocr-frq/mb-exams/source-pdfs/student-booklets/pc_13_jan_sb1.pdf,[11],1,3.0,3 marks,calculator-active,,T5,marking-guide-heading,/home/max/testgen-suite/ocr-frq/mb-exams/source-pdfs/marking-guides/pc_13_jan_mg.pdf,"[12, 13]",[],Question 1 3 marks 101 Gina correctly started to answer the following question. Complete her solution. Question: Solve the following equation for all real values of θ. Express your answer in radians correct to 3 decimal places. 2 3sin 14sin 5 0 θ θ − − = Gina’s solution: ( )( ) 2 3sin 14sin 5 0 3sin
2013,jan,January 2013,2,frq,1,/home/max/testgen-suite/ocr-frq/mb-exams/source-pdfs/student-booklets/pc_13_jan_sb1.pdf,[12],1,3.0,3 marks,calculator-active,,P4,marking-guide-heading,/home/max/testgen-suite/ocr-frq/mb-exams/source-pdfs/marking-guides/pc_13_jan_mg.pdf,[14],[],Question 2 3 marks 102 Find and simplify the 6th term in the binomial expansion of 9 4 3 1 3 . x x   −    
2013,jan,January 2013,3,frq,1,/home/max/testgen-suite/ocr-frq/mb-exams/source-pdfs/student-booklets/pc_13_jan_sb1.pdf,[13],1,3.0,3 marks,calculator-active,,R10,marking-guide-heading,/home/max/testgen-suite/ocr-frq/mb-exams/source-pdfs/marking-guides/pc_13_jan_mg.pdf,"[15, 16]",[],"Question 3 3 marks 103 The number of times a website is visited can be modeled by the function: ( ) ( ) 800 where the total number of visitors at time the time in days 0 the rate of growth rt A e A t t t r = = = ≥ = After 5 days, 40 000 people have visited the site. Determine the number of visitors "
2013,jan,January 2013,4,frq,1,/home/max/testgen-suite/ocr-frq/mb-exams/source-pdfs/student-booklets/pc_13_jan_sb1.pdf,[14],1,3.0,3 marks,calculator-active,,R10,marking-guide-heading,/home/max/testgen-suite/ocr-frq/mb-exams/source-pdfs/marking-guides/pc_13_jan_mg.pdf,[17],[],Question 4 3 marks 104 Solve algebraically: 3 5 10 7 x x + = Express your answer correct to 3 decimal places.
2013,jan,January 2013,5,frq,1,/home/max/testgen-suite/ocr-frq/mb-exams/source-pdfs/student-booklets/pc_13_jan_sb1.pdf,[15],1,2.0,2 marks,calculator-active,,P2,marking-guide-heading,/home/max/testgen-suite/ocr-frq/mb-exams/source-pdfs/marking-guides/pc_13_jan_mg.pdf,[18],[],"Question 5 2 marks 105 A word contains two Ms, two Es, two Ns, and no other repeated letters. Suppose one of the Ns is replaced by an M. Will this replacement result in greater or fewer permutations? Justify your reasoning."
2013,jan,January 2013,6,frq,1,/home/max/testgen-suite/ocr-frq/mb-exams/source-pdfs/student-booklets/pc_13_jan_sb1.pdf,[16],1,3.0,3 marks,calculator-active,,P3,marking-guide-heading,/home/max/testgen-suite/ocr-frq/mb-exams/source-pdfs/marking-guides/pc_13_jan_mg.pdf,[19],[],Question 6 3 marks 106 There is a group of 16 boys and 12 girls. How many ways can a committee of 3 people be formed if there must be at least 2 girls on the committee? Express your answer as a whole number. Note: A calculator is not required for the remaining test questions.
2013,jan,January 2013,7,frq,1,/home/max/testgen-suite/ocr-frq/mb-exams/source-pdfs/student-booklets/pc_13_jan_sb1.pdf,[17],1,2.0,2 marks,no-calculator,,T1,marking-guide-heading,/home/max/testgen-suite/ocr-frq/mb-exams/source-pdfs/marking-guides/pc_13_jan_mg.pdf,[20],[],"Question 7 2 marks 107 A student is using the formula s r θ = to find an arc length of a circle. Given a central angle measure of 35 and a radius of 6 cm, the student’s solution is as follows: ( )( ) 35 6 210 cm s s = = Explain why this solution is incorrect. Write the correct solution. "
2013,jan,January 2013,8,frq,1,/home/max/testgen-suite/ocr-frq/mb-exams/source-pdfs/student-booklets/pc_13_jan_sb1.pdf,[17],1,1.0,1 mark,no-calculator,,R1,marking-guide-heading,/home/max/testgen-suite/ocr-frq/mb-exams/source-pdfs/marking-guides/pc_13_jan_mg.pdf,[21],[],"Question 8 1 mark 108 Given the graph of ( ) f x below, explain how you would sketch the graph of ( ) . y f x = y x"
2013,jan,January 2013,9,frq,1,/home/max/testgen-suite/ocr-frq/mb-exams/source-pdfs/student-booklets/pc_13_jan_sb1.pdf,[18],1,1.0,1 mark,no-calculator,,R10,marking-guide-heading,/home/max/testgen-suite/ocr-frq/mb-exams/source-pdfs/marking-guides/pc_13_jan_mg.pdf,[22],[],Question 9 1 mark 109 Claire correctly solves the following equation: ( ) ( ) 2 2 log 6 log 3 2 x x − + − = She finds two possible values of x: 2 x = and 7. x = Identify which one of these values is unacceptable and explain why. 
2013,jan,January 2013,10,frq,1,/home/max/testgen-suite/ocr-frq/mb-exams/source-pdfs/student-booklets/pc_13_jan_sb1.pdf,[18],1,1.0,1 mark,no-calculator,,R13,marking-guide-heading,/home/max/testgen-suite/ocr-frq/mb-exams/source-pdfs/marking-guides/pc_13_jan_mg.pdf,[23],[],"Question 10 1 mark 110 Given the graph of the function ( ) f x below, state the domain of ( ). y f x = y x 1 1"
2013,jan,January 2013,11,frq,1,/home/max/testgen-suite/ocr-frq/mb-exams/source-pdfs/student-booklets/pc_13_jan_sb1.pdf,[19],1,1.0,1 mark,no-calculator,,P1,marking-guide-heading,/home/max/testgen-suite/ocr-frq/mb-exams/source-pdfs/marking-guides/pc_13_jan_mg.pdf,[24],[],"Question 11 1 mark 111 A school offers 4 different Science courses, 3 different Mathematics courses, and 2 different English courses. Julie must select 1 Science course, 1 Mathematics course, and 1 English course. She thinks this creates 9 options for her timetable. Show why Julie is incorrect. "
2013,jan,January 2013,12,frq,1,/home/max/testgen-suite/ocr-frq/mb-exams/source-pdfs/student-booklets/pc_13_jan_sb1.pdf,[19],1,1.0,1 mark,no-calculator,,P4,marking-guide-heading,/home/max/testgen-suite/ocr-frq/mb-exams/source-pdfs/marking-guides/pc_13_jan_mg.pdf,[25],[],Question 12 1 mark 112 Explain how Pascal’s triangle can be used to determine the coefficients in the binomial expansion of ( ) . n x y +
2013,jan,January 2013,13,frq,1,/home/max/testgen-suite/ocr-frq/mb-exams/source-pdfs/student-booklets/pc_13_jan_sb1.pdf,[20],1,3.0,3 marks,no-calculator,,T6,marking-guide-heading,/home/max/testgen-suite/ocr-frq/mb-exams/source-pdfs/marking-guides/pc_13_jan_mg.pdf,"[26, 27]",[],Question 13 3 marks 113 Prove the identity below for all permissible values of x: 1 cos 2 cot sin 2 x x x + = Left-Hand Side Right-Hand Side
2013,jan,January 2013,14,frq,1,/home/max/testgen-suite/ocr-frq/mb-exams/source-pdfs/student-booklets/pc_13_jan_sb1.pdf,[21],1,2.0,2 marks,no-calculator,,T3,marking-guide-heading,/home/max/testgen-suite/ocr-frq/mb-exams/source-pdfs/marking-guides/pc_13_jan_mg.pdf,[28],[],"Question 14 2 marks 114 Your classmate, Leo, was absent for one of his math lessons. Explain to Leo how to determine the cosecant ratio for an angle in standard position given that ( ) P 3, 4 − − is a point on the terminal arm of the angle."
2013,jan,January 2013,15,frq,1,/home/max/testgen-suite/ocr-frq/mb-exams/source-pdfs/student-booklets/pc_13_jan_sb1.pdf,[22],1,2.0,2 marks,no-calculator,,R1,marking-guide-heading,/home/max/testgen-suite/ocr-frq/mb-exams/source-pdfs/marking-guides/pc_13_jan_mg.pdf,[29],[],Question 15 2 marks 115 Given the following graphs: Sketch the graph of ( ) ( ). f x g x + 1 1 ( ) g x ( ) f x 1 1 1 y y x x y x 1
2013,jan,January 2013,16,mcq,2,/home/max/testgen-suite/ocr-frq/mb-exams/source-pdfs/student-booklets/pc_13_jan_sb2.pdf,[5],1,1.0,1 mark,no-calculator,D,R3,answer-key,/home/max/testgen-suite/ocr-frq/mb-exams/source-pdfs/marking-guides/pc_13_jan_mg.pdf,[33],[],"Question 16 1 mark If ( ) 2, 3 is a point on the graph of ( ) y f x = , what point must be on the graph of 1 3 ? 4 y f x   =     a) 1 , 1 2       b) 1 , 9 2       c) ( ) 8, 1 d) ( ) 8, 9 "
2013,jan,January 2013,17,mcq,2,/home/max/testgen-suite/ocr-frq/mb-exams/source-pdfs/student-booklets/pc_13_jan_sb2.pdf,[5],1,1.0,1 mark,no-calculator,D,T1,answer-key,/home/max/testgen-suite/ocr-frq/mb-exams/source-pdfs/marking-guides/pc_13_jan_mg.pdf,[33],[],Question 17 1 mark Consider the arc drawn on each circle. Which arc measure is closest to 3 radians? a) b) c) d) 
2013,jan,January 2013,18,mcq,2,/home/max/testgen-suite/ocr-frq/mb-exams/source-pdfs/student-booklets/pc_13_jan_sb2.pdf,[5],1,1.0,1 mark,no-calculator,A,R7,answer-key,/home/max/testgen-suite/ocr-frq/mb-exams/source-pdfs/marking-guides/pc_13_jan_mg.pdf,[33],[],"Question 18 1 mark If 2 log 4 x = , then ( ) 2 log 2x is equal to: a) 5 b) 8 c) 16 d) 32"
2013,jan,January 2013,19,mcq,2,/home/max/testgen-suite/ocr-frq/mb-exams/source-pdfs/student-booklets/pc_13_jan_sb2.pdf,[6],1,1.0,1 mark,no-calculator,C,T6,answer-key,/home/max/testgen-suite/ocr-frq/mb-exams/source-pdfs/marking-guides/pc_13_jan_mg.pdf,[34],[],Question 19 1 mark Simplify the following expression: ( ) 2 2 cos 1 cot x x + a) 2 sin x b) 2 cos x c) 2 cot x d) 2 sec x 
2013,jan,January 2013,20,mcq,2,/home/max/testgen-suite/ocr-frq/mb-exams/source-pdfs/student-booklets/pc_13_jan_sb2.pdf,[6],1,1.0,1 mark,no-calculator,C,R14,answer-key,/home/max/testgen-suite/ocr-frq/mb-exams/source-pdfs/marking-guides/pc_13_jan_mg.pdf,[34],[],Question 20 1 mark Identify the graph of the function . x y x = a) b) c) d) 2 2 y x 2 2 y x y x 2 2 2 2 y x
2013,jan,January 2013,21,mcq,2,/home/max/testgen-suite/ocr-frq/mb-exams/source-pdfs/student-booklets/pc_13_jan_sb2.pdf,[7],1,1.0,1 mark,no-calculator,D,P4,answer-key,/home/max/testgen-suite/ocr-frq/mb-exams/source-pdfs/marking-guides/pc_13_jan_mg.pdf,[35],[],Question 21 1 mark How many terms are in the expansion of ( ) 7 2 3 4 ? y z − a) 2 b) 6 c) 7 d) 8 
2013,jan,January 2013,22,mcq,2,/home/max/testgen-suite/ocr-frq/mb-exams/source-pdfs/student-booklets/pc_13_jan_sb2.pdf,[7],1,1.0,1 mark,no-calculator,A,R6,answer-key,/home/max/testgen-suite/ocr-frq/mb-exams/source-pdfs/marking-guides/pc_13_jan_mg.pdf,[35],[],Question 22 1 mark Determine one possible restriction for the domain of ( )2 3 4 y x = + − so that its inverse is a function. a) 3 x ≤− b) 0 x ≤ c) 3 x ≤ d) 4 x ≤ 
2013,jan,January 2013,23,mcq,2,/home/max/testgen-suite/ocr-frq/mb-exams/source-pdfs/student-booklets/pc_13_jan_sb2.pdf,[7],1,1.0,1 mark,no-calculator,B,P2,answer-key,/home/max/testgen-suite/ocr-frq/mb-exams/source-pdfs/marking-guides/pc_13_jan_mg.pdf,[35],[],Question 23 1 mark Find the total possible number of arrangements for 7 adults and 3 children seated in a row if the 3 children must sit together. a) 10! b) 8!3! c) 7!3! d) 7! 
2013,jan,January 2013,24,mcq,2,/home/max/testgen-suite/ocr-frq/mb-exams/source-pdfs/student-booklets/pc_13_jan_sb2.pdf,[7],1,1.0,1 mark,no-calculator,D,R9,answer-key,/home/max/testgen-suite/ocr-frq/mb-exams/source-pdfs/marking-guides/pc_13_jan_mg.pdf,[35],[],Question 24 1 mark Identify the value of the x-intercept of the function ( ) ln 2 . y x = − a) 1 − b) 0 c) 2 d) 3
2013,jan,January 2013,25,frq,2,/home/max/testgen-suite/ocr-frq/mb-exams/source-pdfs/student-booklets/pc_13_jan_sb2.pdf,[8],1,1.0,1 mark,no-calculator,,R7,marking-guide-heading,/home/max/testgen-suite/ocr-frq/mb-exams/source-pdfs/marking-guides/pc_13_jan_mg.pdf,[36],[],"Question 25 1 mark 116 Given log 3 b a = , give one example of possible values for a and b that make this equation true. "
2013,jan,January 2013,26,frq,2,/home/max/testgen-suite/ocr-frq/mb-exams/source-pdfs/student-booklets/pc_13_jan_sb2.pdf,[8],1,1.0,1 mark,no-calculator,,R5,marking-guide-heading,/home/max/testgen-suite/ocr-frq/mb-exams/source-pdfs/marking-guides/pc_13_jan_mg.pdf,[36],[],"Question 26 1 mark 117 The range of the graph of ( ) [ ] is 3, 2 . y f x = − Explain why there is no effect on the range of the graph that is a result of the transformation ( ). y f x = −"
2013,jan,January 2013,27,frq,2,/home/max/testgen-suite/ocr-frq/mb-exams/source-pdfs/student-booklets/pc_13_jan_sb2.pdf,[9],1,3.0,3 marks,no-calculator,,R12,marking-guide-heading,/home/max/testgen-suite/ocr-frq/mb-exams/source-pdfs/marking-guides/pc_13_jan_mg.pdf,[37],[],Question 27 3 marks 118 Sketch the graph of ( )( ) ( ) 2 1 2 5 . y x x x = + − + Identify the x-intercepts and y-intercept. x-intercepts: y-intercept: y x
2013,jan,January 2013,28,frq,2,/home/max/testgen-suite/ocr-frq/mb-exams/source-pdfs/student-booklets/pc_13_jan_sb2.pdf,[10],1,2.0,2 marks,no-calculator,,T4,marking-guide-heading,/home/max/testgen-suite/ocr-frq/mb-exams/source-pdfs/marking-guides/pc_13_jan_mg.pdf,[38],[],"Question 28 2 marks 119 The graph of the function sin y x = has been transformed to create a new graph. The range of this new graph is [ ] 4, 4 − and the zeros are 2 x k π = , where k is an integer. Write the equation that corresponds to this new graph. "
2013,jan,January 2013,29,frq,2,/home/max/testgen-suite/ocr-frq/mb-exams/source-pdfs/student-booklets/pc_13_jan_sb2.pdf,[10],1,1.0,1 mark,no-calculator,,R1,marking-guide-heading,/home/max/testgen-suite/ocr-frq/mb-exams/source-pdfs/marking-guides/pc_13_jan_mg.pdf,[38],[],"Question 29 1 mark 120 Given the functions ( ) 2 1 f x x = − and ( ) 1 g x x = + , state the domain of ( ) ( ) . g x f x"
2013,jan,January 2013,30,frq,2,/home/max/testgen-suite/ocr-frq/mb-exams/source-pdfs/student-booklets/pc_13_jan_sb2.pdf,[11],1,3.0,a) 2 marks; b) 1 mark,no-calculator,,R9,marking-guide-heading,/home/max/testgen-suite/ocr-frq/mb-exams/source-pdfs/marking-guides/pc_13_jan_mg.pdf,[39],[],Question 30 a) 2 marks b) 1 mark 121 122 a) Sketch the graph of 3 .x y = b) Explain how the graph of 3x y = can be used to sketch the graph of 3 log . y x = 1 1 y x
2013,jan,January 2013,31,frq,2,/home/max/testgen-suite/ocr-frq/mb-exams/source-pdfs/student-booklets/pc_13_jan_sb2.pdf,[12],1,5.0,5 marks,no-calculator,,"R11, R12",marking-guide-heading,/home/max/testgen-suite/ocr-frq/mb-exams/source-pdfs/marking-guides/pc_13_jan_mg.pdf,[40],[],"Question 31 5 marks 123 A box in the shape of a rectangular prism has side lengths , 2, and 10. x x x + + Write a function, ( ) V x , to express the volume of the box in terms of x. Find all possible values of x, given that the volume of the box is 3 96 cm . State the dimensions of the box."
2013,jan,January 2013,32,frq,2,/home/max/testgen-suite/ocr-frq/mb-exams/source-pdfs/student-booklets/pc_13_jan_sb2.pdf,[13],1,1.0,1 mark,no-calculator,,R5,marking-guide-heading,/home/max/testgen-suite/ocr-frq/mb-exams/source-pdfs/marking-guides/pc_13_jan_mg.pdf,[41],[],"Question 32 1 mark 124 Given the graph of ( ) f x below, sketch the graph of ( ). y f x = − "
2013,jan,January 2013,33,frq,2,/home/max/testgen-suite/ocr-frq/mb-exams/source-pdfs/student-booklets/pc_13_jan_sb2.pdf,[13],1,1.0,1 mark,no-calculator,,T2,marking-guide-heading,/home/max/testgen-suite/ocr-frq/mb-exams/source-pdfs/marking-guides/pc_13_jan_mg.pdf,[41],[],"Question 33 1 mark 125 Determine the coordinates of a point ( ) ,x y on the unit circle if you are given 30 θ =  where θ is in standard position. y 1 x 1 y 1 x 1 The graph of ( ) f x has already been drawn for your reference. No marks will be awarded for the graph of ( ) f x ."
2013,jan,January 2013,34,frq,2,/home/max/testgen-suite/ocr-frq/mb-exams/source-pdfs/student-booklets/pc_13_jan_sb2.pdf,[14],1,3.0,3 marks,no-calculator,,T4,marking-guide-heading,/home/max/testgen-suite/ocr-frq/mb-exams/source-pdfs/marking-guides/pc_13_jan_mg.pdf,"[42, 43]",[],Question 34 3 marks 126 Given the following sinusoidal equation: ( ) ( ) P 3000sin 2010 10 000 10 t t π   = − +     Determine the maximum value of ( ) P t and a value of t at which this maximum occurs. Maximum value of ( ) P : t Value of t :
2013,jan,January 2013,35,frq,2,/home/max/testgen-suite/ocr-frq/mb-exams/source-pdfs/student-booklets/pc_13_jan_sb2.pdf,[15],1,3.0,3 marks,no-calculator,,R13,marking-guide-heading,/home/max/testgen-suite/ocr-frq/mb-exams/source-pdfs/marking-guides/pc_13_jan_mg.pdf,"[44, 45]",[],Question 35 3 marks 127 Sketch the graph of 2 2. y x = − x 1 1 y
2013,jan,January 2013,36,frq,2,/home/max/testgen-suite/ocr-frq/mb-exams/source-pdfs/student-booklets/pc_13_jan_sb2.pdf,[16],1,2.0,2 marks,no-calculator,,R6,marking-guide-heading,/home/max/testgen-suite/ocr-frq/mb-exams/source-pdfs/marking-guides/pc_13_jan_mg.pdf,[46],[],"Question 36 2 marks 128 Given ( ) 2 6 f x x = − , write the equation of ( ) 1 . f x − "
2013,jan,January 2013,37,frq,2,/home/max/testgen-suite/ocr-frq/mb-exams/source-pdfs/student-booklets/pc_13_jan_sb2.pdf,[16],1,1.0,1 mark,no-calculator,,R8,marking-guide-heading,/home/max/testgen-suite/ocr-frq/mb-exams/source-pdfs/marking-guides/pc_13_jan_mg.pdf,[46],[],Question 37 1 mark 129 Frank tried to expand a logarithmic expression using the laws of logarithms. He made one error. Frank's solution: ( ) 2 log log log 2 log log a a a a a x x z w zw + = + − − Write the correct solution.
2013,jan,January 2013,38,frq,2,/home/max/testgen-suite/ocr-frq/mb-exams/source-pdfs/student-booklets/pc_13_jan_sb2.pdf,[17],1,3.0,3 marks,no-calculator,,T6,marking-guide-heading,/home/max/testgen-suite/ocr-frq/mb-exams/source-pdfs/marking-guides/pc_13_jan_mg.pdf,[47],[],"Question 38 3 marks 130 Determine all non-permissible values of θ over the interval [ ] 0, 2 . π sin csc cot 1 cos θ θ θ θ + + + Explain your reasoning."
2013,jan,January 2013,39,frq,2,/home/max/testgen-suite/ocr-frq/mb-exams/source-pdfs/student-booklets/pc_13_jan_sb2.pdf,[18],1,3.0,a) 1 mark; b) 1 mark; c) 1 mark,no-calculator,,R1,marking-guide-heading,/home/max/testgen-suite/ocr-frq/mb-exams/source-pdfs/marking-guides/pc_13_jan_mg.pdf,[48],[],Question 39 a) 1 mark b) 1 mark c) 1 mark 131 132 133 Given the following graphs: a) Determine the value of [ ]( ) 0 . f g  b) Determine the value of ( ) ( ) 4 . g f c) Determine a value for k where ( ) 1. f k = ( ) f x ( ) g x 1 x x 1 1 1 y y
2013,jan,January 2013,40,frq,2,/home/max/testgen-suite/ocr-frq/mb-exams/source-pdfs/student-booklets/pc_13_jan_sb2.pdf,[19],1,1.0,1 mark,no-calculator,,R1,marking-guide-heading,/home/max/testgen-suite/ocr-frq/mb-exams/source-pdfs/marking-guides/pc_13_jan_mg.pdf,[49],[],"Question 40 1 mark 134 Given that ( ) 2 2 5 3 h x x x = + − and that ( ) ( ) ( ) h x f x g x =  , determine ( ) f x and ( ). g x "
2013,jan,January 2013,41,frq,2,/home/max/testgen-suite/ocr-frq/mb-exams/source-pdfs/student-booklets/pc_13_jan_sb2.pdf,[19],1,1.0,1 mark,no-calculator,,T5,marking-guide-heading,/home/max/testgen-suite/ocr-frq/mb-exams/source-pdfs/marking-guides/pc_13_jan_mg.pdf,[49],[],"Question 41 1 mark 135 The graph of 2cos 1 y θ = + below can be used to solve the equation 1 cos 2 θ = − over the interval [ ] 2 , 2 . −π π Indicate on the graph where to find the solutions to the equation 1 cos . 2 θ = − 2cos 1 y θ = + 1 2 −π −π π 2π θ y  "
2013,jan,January 2013,42,frq,2,/home/max/testgen-suite/ocr-frq/mb-exams/source-pdfs/student-booklets/pc_13_jan_sb2.pdf,[20],1,1.0,1 mark,no-calculator,,R1,marking-guide-heading,/home/max/testgen-suite/ocr-frq/mb-exams/source-pdfs/marking-guides/pc_13_jan_mg.pdf,[50],[],"Question 42 1 mark 136 The function ( ) f x is transformed. A new function, 1 ( ) y f x = , is created that does not have any vertical asymptotes. What can you conclude about the original function ( )? f x "
2013,jan,January 2013,43,frq,2,/home/max/testgen-suite/ocr-frq/mb-exams/source-pdfs/student-booklets/pc_13_jan_sb2.pdf,[20],1,1.0,1 mark,no-calculator,,T1,marking-guide-heading,/home/max/testgen-suite/ocr-frq/mb-exams/source-pdfs/marking-guides/pc_13_jan_mg.pdf,[50],[],Question 43 1 mark 137 Draw the angle 7 8 π − in standard position. x y
2013,jan,January 2013,44,frq,2,/home/max/testgen-suite/ocr-frq/mb-exams/source-pdfs/student-booklets/pc_13_jan_sb2.pdf,[21],1,3.0,3 marks,no-calculator,,"T3, T6",marking-guide-heading,/home/max/testgen-suite/ocr-frq/mb-exams/source-pdfs/marking-guides/pc_13_jan_mg.pdf,"[51, 52]",[],Question 44 3 marks 138 Determine the exact value of: 11 4cos 12 π      
2013,jan,January 2013,45,frq,2,/home/max/testgen-suite/ocr-frq/mb-exams/source-pdfs/student-booklets/pc_13_jan_sb2.pdf,[22],1,3.0,3 marks,no-calculator,,R14,marking-guide-heading,/home/max/testgen-suite/ocr-frq/mb-exams/source-pdfs/marking-guides/pc_13_jan_mg.pdf,[53],[],Question 45 3 marks 139 Sketch the graph of ( ) 2 4 . 3 4 x f x x x − = − − y x 1 1
2013,jan,January 2013,46,frq,2,/home/max/testgen-suite/ocr-frq/mb-exams/source-pdfs/student-booklets/pc_13_jan_sb2.pdf,[23],1,1.0,1 mark,no-calculator,,R7,marking-guide-heading,/home/max/testgen-suite/ocr-frq/mb-exams/source-pdfs/marking-guides/pc_13_jan_mg.pdf,[54],[],Question 46 1 mark 140 Estimate the value of 5 log 35. Justify your answer. 
2013,jan,January 2013,47,frq,2,/home/max/testgen-suite/ocr-frq/mb-exams/source-pdfs/student-booklets/pc_13_jan_sb2.pdf,[23],1,1.0,1 mark,no-calculator,,R11,marking-guide-heading,/home/max/testgen-suite/ocr-frq/mb-exams/source-pdfs/marking-guides/pc_13_jan_mg.pdf,[54],[],"Question 47 1 mark 141 If ( ) 5 12 1 p x x x = − + , determine the remainder when ( ) p x is divided by ( ) 2 . x +"
2013,jan,January 2013,48,frq,2,/home/max/testgen-suite/ocr-frq/mb-exams/source-pdfs/student-booklets/pc_13_jan_sb2.pdf,[24],1,1.0,1 mark,no-calculator,,R2,marking-guide-heading,/home/max/testgen-suite/ocr-frq/mb-exams/source-pdfs/marking-guides/pc_13_jan_mg.pdf,[55],[],Question 48 1 mark 142 Describe the effects on the graph of ( ) y f x = when asked for the graph of ( ) 3 5. y f x = − + 
2013,jan,January 2013,49,frq,2,/home/max/testgen-suite/ocr-frq/mb-exams/source-pdfs/student-booklets/pc_13_jan_sb2.pdf,[24],1,3.0,3 marks,no-calculator,,T3,marking-guide-heading,/home/max/testgen-suite/ocr-frq/mb-exams/source-pdfs/marking-guides/pc_13_jan_mg.pdf,[56],[],Question 49 3 marks 143 Find the exact value of the following expression: 11 4 5 sin sec tan 3 3 6 π π π       −              
2013,jun,June 2013,1,frq,1,/home/max/testgen-suite/ocr-frq/mb-exams/source-pdfs/student-booklets/pc_13_jun_sb1.pdf,[11],1,2.0,2 marks,calculator-active,,T1,marking-guide-heading,/home/max/testgen-suite/ocr-frq/mb-exams/source-pdfs/marking-guides/pc_13_jun_mg.pdf,[12],[],"Question 1 2 marks 101 A central angle of a circle subtends an arc length of 5π cm. Given the circle has a radius of 9 cm, find the measure of the central angle in degrees."
2013,jun,June 2013,2,frq,1,/home/max/testgen-suite/ocr-frq/mb-exams/source-pdfs/student-booklets/pc_13_jun_sb1.pdf,[12],1,4.0,4 marks,calculator-active,,"T3, T5",marking-guide-heading,/home/max/testgen-suite/ocr-frq/mb-exams/source-pdfs/marking-guides/pc_13_jun_mg.pdf,"[13, 14]",[],"Question 2 4 marks 102 Solve the equation 2 csc 3csc 4 0 θ θ + − = over the interval [ ] 0, 2 . π Express your answers as exact values or correct to 3 decimal places."
2013,jun,June 2013,3,frq,1,/home/max/testgen-suite/ocr-frq/mb-exams/source-pdfs/student-booklets/pc_13_jun_sb1.pdf,[13],1,3.0,3 marks,calculator-active,,R10,marking-guide-heading,/home/max/testgen-suite/ocr-frq/mb-exams/source-pdfs/marking-guides/pc_13_jun_mg.pdf,"[15, 16]",[],"Question 3 3 marks 103 Jess invests $12 000 at a rate of 4.75% compounded monthly. How long will it take for Jess to triple her investment? Express your answer in years, correct to 3 decimal places."
2013,jun,June 2013,4,frq,1,/home/max/testgen-suite/ocr-frq/mb-exams/source-pdfs/student-booklets/pc_13_jun_sb1.pdf,[14],1,3.0,3 marks,calculator-active,,P4,marking-guide-heading,/home/max/testgen-suite/ocr-frq/mb-exams/source-pdfs/marking-guides/pc_13_jun_mg.pdf,[17],[],Question 4 3 marks 104 The 4th term in the binomial expansion of 10 2 3 qx x   −     is 11 414 720 . x Determine the value of q algebraically. Note: A calculator is not required for the remaining test questions.
2013,jun,June 2013,5,frq,1,/home/max/testgen-suite/ocr-frq/mb-exams/source-pdfs/student-booklets/pc_13_jun_sb1.pdf,[15],1,1.0,1 mark,no-calculator,,P1,marking-guide-heading,/home/max/testgen-suite/ocr-frq/mb-exams/source-pdfs/marking-guides/pc_13_jun_mg.pdf,[18],[],"Question 5 1 mark 105 Bella has 2 pairs of shoes, 3 pairs of pants, and 10 shirts. Carey has 4 pairs of shoes, 4 pairs of pants, and 4 shirts. An outfit is made up of one pair of shoes, one pair of pants, and one shirt. Who can make more outfits? Justify your answer. "
2013,jun,June 2013,6,frq,1,/home/max/testgen-suite/ocr-frq/mb-exams/source-pdfs/student-booklets/pc_13_jun_sb1.pdf,[15],1,2.0,2 marks,no-calculator,,P4,marking-guide-heading,/home/max/testgen-suite/ocr-frq/mb-exams/source-pdfs/marking-guides/pc_13_jun_mg.pdf,[18],[],"Question 6 2 marks 106 In the binomial expansion of ( )10 , x y − how many terms will be positive? Justify your answer."
2013,jun,June 2013,7,frq,1,/home/max/testgen-suite/ocr-frq/mb-exams/source-pdfs/student-booklets/pc_13_jun_sb1.pdf,[16],1,4.0,4 marks,no-calculator,,"T3, T5, T6",marking-guide-heading,/home/max/testgen-suite/ocr-frq/mb-exams/source-pdfs/marking-guides/pc_13_jun_mg.pdf,[19],[],Question 7 4 marks 107 Solve the following equation algebraically where 180 360 . ≤ ≤ θ   2 2sin 5cos 1 0 θ θ + + =
2013,jun,June 2013,8,frq,1,/home/max/testgen-suite/ocr-frq/mb-exams/source-pdfs/student-booklets/pc_13_jun_sb1.pdf,[17],1,3.0,3 marks,no-calculator,,R10,marking-guide-heading,/home/max/testgen-suite/ocr-frq/mb-exams/source-pdfs/marking-guides/pc_13_jun_mg.pdf,[20],[],Question 8 3 marks 108 Solve the following equation algebraically: ( ) ( ) 3 3 log 4 log 2 1 x x − + − = 
2013,jun,June 2013,9,frq,1,/home/max/testgen-suite/ocr-frq/mb-exams/source-pdfs/student-booklets/pc_13_jun_sb1.pdf,[17],1,1.0,1 mark,no-calculator,,R1,marking-guide-heading,/home/max/testgen-suite/ocr-frq/mb-exams/source-pdfs/marking-guides/pc_13_jun_mg.pdf,[21],[],"Question 9 1 mark 109 Given that ( ) ( ) ( ) ( ) ( ) { } 1, 3 , 2, 5 , 3, 4 , 4, 2 , f x = find ( ) ( ) 3 . f f"
2013,jun,June 2013,10,frq,1,/home/max/testgen-suite/ocr-frq/mb-exams/source-pdfs/student-booklets/pc_13_jun_sb1.pdf,[18],1,2.0,2 marks,no-calculator,,R1,marking-guide-heading,/home/max/testgen-suite/ocr-frq/mb-exams/source-pdfs/marking-guides/pc_13_jun_mg.pdf,[22],[],"Question 10 2 marks 110 Given the graphs of ( ) f x and ( ) g x below, ( ) f x sketch the graph of ( ) ( ). y f x g x = − x y 1 1 x 1 1 x 1 1 ( ) g x y y"
2013,jun,June 2013,11,frq,1,/home/max/testgen-suite/ocr-frq/mb-exams/source-pdfs/student-booklets/pc_13_jun_sb1.pdf,[19],1,2.0,2 marks,no-calculator,,"R2, R3",marking-guide-heading,/home/max/testgen-suite/ocr-frq/mb-exams/source-pdfs/marking-guides/pc_13_jun_mg.pdf,[23],[],"Question 11 2 marks 111 Given the graph of ( ), y f x = describe the transformations to obtain the graph of the function ( ) 2 6 . y f x = − "
2013,jun,June 2013,12,frq,1,/home/max/testgen-suite/ocr-frq/mb-exams/source-pdfs/student-booklets/pc_13_jun_sb1.pdf,[19],1,1.0,1 mark,no-calculator,,R5,marking-guide-heading,/home/max/testgen-suite/ocr-frq/mb-exams/source-pdfs/marking-guides/pc_13_jun_mg.pdf,[23],[],"Question 12 1 mark 112 Given ( ) ( ) ( ) ( ) { } 3, 4 , 2, 7 , 8, 6 , f x = − state the domain of the resulting function after ( ) f x is reflected through the line . y x ="
2013,jun,June 2013,13,frq,1,/home/max/testgen-suite/ocr-frq/mb-exams/source-pdfs/student-booklets/pc_13_jun_sb1.pdf,[20],1,3.0,3 marks,no-calculator,,R8,marking-guide-heading,/home/max/testgen-suite/ocr-frq/mb-exams/source-pdfs/marking-guides/pc_13_jun_mg.pdf,[24],[],Question 13 3 marks 113 Determine the value of y in the following equation: log 27 log 3 2log x x x y − = 
2013,jun,June 2013,14,frq,1,/home/max/testgen-suite/ocr-frq/mb-exams/source-pdfs/student-booklets/pc_13_jun_sb1.pdf,[20],1,1.0,1 mark,no-calculator,,T1,marking-guide-heading,/home/max/testgen-suite/ocr-frq/mb-exams/source-pdfs/marking-guides/pc_13_jun_mg.pdf,[24],[],"Question 14 1 mark 114 Angle θ, measuring 5 , 4 π is drawn in standard position as shown below. Determine the measures of all angles in the interval [ ] 4 , 2 −π π that are coterminal with θ. y x θ"
2013,jun,June 2013,15,frq,1,/home/max/testgen-suite/ocr-frq/mb-exams/source-pdfs/student-booklets/pc_13_jun_sb1.pdf,[21],1,3.0,3 marks,no-calculator,,T6,marking-guide-heading,/home/max/testgen-suite/ocr-frq/mb-exams/source-pdfs/marking-guides/pc_13_jun_mg.pdf,"[25, 26]",[],Question 15 3 marks 115 Prove the identity below for all permissible values of x: 2 2 sin cos cos sec 1 x x x x = − + Left-Hand Side Right-Hand Side
2013,jun,June 2013,16,frq,1,/home/max/testgen-suite/ocr-frq/mb-exams/source-pdfs/student-booklets/pc_13_jun_sb1.pdf,[22],1,3.0,3 marks,no-calculator,,P3,marking-guide-heading,/home/max/testgen-suite/ocr-frq/mb-exams/source-pdfs/marking-guides/pc_13_jun_mg.pdf,[27],[],Question 16 3 marks 116 Solve algebraically: 2 4 5 nC n = +
2013,jun,June 2013,17,mcq,2,/home/max/testgen-suite/ocr-frq/mb-exams/source-pdfs/student-booklets/pc_13_jun_sb2.pdf,[5],1,1.0,1 mark,no-calculator,C,P2,answer-key,/home/max/testgen-suite/ocr-frq/mb-exams/source-pdfs/marking-guides/pc_13_jun_mg.pdf,[31],[],Question 17 1 mark How many different arrangements are possible when arranging all of the letters of the word SEPTEMBER? a) 9! b) 6!3! c) 9! 3! d) 6! 3! 
2013,jun,June 2013,18,mcq,2,/home/max/testgen-suite/ocr-frq/mb-exams/source-pdfs/student-booklets/pc_13_jun_sb2.pdf,[5],1,1.0,1 mark,no-calculator,B,T1,answer-key,/home/max/testgen-suite/ocr-frq/mb-exams/source-pdfs/marking-guides/pc_13_jun_mg.pdf,[31],[],Question 18 1 mark Which one of the following angles terminates in Quadrant III? a) 3 radians b) 7 5 π radians c) 210 −  d) 500 
2013,jun,June 2013,19,mcq,2,/home/max/testgen-suite/ocr-frq/mb-exams/source-pdfs/student-booklets/pc_13_jun_sb2.pdf,[5],1,1.0,1 mark,no-calculator,A,P4,answer-key,/home/max/testgen-suite/ocr-frq/mb-exams/source-pdfs/marking-guides/pc_13_jun_mg.pdf,[31],[],Question 19 1 mark There are 13 terms in the expansion of ( )2 3 . n x y − Determine the value of .n a) 6 b) 6.5 c) 7 d) 26
2013,jun,June 2013,20,mcq,2,/home/max/testgen-suite/ocr-frq/mb-exams/source-pdfs/student-booklets/pc_13_jun_sb2.pdf,[6],1,1.0,1 mark,no-calculator,A,T4,answer-key,/home/max/testgen-suite/ocr-frq/mb-exams/source-pdfs/marking-guides/pc_13_jun_mg.pdf,[32],[],Question 20 1 mark Which of the following is true about the periods of the three functions below? ( ) 2sin3 2 f π   = −     θ θ ( ) sin3 6 g = + θ θ ( ) 3sin 6 k = + θ θ a) The graphs of ( ) f θ and ( ) g θ have the same period. b) The graphs of ( ) g θ and ( ) k θ have the same period. c) All
2013,jun,June 2013,21,mcq,2,/home/max/testgen-suite/ocr-frq/mb-exams/source-pdfs/student-booklets/pc_13_jun_sb2.pdf,[6],1,1.0,1 mark,no-calculator,D,T5,answer-key,/home/max/testgen-suite/ocr-frq/mb-exams/source-pdfs/marking-guides/pc_13_jun_mg.pdf,[32],[],"Question 21 1 mark Which of the following represents the general solution to the equation tan 1? = − θ a) 2 , I 4 k k π = + π ∈ θ b) , I 4 k k θ π = + π ∈ c) 2 , I 4 k k θ 3π = + π ∈ d) , I 4 k k θ 3π = + π ∈ "
2013,jun,June 2013,22,mcq,2,/home/max/testgen-suite/ocr-frq/mb-exams/source-pdfs/student-booklets/pc_13_jun_sb2.pdf,[6],1,1.0,1 mark,no-calculator,D,R4,answer-key,/home/max/testgen-suite/ocr-frq/mb-exams/source-pdfs/marking-guides/pc_13_jun_mg.pdf,[32],[],"Question 22 1 mark If ( ) 3, 2 − is a point on the graph of ( ), y f x = what point must be on the graph of ( ) 2 1 ? y f x = + a) ( ) 4, 1 − b) ( ) 4, 4 − c) ( ) 2, 1 d) ( ) 2, 4 −"
2013,jun,June 2013,23,mcq,2,/home/max/testgen-suite/ocr-frq/mb-exams/source-pdfs/student-booklets/pc_13_jun_sb2.pdf,[7],1,1.0,1 mark,no-calculator,B,R9,answer-key,/home/max/testgen-suite/ocr-frq/mb-exams/source-pdfs/marking-guides/pc_13_jun_mg.pdf,[33],[],Question 23 1 mark Which equation is represented by the graph sketched below? a) 1 2 x y −  =   b) 1 2 x y  =   c) 2x y = d) 2x y = − 
2013,jun,June 2013,24,mcq,2,/home/max/testgen-suite/ocr-frq/mb-exams/source-pdfs/student-booklets/pc_13_jun_sb2.pdf,[7],1,1.0,1 mark,no-calculator,C,R12,answer-key,/home/max/testgen-suite/ocr-frq/mb-exams/source-pdfs/marking-guides/pc_13_jun_mg.pdf,[33],[],Question 24 1 mark What is the degree of the polynomial represented below? a) 2 b) 3 c) 4 d) 5 y x y x −4 −3 −2 −1 1 2 3 4 −4 −3 −2 −1 1 2 3 4
2013,jun,June 2013,25,frq,2,/home/max/testgen-suite/ocr-frq/mb-exams/source-pdfs/student-booklets/pc_13_jun_sb2.pdf,[8],1,1.0,1 mark,no-calculator,,T4,marking-guide-heading,/home/max/testgen-suite/ocr-frq/mb-exams/source-pdfs/marking-guides/pc_13_jun_mg.pdf,[34],[],"Question 25 1 mark 117 Given the graph of 2cos 1 y x = π + below, determine another equation that will produce the same graph. "
2013,jun,June 2013,26,frq,2,/home/max/testgen-suite/ocr-frq/mb-exams/source-pdfs/student-booklets/pc_13_jun_sb2.pdf,[8],1,2.0,2 marks,no-calculator,,R1,marking-guide-heading,/home/max/testgen-suite/ocr-frq/mb-exams/source-pdfs/marking-guides/pc_13_jun_mg.pdf,[35],[],"Question 26 2 marks 118 Given ( ) 3 f x = and ( ) 2, g x x = + determine the domain and range of ( ) ( ) ( ) . f x h x g x = Domain: Range: y = x y 1 1"
2013,jun,June 2013,27,frq,2,/home/max/testgen-suite/ocr-frq/mb-exams/source-pdfs/student-booklets/pc_13_jun_sb2.pdf,[9],1,2.0,2 marks,no-calculator,,T3,marking-guide-heading,/home/max/testgen-suite/ocr-frq/mb-exams/source-pdfs/marking-guides/pc_13_jun_mg.pdf,[35],[],Question 27 2 marks 119 Explain how to find the exact value of sec . 6 19π       
2013,jun,June 2013,28,frq,2,/home/max/testgen-suite/ocr-frq/mb-exams/source-pdfs/student-booklets/pc_13_jun_sb2.pdf,[9],1,1.0,1 mark,no-calculator,,R6,marking-guide-heading,/home/max/testgen-suite/ocr-frq/mb-exams/source-pdfs/marking-guides/pc_13_jun_mg.pdf,[36],[],"Question 28 1 mark 120 Given ( ) 4 , f x x = − verify that ( ) ( ) 1 . f x f x − ="
2013,jun,June 2013,29,frq,2,/home/max/testgen-suite/ocr-frq/mb-exams/source-pdfs/student-booklets/pc_13_jun_sb2.pdf,[10],1,3.0,3 marks,no-calculator,,R12,marking-guide-heading,/home/max/testgen-suite/ocr-frq/mb-exams/source-pdfs/marking-guides/pc_13_jun_mg.pdf,[37],[],Question 29 3 marks 121 Sketch the graph of: ( ) ( )( )( )2 2 3 1 f x x x x = − + + Label the x-intercepts and y-intercept. y x
2013,jun,June 2013,30,frq,2,/home/max/testgen-suite/ocr-frq/mb-exams/source-pdfs/student-booklets/pc_13_jun_sb2.pdf,[11],1,1.0,1 mark,no-calculator,,R7,marking-guide-heading,/home/max/testgen-suite/ocr-frq/mb-exams/source-pdfs/marking-guides/pc_13_jun_mg.pdf,[38],[],Question 30 1 mark 122 Which expression has a larger value? 2 3 log 36 or log 80 Justify your answer. 
2013,jun,June 2013,31,frq,2,/home/max/testgen-suite/ocr-frq/mb-exams/source-pdfs/student-booklets/pc_13_jun_sb2.pdf,[11],1,1.0,1 mark,no-calculator,,R12,marking-guide-heading,/home/max/testgen-suite/ocr-frq/mb-exams/source-pdfs/marking-guides/pc_13_jun_mg.pdf,[39],[],Question 31 1 mark 123 The graph below represents the equation 3 2 6 5 10. y ax x x = + + − What must be true about the value of a? Explain your reasoning. y x
2013,jun,June 2013,32,frq,2,/home/max/testgen-suite/ocr-frq/mb-exams/source-pdfs/student-booklets/pc_13_jun_sb2.pdf,[12],1,2.0,2 marks,no-calculator,,T2,marking-guide-heading,/home/max/testgen-suite/ocr-frq/mb-exams/source-pdfs/marking-guides/pc_13_jun_mg.pdf,[40],[],"Question 32 2 marks 124 The terminal arm of an angle θ, in standard position, intersects the unit circle in Quadrant IV at a point 5 P , . 4 y       Determine the value of sinθ."
2013,jun,June 2013,33,frq,2,/home/max/testgen-suite/ocr-frq/mb-exams/source-pdfs/student-booklets/pc_13_jun_sb2.pdf,[13],1,2.0,2 marks,no-calculator,,"R1, R2",marking-guide-heading,/home/max/testgen-suite/ocr-frq/mb-exams/source-pdfs/marking-guides/pc_13_jun_mg.pdf,[41],[],"Question 33 2 marks 125 Given the sinusoidal function ( ) f x below, sketch the graph of ( ) ( ) 1. g x f x = − y x 1 ( ) f x   ( ) g x y x 90"
2013,jun,June 2013,34,frq,2,/home/max/testgen-suite/ocr-frq/mb-exams/source-pdfs/student-booklets/pc_13_jun_sb2.pdf,[14],1,2.0,2 marks,no-calculator,,R14,marking-guide-heading,/home/max/testgen-suite/ocr-frq/mb-exams/source-pdfs/marking-guides/pc_13_jun_mg.pdf,[42],[],"Question 34 2 marks 126 The graph of a rational function, ( ), f x has a point of discontinuity when 2 x = and an asymptote when 4. x = Write a possible equation for ( ). f x "
2013,jun,June 2013,35,frq,2,/home/max/testgen-suite/ocr-frq/mb-exams/source-pdfs/student-booklets/pc_13_jun_sb2.pdf,[14],1,2.0,2 marks,no-calculator,,R11,marking-guide-heading,/home/max/testgen-suite/ocr-frq/mb-exams/source-pdfs/marking-guides/pc_13_jun_mg.pdf,[42],[],"Question 35 2 marks 127 Given that ( )1 x − is one of the factors, express 3 57 56 x x − + as a product of factors."
2013,jun,June 2013,36,frq,2,/home/max/testgen-suite/ocr-frq/mb-exams/source-pdfs/student-booklets/pc_13_jun_sb2.pdf,[15],1,2.0,2 marks,no-calculator,,T6,marking-guide-heading,/home/max/testgen-suite/ocr-frq/mb-exams/source-pdfs/marking-guides/pc_13_jun_mg.pdf,"[43, 44]",[],"Question 36 2 marks 128 Give an example using values for A and B, in degrees or radians, to verify that ( ) cos cos cos A B A B + = + is not an identity. Left-Hand Side Right-Hand Side"
2013,jun,June 2013,37,frq,2,/home/max/testgen-suite/ocr-frq/mb-exams/source-pdfs/student-booklets/pc_13_jun_sb2.pdf,[16],1,3.0,3 marks,no-calculator,,R13,marking-guide-heading,/home/max/testgen-suite/ocr-frq/mb-exams/source-pdfs/marking-guides/pc_13_jun_mg.pdf,[45],[],Question 37 3 marks 129 Sketch the graph of 1 2 y x = + − and verify that the value of the x-intercept is the same as the solution to the equation 1 2 0. x + − = y x 1 1
2013,jun,June 2013,38,frq,2,/home/max/testgen-suite/ocr-frq/mb-exams/source-pdfs/student-booklets/pc_13_jun_sb2.pdf,[17],1,1.0,1 mark,no-calculator,,T4,marking-guide-heading,/home/max/testgen-suite/ocr-frq/mb-exams/source-pdfs/marking-guides/pc_13_jun_mg.pdf,[46],[],Question 38 1 mark 130 Mohamed is asked to sketch the graph of tan . y x = His graph is shown below. Explain why his graph is incorrect. y x 2 π 1
2013,jun,June 2013,39,frq,2,/home/max/testgen-suite/ocr-frq/mb-exams/source-pdfs/student-booklets/pc_13_jun_sb2.pdf,[18],1,2.0,2 marks,no-calculator,,T6,marking-guide-heading,/home/max/testgen-suite/ocr-frq/mb-exams/source-pdfs/marking-guides/pc_13_jun_mg.pdf,[47],[],"Question 39 2 marks 131 On the interval 0 2 ≤ π, θ < identify the non-permissible values of θ for the trigonometric identity: 1 tan cot = θ θ"
2013,jun,June 2013,40,frq,2,/home/max/testgen-suite/ocr-frq/mb-exams/source-pdfs/student-booklets/pc_13_jun_sb2.pdf,[19],1,4.0,a) 2 marks; b) 2 marks,no-calculator,,"a) R9; b) R2, R5",marking-guide-heading,/home/max/testgen-suite/ocr-frq/mb-exams/source-pdfs/marking-guides/pc_13_jun_mg.pdf,[48],[],Question 40 a) 2 marks b) 2 marks 132 133 a) Sketch the graph of ( ) ln . y x = b) Sketch the graph of ( ) ln 2 . y x = − − y x y x
2013,jun,June 2013,41,frq,2,/home/max/testgen-suite/ocr-frq/mb-exams/source-pdfs/student-booklets/pc_13_jun_sb2.pdf,[20],1,2.0,2 marks,no-calculator,,"R1, R13",marking-guide-heading,/home/max/testgen-suite/ocr-frq/mb-exams/source-pdfs/marking-guides/pc_13_jun_mg.pdf,[49],[],"Question 41 2 marks 134 Given ( ) 2 = − f x x and ( ) 3 , g x x = write the equation for ( ) ( ) ( ). h x f g x = What are the restrictions on the domain of ( )? h x Explain your reasoning."
2013,jun,June 2013,42,frq,2,/home/max/testgen-suite/ocr-frq/mb-exams/source-pdfs/student-booklets/pc_13_jun_sb2.pdf,[21],1,3.0,3 marks,no-calculator,,T4,marking-guide-heading,/home/max/testgen-suite/ocr-frq/mb-exams/source-pdfs/marking-guides/pc_13_jun_mg.pdf,[50],[],"Question 42 3 marks 135 Sketch the graph of ( ) 10cos 2 2 y x π   = −     over the interval [ ] 0, 6 . x y"
2013,jun,June 2013,43,frq,2,/home/max/testgen-suite/ocr-frq/mb-exams/source-pdfs/student-booklets/pc_13_jun_sb2.pdf,[22],1,4.0,4 marks,no-calculator,,R14,marking-guide-heading,/home/max/testgen-suite/ocr-frq/mb-exams/source-pdfs/marking-guides/pc_13_jun_mg.pdf,[51],[],Question 43 4 marks 136 Sketch the graph of the function ( ) 2 2 . x f x x x = − y x 1 1
2013,jun,June 2013,44,frq,2,/home/max/testgen-suite/ocr-frq/mb-exams/source-pdfs/student-booklets/pc_13_jun_sb2.pdf,[23],1,2.0,2 marks,no-calculator,,R11,marking-guide-heading,/home/max/testgen-suite/ocr-frq/mb-exams/source-pdfs/marking-guides/pc_13_jun_mg.pdf,[52],[],Question 44 2 marks 137 Is ( ) 3 x − a factor of 4 3 2 3 1? x x x x − − + − Justify your answer.
2013,jun,June 2013,45,frq,2,/home/max/testgen-suite/ocr-frq/mb-exams/source-pdfs/student-booklets/pc_13_jun_sb2.pdf,[24],1,2.0,2 marks,no-calculator,,R1,marking-guide-heading,/home/max/testgen-suite/ocr-frq/mb-exams/source-pdfs/marking-guides/pc_13_jun_mg.pdf,[53],[],"Question 45 2 marks 138 Given ( ) 1 f x x = − and ( ) 2, g x x = write the equation of ( ) ( ) y f g x = and sketch the graph. y x 1 1"
2014,jan,January 2014,1,frq,1,/home/max/testgen-suite/ocr-frq/mb-exams/source-pdfs/student-booklets/pc_14_jan_sb1.pdf,[11],1,2.0,2 marks,calculator-active,,T1,marking-guide-heading,/home/max/testgen-suite/ocr-frq/mb-exams/source-pdfs/marking-guides/pc_14_jan_mg.pdf,[12],[],"Question 1 2 marks 101 Find the coterminal angle to 27 5 π over the interval ) 360 , 0 . −    Pre-Calculus Mathematics: Booklet 1 (January 2014) 3"
2014,jan,January 2014,2,frq,1,/home/max/testgen-suite/ocr-frq/mb-exams/source-pdfs/student-booklets/pc_14_jan_sb1.pdf,[12],1,3.0,3 marks,calculator-active,,T5,marking-guide-heading,/home/max/testgen-suite/ocr-frq/mb-exams/source-pdfs/marking-guides/pc_14_jan_mg.pdf,[14],[],Question 2 3 marks 102 Solve the following equation over the interval 0 2 θ < ≤ π. ( )( ) tan 3 tan 1 0 − + = θ θ 4 Pre-Calculus Mathematics: Booklet 1 (January 2014)
2014,jan,January 2014,3,frq,1,/home/max/testgen-suite/ocr-frq/mb-exams/source-pdfs/student-booklets/pc_14_jan_sb1.pdf,[13],1,2.0,2 marks,calculator-active,,R10,marking-guide-heading,/home/max/testgen-suite/ocr-frq/mb-exams/source-pdfs/marking-guides/pc_14_jan_mg.pdf,"[16, 17]",[],Question 3 2 marks 103 An earthquake in Vancouver had a magnitude of 6.3 on the Richter scale. An earthquake in Japan had a magnitude of 8.9 on the Richter scale. How many times more intense was the Japan earthquake than the Vancouver earthquake? You may use the formula below: 0 0 log where is the m
2014,jan,January 2014,4,frq,1,/home/max/testgen-suite/ocr-frq/mb-exams/source-pdfs/student-booklets/pc_14_jan_sb1.pdf,[14],1,2.0,2 marks,calculator-active,,P4,marking-guide-heading,/home/max/testgen-suite/ocr-frq/mb-exams/source-pdfs/marking-guides/pc_14_jan_mg.pdf,[20],[],Question 4 2 marks 104 Find and simplify the last term in the expansion of ( )7 2 3 . − y x 6 Pre-Calculus Mathematics: Booklet 1 (January 2014)
2014,jan,January 2014,5,frq,1,/home/max/testgen-suite/ocr-frq/mb-exams/source-pdfs/student-booklets/pc_14_jan_sb1.pdf,[15],1,3.0,3 marks,calculator-active,,R8,marking-guide-heading,/home/max/testgen-suite/ocr-frq/mb-exams/source-pdfs/marking-guides/pc_14_jan_mg.pdf,[22],[],"Question 5 3 marks 105 Given log 9 1.129 and log 4 0.712, a a = = find the value of log 12. a Pre-Calculus Mathematics: Booklet 1 (January 2014) 7"
2014,jan,January 2014,6,frq,1,/home/max/testgen-suite/ocr-frq/mb-exams/source-pdfs/student-booklets/pc_14_jan_sb1.pdf,[16],1,2.0,2 marks,calculator-active,,P2,marking-guide-heading,/home/max/testgen-suite/ocr-frq/mb-exams/source-pdfs/marking-guides/pc_14_jan_mg.pdf,[24],[],Question 6 2 marks 106 How many different ways can 4 girls and 4 boys be arranged in a row if the girls and the boys must alternate? Note: A calculator is not required for the remaining test questions. 8 Pre-Calculus Mathematics: Booklet 1 (January 2014)
2014,jan,January 2014,7,frq,1,/home/max/testgen-suite/ocr-frq/mb-exams/source-pdfs/student-booklets/pc_14_jan_sb1.pdf,[17],1,4.0,4 marks,no-calculator,,"T3, T5, T6",marking-guide-heading,/home/max/testgen-suite/ocr-frq/mb-exams/source-pdfs/marking-guides/pc_14_jan_mg.pdf,"[26, 27]",[],"Question 7 4 marks 107 Solve the following equation over the interval [ ] 0, 2 . π 2cos 2 1 0 θ − = Pre-Calculus Mathematics: Booklet 1 (January 2014) 9"
2014,jan,January 2014,8,frq,1,/home/max/testgen-suite/ocr-frq/mb-exams/source-pdfs/student-booklets/pc_14_jan_sb1.pdf,[18],1,1.0,1 mark,no-calculator,,R4,marking-guide-heading,/home/max/testgen-suite/ocr-frq/mb-exams/source-pdfs/marking-guides/pc_14_jan_mg.pdf,[30],[],Question 8 1 mark 108 Alex incorrectly explains to Rashid that the graph of ( ) 2 5 y f x = + means you first move the graph of ( ) y f x = up 5 units and then multiply the y values by 2. Explain to Rashid the correct way to transform the graph. 
2014,jan,January 2014,9,frq,1,/home/max/testgen-suite/ocr-frq/mb-exams/source-pdfs/student-booklets/pc_14_jan_sb1.pdf,[18],1,1.0,1 mark,no-calculator,,T1,marking-guide-heading,/home/max/testgen-suite/ocr-frq/mb-exams/source-pdfs/marking-guides/pc_14_jan_mg.pdf,[32],[],Question 9 1 mark 109 Sketch the angle of 5 radians in standard position. y x 10 Pre-Calculus Mathematics: Booklet 1 (January 2014)
2014,jan,January 2014,10,frq,1,/home/max/testgen-suite/ocr-frq/mb-exams/source-pdfs/student-booklets/pc_14_jan_sb1.pdf,[19],1,2.0,2 marks,no-calculator,,R1,marking-guide-heading,/home/max/testgen-suite/ocr-frq/mb-exams/source-pdfs/marking-guides/pc_14_jan_mg.pdf,[34],[],"Question 10 2 marks 110 Given the graphs of ( ) f x and ( )( ) f g x − , sketch the graph of ( ). g x ( ) f x ( )( ) f g x − y y x x ( ) g x y x 1 1 1 1 1 1 Pre-Calculus Mathematics: Booklet 1 (January 2014) 11"
2014,jan,January 2014,11,frq,1,/home/max/testgen-suite/ocr-frq/mb-exams/source-pdfs/student-booklets/pc_14_jan_sb1.pdf,[20],1,2.0,2 marks,no-calculator,,P3,marking-guide-heading,/home/max/testgen-suite/ocr-frq/mb-exams/source-pdfs/marking-guides/pc_14_jan_mg.pdf,[36],[],"Question 11 2 marks 111 A particular math class has a large number of students. From this class, you are to create a committee of 4 students that has at least 1 girl. Without actually solving the problem, explain the strategy you would use to find the total number of ways to select this committee. 1"
2014,jan,January 2014,12,frq,1,/home/max/testgen-suite/ocr-frq/mb-exams/source-pdfs/student-booklets/pc_14_jan_sb1.pdf,[21],1,4.0,a) 2 marks; b) 2 marks,no-calculator,,"a) T6; b) T5, T6",marking-guide-heading,/home/max/testgen-suite/ocr-frq/mb-exams/source-pdfs/marking-guides/pc_14_jan_mg.pdf,"[38, 39]",[],Question 12 a) 2 marks b) 2 marks 112 113 a) Prove the identity below for all permissible values of θ. 2 2 2 1 2cos tan 3 cos + = + θ θ θ b) Determine all the non-permissible values for θ. Left-Hand Side Right-Hand Side Pre-Calculus Mathematics: Booklet 1 (January 2014) 13
2014,jan,January 2014,13,frq,1,/home/max/testgen-suite/ocr-frq/mb-exams/source-pdfs/student-booklets/pc_14_jan_sb1.pdf,[22],1,2.0,2 marks,no-calculator,,R2,marking-guide-heading,/home/max/testgen-suite/ocr-frq/mb-exams/source-pdfs/marking-guides/pc_14_jan_mg.pdf,[42],[],"Question 13 2 marks 114 Given the graph of ( ) f x below, sketch the graph of ( ) ( ) 2 3. g x f x = − + y x 1 1 y x 1 1 The graph of ( ) f x has already been drawn for your reference. No marks will be awarded for the graph of ( ) f x . 14 Pre-Calculus Mathematics: Booklet 1 (January 2014)"
2014,jan,January 2014,14,frq,1,/home/max/testgen-suite/ocr-frq/mb-exams/source-pdfs/student-booklets/pc_14_jan_sb1.pdf,[23],1,4.0,a) 3 marks; b) 1 mark,no-calculator,,T6,marking-guide-heading,/home/max/testgen-suite/ocr-frq/mb-exams/source-pdfs/marking-guides/pc_14_jan_mg.pdf,[44],[],"Question 14 a) 3 marks b) 1 mark 115 116 Given that 5 sin 13 = α , where α is in Quadrant II, and 2 cos 5 = β , where β is in Quadrant IV, find the exact value of: a) ( ) cos α β + b) sin 2α Pre-Calculus Mathematics: Booklet 1 (January 2014) 15"
2014,jan,January 2014,15,frq,1,/home/max/testgen-suite/ocr-frq/mb-exams/source-pdfs/student-booklets/pc_14_jan_sb1.pdf,[24],1,1.0,1 mark,no-calculator,,R1,marking-guide-heading,/home/max/testgen-suite/ocr-frq/mb-exams/source-pdfs/marking-guides/pc_14_jan_mg.pdf,[48],[],"Question 15 1 mark 117 If ( ) ( ) 3 and 2 3, f x x g x x = = − what is the value of ( )1 ? f g  −     16 Pre-Calculus Mathematics: Booklet 1 (January 2014)"
2014,jan,January 2014,16,mcq,2,/home/max/testgen-suite/ocr-frq/mb-exams/source-pdfs/student-booklets/pc_14_jan_sb2.pdf,[5],1,1.0,1 mark,no-calculator,B,R3,answer-key,/home/max/testgen-suite/ocr-frq/mb-exams/source-pdfs/marking-guides/pc_14_jan_mg.pdf,[53],[],"Question 16 1 mark If the point ( ) 4, 3 − lies on the graph of ( ) f x , which point must lie on the graph of ( ) 2 2 f x ? a) ( ) 8, 6 − b) ( ) 2, 6 − c) 3 8, 2   −     d) 3 2, 2   −     "
2014,jan,January 2014,17,mcq,2,/home/max/testgen-suite/ocr-frq/mb-exams/source-pdfs/student-booklets/pc_14_jan_sb2.pdf,[5],1,1.0,1 mark,no-calculator,C,R9,answer-key,/home/max/testgen-suite/ocr-frq/mb-exams/source-pdfs/marking-guides/pc_14_jan_mg.pdf,[53],[],Question 17 1 mark The graph of ( ) 2 log 2 6 y x = + intersects the graph of 4 y = at: a) 1 x = − b) 1 x = c) 5 x = d) 14 x = 
2014,jan,January 2014,18,mcq,2,/home/max/testgen-suite/ocr-frq/mb-exams/source-pdfs/student-booklets/pc_14_jan_sb2.pdf,[5],1,1.0,1 mark,no-calculator,A,T3,answer-key,/home/max/testgen-suite/ocr-frq/mb-exams/source-pdfs/marking-guides/pc_14_jan_mg.pdf,[53],[],"Question 18 1 mark Given the point ( ) A 3, 5 − on the terminal arm of an angle θ , identify the value of cot . θ a) 3 5 − b) 5 3 − c) 4 5 − d) 5 4 − Pre-Calculus Mathematics: Booklet 2 (January 2014) 3"
2014,jan,January 2014,19,mcq,2,/home/max/testgen-suite/ocr-frq/mb-exams/source-pdfs/student-booklets/pc_14_jan_sb2.pdf,[6],1,1.0,1 mark,no-calculator,C,R5,answer-key,/home/max/testgen-suite/ocr-frq/mb-exams/source-pdfs/marking-guides/pc_14_jan_mg.pdf,[54],[],Question 19 1 mark The graph of 1 2 x y   =     compared to the graph of 1 2 y x   =     is a: a) reflection in the x-axis b) reflection in the y-axis c) reflection in the line y x = d) reciprocal function 
2014,jan,January 2014,20,mcq,2,/home/max/testgen-suite/ocr-frq/mb-exams/source-pdfs/student-booklets/pc_14_jan_sb2.pdf,[6],1,1.0,1 mark,no-calculator,D,R12,answer-key,/home/max/testgen-suite/ocr-frq/mb-exams/source-pdfs/marking-guides/pc_14_jan_mg.pdf,[54],[],"Question 20 1 mark Given the above graph of a polynomial function, which one of the following statements can be true? a) The function has a degree of 4 with a positive leading coefficient. b) The function has a degree of 4 with a negative leading coefficient. c) The function has a degree of 3 with a"
2014,jan,January 2014,21,mcq,2,/home/max/testgen-suite/ocr-frq/mb-exams/source-pdfs/student-booklets/pc_14_jan_sb2.pdf,[7],1,1.0,1 mark,no-calculator,A,R11,answer-key,/home/max/testgen-suite/ocr-frq/mb-exams/source-pdfs/marking-guides/pc_14_jan_mg.pdf,[55],[],"Question 21 1 mark Given that ( ) 3 x + is a factor of polynomial ( ), P x which of the following is true? a) ( ) 3 0 P − = b) ( ) 0 3 P = − c) ( ) 0 3 P = d) ( ) 3 0 P = "
2014,jan,January 2014,22,mcq,2,/home/max/testgen-suite/ocr-frq/mb-exams/source-pdfs/student-booklets/pc_14_jan_sb2.pdf,[7],1,1.0,1 mark,no-calculator,B,R7,answer-key,/home/max/testgen-suite/ocr-frq/mb-exams/source-pdfs/marking-guides/pc_14_jan_mg.pdf,[55],[],Question 22 1 mark Which of the following is a reasonable estimate for the value of log350? a) 2 b) 2.5 c) 2.8 d) 3 
2014,jan,January 2014,23,mcq,2,/home/max/testgen-suite/ocr-frq/mb-exams/source-pdfs/student-booklets/pc_14_jan_sb2.pdf,[7],1,1.0,1 mark,no-calculator,D,R9,answer-key,/home/max/testgen-suite/ocr-frq/mb-exams/source-pdfs/marking-guides/pc_14_jan_mg.pdf,[55],[],Question 23 1 mark The graph of the function ( ) f x shown below is best described by the equation: a) ( ) 3 2x f x + = b) ( ) 2 3 x f x = + c) ( ) 3 2x f x − = d) ( ) 2 3 x f x = − x y 1 1 Pre-Calculus Mathematics: Booklet 2 (January 2014) 5
2014,jan,January 2014,24,mcq,2,/home/max/testgen-suite/ocr-frq/mb-exams/source-pdfs/student-booklets/pc_14_jan_sb2.pdf,[8],1,1.0,1 mark,no-calculator,B,R13,answer-key,/home/max/testgen-suite/ocr-frq/mb-exams/source-pdfs/marking-guides/pc_14_jan_mg.pdf,[56],[],"Question 24 1 mark Given the graph of ( ) = y f x , what is the domain of ( ) ? f x a) x∈ b) 2 2 x −≤ ≤ c) 2 x ≤− or 2 x ≥ d) 0 4 x ≤ ≤ "
2014,jan,January 2014,25,mcq,2,/home/max/testgen-suite/ocr-frq/mb-exams/source-pdfs/student-booklets/pc_14_jan_sb2.pdf,[8],1,1.0,1 mark,no-calculator,A,R10,answer-key,/home/max/testgen-suite/ocr-frq/mb-exams/source-pdfs/marking-guides/pc_14_jan_mg.pdf,[56],[],Question 25 1 mark Solve: ( ) ln 5 7 x e − = a) 2 − b) ln 2 − c) ln 7 ln 5 − d) 7 5 y x 1 1 6 Pre-Calculus Mathematics: Booklet 2 (January 2014)
2014,jan,January 2014,26,frq,2,/home/max/testgen-suite/ocr-frq/mb-exams/source-pdfs/student-booklets/pc_14_jan_sb2.pdf,[9],1,2.0,2 marks,no-calculator,,R11,marking-guide-heading,/home/max/testgen-suite/ocr-frq/mb-exams/source-pdfs/marking-guides/pc_14_jan_mg.pdf,[58],[],Question 26 2 marks 118 One of the factors of ( ) 3 2 7 10 P x x kx x = − − + is ( ) 2 . x − Find the value of .k Pre-Calculus Mathematics: Booklet 2 (January 2014) 7
2014,jan,January 2014,27,frq,2,/home/max/testgen-suite/ocr-frq/mb-exams/source-pdfs/student-booklets/pc_14_jan_sb2.pdf,[10],1,4.0,a) 3 marks; b) 1 mark,no-calculator,,R13,marking-guide-heading,/home/max/testgen-suite/ocr-frq/mb-exams/source-pdfs/marking-guides/pc_14_jan_mg.pdf,[60],[],Question 27 a) 3 marks b) 1 mark 119 120 a) Sketch the graph of the function 1 = − + y x . b) Determine the value of x when 3. y = y x 1 1 8 Pre-Calculus Mathematics: Booklet 2 (January 2014)
2014,jan,January 2014,28,frq,2,/home/max/testgen-suite/ocr-frq/mb-exams/source-pdfs/student-booklets/pc_14_jan_sb2.pdf,[11],1,3.0,3 marks,no-calculator,,"P2, P3",marking-guide-heading,/home/max/testgen-suite/ocr-frq/mb-exams/source-pdfs/marking-guides/pc_14_jan_mg.pdf,"[63, 64]",[],Question 28 3 marks 121 Solve the following equation: 2 3 n n P C = Pre-Calculus Mathematics: Booklet 2 (January 2014) 9
2014,jan,January 2014,29,frq,2,/home/max/testgen-suite/ocr-frq/mb-exams/source-pdfs/student-booklets/pc_14_jan_sb2.pdf,[12],1,3.0,3 marks,no-calculator,,R1,marking-guide-heading,/home/max/testgen-suite/ocr-frq/mb-exams/source-pdfs/marking-guides/pc_14_jan_mg.pdf,"[67, 68]",[],"Question 29 3 marks 122 Given ( ) ( ) 2 1 and 1 f x x g x x = − = + , sketch the graph of ( ) ( ) y f g x = and state its domain. Domain: y x 1 1 10 Pre-Calculus Mathematics: Booklet 2 (January 2014)"
2014,jan,January 2014,30,frq,2,/home/max/testgen-suite/ocr-frq/mb-exams/source-pdfs/student-booklets/pc_14_jan_sb2.pdf,[13],1,1.0,1 mark,no-calculator,,R14,marking-guide-heading,/home/max/testgen-suite/ocr-frq/mb-exams/source-pdfs/marking-guides/pc_14_jan_mg.pdf,[70],[],Question 30 1 mark 123 Write the equation of the horizontal asymptote for the function ( ) 3 . 2 x f x x − = − 
2014,jan,January 2014,31,frq,2,/home/max/testgen-suite/ocr-frq/mb-exams/source-pdfs/student-booklets/pc_14_jan_sb2.pdf,[13],1,1.0,1 mark,no-calculator,,R1,marking-guide-heading,/home/max/testgen-suite/ocr-frq/mb-exams/source-pdfs/marking-guides/pc_14_jan_mg.pdf,[72],[],Question 31 1 mark 124 The x-intercept of ( ) f x is 4 and the x-intercept of ( ) g x is 4. Benjamin concludes that the x-intercept of ( ) ( ) f x g x + is 8. Do you agree with Benjamin? Justify your answer. Pre-Calculus Mathematics: Booklet 2 (January 2014) 11
2014,jan,January 2014,32,frq,2,/home/max/testgen-suite/ocr-frq/mb-exams/source-pdfs/student-booklets/pc_14_jan_sb2.pdf,[14],1,4.0,4 marks,no-calculator,,R10,marking-guide-heading,/home/max/testgen-suite/ocr-frq/mb-exams/source-pdfs/marking-guides/pc_14_jan_mg.pdf,[74],[],Question 32 4 marks 125 Solve the following equation: ( ) 4 4 2log log 3 1 − + = x x 12 Pre-Calculus Mathematics: Booklet 2 (January 2014)
2014,jan,January 2014,33,frq,2,/home/max/testgen-suite/ocr-frq/mb-exams/source-pdfs/student-booklets/pc_14_jan_sb2.pdf,[15],1,3.0,a) 1 mark; b) 2 marks,no-calculator,,T4,marking-guide-heading,/home/max/testgen-suite/ocr-frq/mb-exams/source-pdfs/marking-guides/pc_14_jan_mg.pdf,[76],[],Question 33 a) 1 mark b) 2 marks 126 127 The following graph represents tidal levels in the Bay of Fundy over a 25-hour period. a) What is the average height of the water? b) What is the period of the graph above? Explain what the period represents in this situation. 10 2 25 high tide low tide Heigh
2014,jan,January 2014,34,frq,2,/home/max/testgen-suite/ocr-frq/mb-exams/source-pdfs/student-booklets/pc_14_jan_sb2.pdf,[16],1,2.0,2 marks,no-calculator,,R13,marking-guide-heading,/home/max/testgen-suite/ocr-frq/mb-exams/source-pdfs/marking-guides/pc_14_jan_mg.pdf,[78],[],"Question 34 2 marks 128 Given the graph of ( ) = y f x below, sketch the graph of ( ). y f x = The graph of ( ) f x has already been drawn for your reference. No marks will be awarded for the graph of ( ) f x . x y x 1 1 y 1 1 14 Pre-Calculus Mathematics: Booklet 2 (January 2014)"
2014,jan,January 2014,35,frq,2,/home/max/testgen-suite/ocr-frq/mb-exams/source-pdfs/student-booklets/pc_14_jan_sb2.pdf,[17],1,1.0,1 mark,no-calculator,,R11,marking-guide-heading,/home/max/testgen-suite/ocr-frq/mb-exams/source-pdfs/marking-guides/pc_14_jan_mg.pdf,[80],[],"Question 35 1 mark 129 When ( ) P x is divided by 3, x − it has a quotient of 2 2 6 x x + − and a remainder of 4. Determine ( ). P x "
2014,jan,January 2014,36,frq,2,/home/max/testgen-suite/ocr-frq/mb-exams/source-pdfs/student-booklets/pc_14_jan_sb2.pdf,[17],1,2.0,2 marks,no-calculator,,R14,marking-guide-heading,/home/max/testgen-suite/ocr-frq/mb-exams/source-pdfs/marking-guides/pc_14_jan_mg.pdf,[82],[],Question 36 2 marks 130 Identify the domain and range of the following function: ( ) 2 3 1 = + f x x Pre-Calculus Mathematics: Booklet 2 (January 2014) 15
2014,jan,January 2014,37,frq,2,/home/max/testgen-suite/ocr-frq/mb-exams/source-pdfs/student-booklets/pc_14_jan_sb2.pdf,[18],1,3.0,3 marks,no-calculator,,T3,marking-guide-heading,/home/max/testgen-suite/ocr-frq/mb-exams/source-pdfs/marking-guides/pc_14_jan_mg.pdf,[84],[],Question 37 3 marks 131 Evaluate: 2 11 3 csc sin cos 6 4 3 π π 23π       + − +             16 Pre-Calculus Mathematics: Booklet 2 (January 2014)
2014,jan,January 2014,38,frq,2,/home/max/testgen-suite/ocr-frq/mb-exams/source-pdfs/student-booklets/pc_14_jan_sb2.pdf,[19],1,2.0,2 marks,no-calculator,,P4,marking-guide-heading,/home/max/testgen-suite/ocr-frq/mb-exams/source-pdfs/marking-guides/pc_14_jan_mg.pdf,[86],[],Question 38 2 marks 132 Evaluate the coefficient of the term containing 3 x in the expansion of ( )7 1 . x + Justify your answer. 
2014,jan,January 2014,39,frq,2,/home/max/testgen-suite/ocr-frq/mb-exams/source-pdfs/student-booklets/pc_14_jan_sb2.pdf,[19],1,1.0,1 mark,no-calculator,,R10,marking-guide-heading,/home/max/testgen-suite/ocr-frq/mb-exams/source-pdfs/marking-guides/pc_14_jan_mg.pdf,[88],[],"Question 39 1 mark 133 Which of the following equations could be solved without the use of logarithms? Without actually solving the problem, explain your choice. 3 1 4 10 x x + = or 2 1 4 1 1 27 3 x x + −  =   Pre-Calculus Mathematics: Booklet 2 (January 2014) 17"
2014,jan,January 2014,40,frq,2,/home/max/testgen-suite/ocr-frq/mb-exams/source-pdfs/student-booklets/pc_14_jan_sb2.pdf,[20],1,4.0,4 marks,no-calculator,,R12,marking-guide-heading,/home/max/testgen-suite/ocr-frq/mb-exams/source-pdfs/marking-guides/pc_14_jan_mg.pdf,[90],[],Question 40 4 marks 134 Sketch the graph of 3 2 5 3 y x x x = + − + given that one of the x-intercepts is 1. Identify the x-intercepts and y-intercept. y x 18 Pre-Calculus Mathematics: Booklet 2 (January 2014)
2014,jan,January 2014,41,frq,2,/home/max/testgen-suite/ocr-frq/mb-exams/source-pdfs/student-booklets/pc_14_jan_sb2.pdf,[21],1,1.0,1 mark,no-calculator,,R1,marking-guide-heading,/home/max/testgen-suite/ocr-frq/mb-exams/source-pdfs/marking-guides/pc_14_jan_mg.pdf,[92],[],"Question 41 1 mark 135 If ( ) ( ) 1 and 2 2 f x g x x x = = − − , what is the domain of ( ) ( )? f x g x  "
2014,jan,January 2014,42,frq,2,/home/max/testgen-suite/ocr-frq/mb-exams/source-pdfs/student-booklets/pc_14_jan_sb2.pdf,[21],1,2.0,2 marks,no-calculator,,"R5, R6",marking-guide-heading,/home/max/testgen-suite/ocr-frq/mb-exams/source-pdfs/marking-guides/pc_14_jan_mg.pdf,[94],[],"Question 42 2 marks 136 Given ( ) ( )2 1 f x x = + for 1, x ≤− write the equation of ( ) 1 . y f x − = Pre-Calculus Mathematics: Booklet 2 (January 2014) 19"
2014,jan,January 2014,43,frq,2,/home/max/testgen-suite/ocr-frq/mb-exams/source-pdfs/student-booklets/pc_14_jan_sb2.pdf,[22],1,4.0,4 marks,no-calculator,,T4,marking-guide-heading,/home/max/testgen-suite/ocr-frq/mb-exams/source-pdfs/marking-guides/pc_14_jan_mg.pdf,[96],[],Question 43 4 marks 137 Sketch a graph of at least one period of the function ( ) 5sin 1 y x = π +   . Clearly indicate the x-intercepts. y x 20 Pre-Calculus Mathematics: Booklet 2 (January 2014)
2014,jan,January 2014,44,frq,2,/home/max/testgen-suite/ocr-frq/mb-exams/source-pdfs/student-booklets/pc_14_jan_sb2.pdf,[23],1,4.0,4 marks,no-calculator,,R14,marking-guide-heading,/home/max/testgen-suite/ocr-frq/mb-exams/source-pdfs/marking-guides/pc_14_jan_mg.pdf,[98],[],Question 44 4 marks 138 Sketch the graph of the following function: ( ) ( )( ) 2 2 3 2 x f x x x − = − − 1 1 y x Pre-Calculus Mathematics: Booklet 2 (January 2014) 21
2014,jun,June 2014,1,frq,1,/home/max/testgen-suite/ocr-frq/mb-exams/source-pdfs/student-booklets/pc_14_jun_sb1.pdf,[7],1,2.0,2 marks,calculator-active,,T1,marking-guide-heading,/home/max/testgen-suite/ocr-frq/mb-exams/source-pdfs/marking-guides/pc_14_jun_mg.pdf,[12],[],Question 1 2 marks 101 Use the information in the diagram to determine the value of the arc length “s”. 130o 3.5cm s Pre-Calculus Mathematics: Booklet 1 (June 2014) 1
2014,jun,June 2014,2,frq,1,/home/max/testgen-suite/ocr-frq/mb-exams/source-pdfs/student-booklets/pc_14_jun_sb1.pdf,[8],1,2.0,2 marks,calculator-active,,T5,marking-guide-heading,/home/max/testgen-suite/ocr-frq/mb-exams/source-pdfs/marking-guides/pc_14_jun_mg.pdf,[14],[],"Question 2 2 marks 102 Solve the following equation over the interval [ ) 0, 2 . π 2 tan 2.8tan 1.96 0 + + = θ θ Use the quadratic formula 2 4 2 b b ac x a −± − = for 2 0. ax bx c + + = 2 Pre-Calculus Mathematics: Booklet 1 (June 2014)"
2014,jun,June 2014,3,frq,1,/home/max/testgen-suite/ocr-frq/mb-exams/source-pdfs/student-booklets/pc_14_jun_sb1.pdf,[9],1,3.0,3 marks,calculator-active,,R10,marking-guide-heading,/home/max/testgen-suite/ocr-frq/mb-exams/source-pdfs/marking-guides/pc_14_jun_mg.pdf,[18],[],"Question 3 3 marks 103 Determine how many monthly investments of $50 would have to be deposited into a savings account that pays 3% annual interest, compounded monthly, for the account’s future value to be $50,000. Use the formula: Express your answer as a whole number. ( ) R 1 1 FV where FV the fut"
2014,jun,June 2014,4,frq,1,/home/max/testgen-suite/ocr-frq/mb-exams/source-pdfs/student-booklets/pc_14_jun_sb1.pdf,[10],1,2.0,2 marks,calculator-active,,P1,marking-guide-heading,/home/max/testgen-suite/ocr-frq/mb-exams/source-pdfs/marking-guides/pc_14_jun_mg.pdf,[22],[],Question 4 2 marks 104 There are 5 men and 4 women to be seated in a row. How many arrangements are possible if two men must sit at the beginning of the row and two men must sit at the end of the row? 4 Pre-Calculus Mathematics: Booklet 1 (June 2014)
2014,jun,June 2014,5,frq,1,/home/max/testgen-suite/ocr-frq/mb-exams/source-pdfs/student-booklets/pc_14_jun_sb1.pdf,[11],1,5.0,a) 3 marks; b) 2 marks,calculator-active,,P4,marking-guide-heading,/home/max/testgen-suite/ocr-frq/mb-exams/source-pdfs/marking-guides/pc_14_jun_mg.pdf,[24],[],"Question 5 a) 3 marks b) 2 marks 105 106 a) In the binomial expansion of 8 5 2 3 4x x   −    , determine the 3rd term. b) In the binomial expansion of 5 2 3 4 n x x   −     , the 6th term contains 25 x . Solve for n. Note: A calculator is not required for the remaining test questions. Pr"
2014,jun,June 2014,6,frq,1,/home/max/testgen-suite/ocr-frq/mb-exams/source-pdfs/student-booklets/pc_14_jun_sb1.pdf,[12],1,1.0,1 mark,no-calculator,,R1,marking-guide-heading,/home/max/testgen-suite/ocr-frq/mb-exams/source-pdfs/marking-guides/pc_14_jun_mg.pdf,[28],[],"Question 6 1 mark 107 Given the following two functions, ( ) ( ) 2 1 and 1, f x x g x x = − = + evaluate ( ) ( ) 3 . g f "
2014,jun,June 2014,7,frq,1,/home/max/testgen-suite/ocr-frq/mb-exams/source-pdfs/student-booklets/pc_14_jun_sb1.pdf,[12],1,2.0,2 marks,no-calculator,,T2,marking-guide-heading,/home/max/testgen-suite/ocr-frq/mb-exams/source-pdfs/marking-guides/pc_14_jun_mg.pdf,[30],[],"Question 7 2 marks 108 If θ terminates in quadrant II and 3 csc , 2 = θ determine the exact value of tan .θ 6 Pre-Calculus Mathematics: Booklet 1 (June 2014)"
2014,jun,June 2014,8,frq,1,/home/max/testgen-suite/ocr-frq/mb-exams/source-pdfs/student-booklets/pc_14_jun_sb1.pdf,[13],1,2.0,a) 1 mark; b) 1 mark,no-calculator,,R11,marking-guide-heading,/home/max/testgen-suite/ocr-frq/mb-exams/source-pdfs/marking-guides/pc_14_jun_mg.pdf,[32],[],Question 8 a) 1 mark b) 1 mark 109 110 a) Determine the remainder when 4 2 3 1 x x − + is divided by 2. x + b) Is 2 x + a factor of 4 2 3 1? x x − + Explain your reasoning. Pre-Calculus Mathematics: Booklet 1 (June 2014) 7
2014,jun,June 2014,9,frq,1,/home/max/testgen-suite/ocr-frq/mb-exams/source-pdfs/student-booklets/pc_14_jun_sb1.pdf,[14],1,2.0,2 marks,no-calculator,,"R2, R3",marking-guide-heading,/home/max/testgen-suite/ocr-frq/mb-exams/source-pdfs/marking-guides/pc_14_jun_mg.pdf,[36],[],"Question 9 2 marks 111 Given the graph of ( ) y f x = below, sketch the graph of ( ) 2 3. y f x = − 1 1 y x 1 1 y x The graph of ( ) f x has already been drawn for your reference. No marks will be awarded for the graph of ( ) f x . 8 Pre-Calculus Mathematics: Booklet 1 (June 2014)"
2014,jun,June 2014,10,frq,1,/home/max/testgen-suite/ocr-frq/mb-exams/source-pdfs/student-booklets/pc_14_jun_sb1.pdf,[15],1,1.0,1 mark,no-calculator,,R6,marking-guide-heading,/home/max/testgen-suite/ocr-frq/mb-exams/source-pdfs/marking-guides/pc_14_jun_mg.pdf,[40],[],Question 10 1 mark 112 Determine one possible restriction for the domain of ( ) ( )2 1 f x x = − so that the inverse of ( ) f x is a function. 
2014,jun,June 2014,11,frq,1,/home/max/testgen-suite/ocr-frq/mb-exams/source-pdfs/student-booklets/pc_14_jun_sb1.pdf,[15],1,1.0,1 mark,no-calculator,,T4,marking-guide-heading,/home/max/testgen-suite/ocr-frq/mb-exams/source-pdfs/marking-guides/pc_14_jun_mg.pdf,[42],[],"Question 11 1 mark 113 Using the graph of the sinusoidal function below, find the value of y in the point ( ) 6, y . 60 40 − g 8 6 4 2 ( ) 6, y ( ) 4, 60 x y Pre-Calculus Mathematics: Booklet 1 (June 2014) 9"
2014,jun,June 2014,12,frq,1,/home/max/testgen-suite/ocr-frq/mb-exams/source-pdfs/student-booklets/pc_14_jun_sb1.pdf,[16],1,1.0,1 mark,no-calculator,,R13,marking-guide-heading,/home/max/testgen-suite/ocr-frq/mb-exams/source-pdfs/marking-guides/pc_14_jun_mg.pdf,[44],[],Question 12 1 mark 114 Billy was given the graph of ( ). y f x = He was asked to sketch the graph of ( ). y f x = His answer is given on the graph below. Explain the error Billy made when sketching the graph of ( ). y f x = ( ) y f x = ( ) = y f x y x 1 1 10 Pre-Calculus Mathematics: Booklet 1 (June
2014,jun,June 2014,13,frq,1,/home/max/testgen-suite/ocr-frq/mb-exams/source-pdfs/student-booklets/pc_14_jun_sb1.pdf,[17],1,1.0,1 mark,no-calculator,,"P2, P3",marking-guide-heading,/home/max/testgen-suite/ocr-frq/mb-exams/source-pdfs/marking-guides/pc_14_jun_mg.pdf,[46],[],Question 13 1 mark 115 Explain why a locker combination should really be called a locker permutation. 
2014,jun,June 2014,14,frq,1,/home/max/testgen-suite/ocr-frq/mb-exams/source-pdfs/student-booklets/pc_14_jun_sb1.pdf,[17],1,1.0,1 mark,no-calculator,,R5,marking-guide-heading,/home/max/testgen-suite/ocr-frq/mb-exams/source-pdfs/marking-guides/pc_14_jun_mg.pdf,[48],[],Question 14 1 mark 116 The graph of ( ) 2 4 = + f x x is reflected over the x-axis. Write the equation of the new function. y = 1 2 3 Pre-Calculus Mathematics: Booklet 1 (June 2014) 11
2014,jun,June 2014,15,frq,1,/home/max/testgen-suite/ocr-frq/mb-exams/source-pdfs/student-booklets/pc_14_jun_sb1.pdf,[18],1,2.0,2 marks,no-calculator,,R1,marking-guide-heading,/home/max/testgen-suite/ocr-frq/mb-exams/source-pdfs/marking-guides/pc_14_jun_mg.pdf,[50],[],"Question 15 2 marks 117 Given the graph of ( ) y f x = below, sketch the graph of ( ) 1 . y f x = The graph of ( ) f x has already been drawn for your reference. No marks will be awarded for the graph of ( ) f x . x 1 y 1 x y 1 1 12 Pre-Calculus Mathematics: Booklet 1 (June 2014)"
2014,jun,June 2014,16,frq,1,/home/max/testgen-suite/ocr-frq/mb-exams/source-pdfs/student-booklets/pc_14_jun_sb1.pdf,[19],1,2.0,2 marks,no-calculator,,R11,marking-guide-heading,/home/max/testgen-suite/ocr-frq/mb-exams/source-pdfs/marking-guides/pc_14_jun_mg.pdf,[52],[],Question 16 2 marks 118 Divide ( ) 3 5 4 x x − − by ( ) 1 . x + 
2014,jun,June 2014,17,frq,1,/home/max/testgen-suite/ocr-frq/mb-exams/source-pdfs/student-booklets/pc_14_jun_sb1.pdf,[19],1,1.0,1 mark,no-calculator,,P4,marking-guide-heading,/home/max/testgen-suite/ocr-frq/mb-exams/source-pdfs/marking-guides/pc_14_jun_mg.pdf,[54],[],Question 17 1 mark 119 You are given the following row of Pascal’s Triangle. 1 7 21 35 35 21 7 1 Determine the values of the next row. Pre-Calculus Mathematics: Booklet 1 (June 2014) 13
2014,jun,June 2014,18,frq,1,/home/max/testgen-suite/ocr-frq/mb-exams/source-pdfs/student-booklets/pc_14_jun_sb1.pdf,[20],1,2.0,2 marks,no-calculator,,R13,marking-guide-heading,/home/max/testgen-suite/ocr-frq/mb-exams/source-pdfs/marking-guides/pc_14_jun_mg.pdf,[56],[],"Question 18 2 marks 120 Given the graph of ( ) = y f x below, state the domain and range of ( ). y f x = Domain: Range: y ( ) 1, 4 − x ( ) 1, 4 − 14 Pre-Calculus Mathematics: Booklet 1 (June 2014)"
2014,jun,June 2014,19,frq,1,/home/max/testgen-suite/ocr-frq/mb-exams/source-pdfs/student-booklets/pc_14_jun_sb1.pdf,[21],1,3.0,3 marks,no-calculator,,T6,marking-guide-heading,/home/max/testgen-suite/ocr-frq/mb-exams/source-pdfs/marking-guides/pc_14_jun_mg.pdf,"[58, 59, 60]",[],Question 19 3 marks 121 Prove the identity below for all permissible values of θ : 2 2 1 tan cos 2 1 tan − = + θ θ θ Left-Hand Side Right-Hand Side Pre-Calculus Mathematics: Booklet 1 (June 2014) 15
2014,jun,June 2014,20,mcq,2,/home/max/testgen-suite/ocr-frq/mb-exams/source-pdfs/student-booklets/pc_14_jun_sb2.pdf,[5],1,1.0,1 mark,no-calculator,C,R1,answer-key,/home/max/testgen-suite/ocr-frq/mb-exams/source-pdfs/marking-guides/pc_14_jun_mg.pdf,[65],[],"Question 20 1 mark Given the graph of the function of ( ) f x below, what is the range of ( ) ? = y f x a) ∈¡ y b) 7 y ≥− c) 0 ≥ y d) 4 1 or 4 −≤ ≤− ≥ y y "
2014,jun,June 2014,21,mcq,2,/home/max/testgen-suite/ocr-frq/mb-exams/source-pdfs/student-booklets/pc_14_jun_sb2.pdf,[5],1,1.0,1 mark,no-calculator,A,R8,answer-key,/home/max/testgen-suite/ocr-frq/mb-exams/source-pdfs/marking-guides/pc_14_jun_mg.pdf,[65],[],Question 21 1 mark Simplify the following expression: 1 log 36 log 2 2 − a a a) log 3 a b) log 4 a c) log 9 a d) log 12 a 1 1 y x Pre-Calculus Mathematics: Booklet 2 (June 2014) 1
2014,jun,June 2014,22,mcq,2,/home/max/testgen-suite/ocr-frq/mb-exams/source-pdfs/student-booklets/pc_14_jun_sb2.pdf,[6],1,1.0,1 mark,no-calculator,B,R2,answer-key,/home/max/testgen-suite/ocr-frq/mb-exams/source-pdfs/marking-guides/pc_14_jun_mg.pdf,[66],[],"Question 22 1 mark Given ( ) 2 2, = − + f x x x an equation that represents the graph of ( ) f x shifted 3 units to the right is: a) ( ) ( ) 2 3 3 3 = + − + − y x x b) ( ) ( ) 2 3 3 2 = − − − + y x x c) ( )2 3 2 = − − − y x x d) 2 2 3 = − + − y x x "
2014,jun,June 2014,23,mcq,2,/home/max/testgen-suite/ocr-frq/mb-exams/source-pdfs/student-booklets/pc_14_jun_sb2.pdf,[6],1,1.0,1 mark,no-calculator,D,R13,answer-key,/home/max/testgen-suite/ocr-frq/mb-exams/source-pdfs/marking-guides/pc_14_jun_mg.pdf,[66],[],Question 23 1 mark What is the domain of the function 4 ? = − y x a) { } 2 ∈ ≥ ¡ x x b) { } 2 ∈ ≤ ¡ x x c) { } 0 ∈ ≥ ¡ x x d) { } 0 ∈ ≤ ¡ x x 
2014,jun,June 2014,24,mcq,2,/home/max/testgen-suite/ocr-frq/mb-exams/source-pdfs/student-booklets/pc_14_jun_sb2.pdf,[6],1,1.0,1 mark,no-calculator,A,R14,answer-key,/home/max/testgen-suite/ocr-frq/mb-exams/source-pdfs/marking-guides/pc_14_jun_mg.pdf,[66],[],Question 24 1 mark Which of the following is true about the two functions below? ( ) ( )( ) ( ) ( )( ) ( )( ) 2 2 2 1 2 2 2 + − − + = = − + − x x x x f x g x x x x a) Both have a point of discontinuity (hole) when 2. = x b) Both have the same vertical asymptote. c) Both have the same horizontal asym
2014,jun,June 2014,25,mcq,2,/home/max/testgen-suite/ocr-frq/mb-exams/source-pdfs/student-booklets/pc_14_jun_sb2.pdf,[7],1,1.0,1 mark,no-calculator,C,T5,answer-key,/home/max/testgen-suite/ocr-frq/mb-exams/source-pdfs/marking-guides/pc_14_jun_mg.pdf,[67],[],Question 25 1 mark The general solution to the equation 1 cos 2 = − θ is: a) 2 3 where I 5 2 3 θ θ π  = + π  ∈  π  = + π  k k k b) 3 where I 5 3 θ θ π  = + π  ∈  π  = + π  k k k c) 2 2 3 where I 2 3 θ θ π  = + π  ∈  4π  = + π  k k k d) 2 3 where I 3 θ θ π  = + π  ∈  4π  = +
2014,jun,June 2014,26,mcq,2,/home/max/testgen-suite/ocr-frq/mb-exams/source-pdfs/student-booklets/pc_14_jun_sb2.pdf,[7],1,1.0,1 mark,no-calculator,A,T4,answer-key,/home/max/testgen-suite/ocr-frq/mb-exams/source-pdfs/marking-guides/pc_14_jun_mg.pdf,[67],[],"Question 26 1 mark If the equation ( ) ( ) sin y b x = + π is represented by the following graph, what is the value of b? a) 2 5 b) 5 2 c) 2 5 π d) 5π y −π 1 x π Pre-Calculus Mathematics: Booklet 2 (June 2014) 3"
2014,jun,June 2014,27,mcq,2,/home/max/testgen-suite/ocr-frq/mb-exams/source-pdfs/student-booklets/pc_14_jun_sb2.pdf,[8],1,1.0,1 mark,no-calculator,B,R7,answer-key,/home/max/testgen-suite/ocr-frq/mb-exams/source-pdfs/marking-guides/pc_14_jun_mg.pdf,[68],[],Question 27 1 mark Which of the following is closest to the value of 2 5 log 40 log 125? + a) 3 b) 8 c) 10 d) 45 
2014,jun,June 2014,28,mcq,2,/home/max/testgen-suite/ocr-frq/mb-exams/source-pdfs/student-booklets/pc_14_jun_sb2.pdf,[8],1,1.0,1 mark,no-calculator,D,R12,answer-key,/home/max/testgen-suite/ocr-frq/mb-exams/source-pdfs/marking-guides/pc_14_jun_mg.pdf,[68],[],Question 28 1 mark A sheet of paper 12 cm long and 8 cm wide is used to make a box with no lid. Equal squares of side length x cm are cut from each of the corners and the sides are folded up to make the box. Which of the following expresses the volume of the box? a) ( ) ( )( ) V 12 8 = + + x x x x b
2014,jun,June 2014,29,mcq,2,/home/max/testgen-suite/ocr-frq/mb-exams/source-pdfs/student-booklets/pc_14_jun_sb2.pdf,[8],1,1.0,1 mark,no-calculator,B,R5,answer-key,/home/max/testgen-suite/ocr-frq/mb-exams/source-pdfs/marking-guides/pc_14_jun_mg.pdf,[68],[],"Question 29 1 mark Given that the graph of ( ) f x contains the point ( ) 3, 5 , − what point must be on the graph of ( )? − f x a) ( ) 3, 5 − − b) ( ) 3, 5 c) ( ) 3, 5 − d) ( ) 5, 3 − 8 cm x x 12 cm 4 Pre-Calculus Mathematics: Booklet 2 (June 2014)"
2014,jun,June 2014,30,frq,2,/home/max/testgen-suite/ocr-frq/mb-exams/source-pdfs/student-booklets/pc_14_jun_sb2.pdf,[9],1,1.0,1 mark,no-calculator,,T1,marking-guide-heading,/home/max/testgen-suite/ocr-frq/mb-exams/source-pdfs/marking-guides/pc_14_jun_mg.pdf,[70],[],Question 30 1 mark 122 Determine one positive and one negative coterminal angle with the angle 5 . 6 π 
2014,jun,June 2014,31,frq,2,/home/max/testgen-suite/ocr-frq/mb-exams/source-pdfs/student-booklets/pc_14_jun_sb2.pdf,[9],1,2.0,2 marks,no-calculator,,T3,marking-guide-heading,/home/max/testgen-suite/ocr-frq/mb-exams/source-pdfs/marking-guides/pc_14_jun_mg.pdf,[72],[],Question 31 2 marks 123 Evaluate: 11 11 sin sec 3 6 π π          Pre-Calculus Mathematics: Booklet 2 (June 2014) 5
2014,jun,June 2014,32,frq,2,/home/max/testgen-suite/ocr-frq/mb-exams/source-pdfs/student-booklets/pc_14_jun_sb2.pdf,[10],1,1.0,1 mark,no-calculator,,T5,marking-guide-heading,/home/max/testgen-suite/ocr-frq/mb-exams/source-pdfs/marking-guides/pc_14_jun_mg.pdf,[74],[],"Question 32 1 mark 124 Given the equation 2 2sin 3sin 1 0 θ θ − + = , verify that 2 θ π = is a solution. "
2014,jun,June 2014,33,frq,2,/home/max/testgen-suite/ocr-frq/mb-exams/source-pdfs/student-booklets/pc_14_jun_sb2.pdf,[10],1,2.0,2 marks,no-calculator,,R8,marking-guide-heading,/home/max/testgen-suite/ocr-frq/mb-exams/source-pdfs/marking-guides/pc_14_jun_mg.pdf,[78],[],"Question 33 2 marks 125 Using the laws of logarithms, expand: loga x y z       g 6 Pre-Calculus Mathematics: Booklet 2 (June 2014)"
2014,jun,June 2014,34,frq,2,/home/max/testgen-suite/ocr-frq/mb-exams/source-pdfs/student-booklets/pc_14_jun_sb2.pdf,[11],1,3.0,a) 2 marks; b) 1 mark,no-calculator,,a) R9; b) R6,marking-guide-heading,/home/max/testgen-suite/ocr-frq/mb-exams/source-pdfs/marking-guides/pc_14_jun_mg.pdf,[80],[],Question 34 a) 2 marks b) 1 mark 126 127 a) Sketch the graph of ( ) 3 1. = + x f x b) Sketch the graph of ( ) 1 . f x − y x 1 1 y x 1 1 Pre-Calculus Mathematics: Booklet 2 (June 2014) 7
2014,jun,June 2014,35,frq,2,/home/max/testgen-suite/ocr-frq/mb-exams/source-pdfs/student-booklets/pc_14_jun_sb2.pdf,[12],1,2.0,2 marks,no-calculator,,R9,marking-guide-heading,/home/max/testgen-suite/ocr-frq/mb-exams/source-pdfs/marking-guides/pc_14_jun_mg.pdf,[84],[],Question 35 2 marks 128 Determine the x-intercept and y-intercept of ( ) 2 log 4 1. y x = + − 
2014,jun,June 2014,36,frq,2,/home/max/testgen-suite/ocr-frq/mb-exams/source-pdfs/student-booklets/pc_14_jun_sb2.pdf,[12],1,1.0,1 mark,no-calculator,,T5,marking-guide-heading,/home/max/testgen-suite/ocr-frq/mb-exams/source-pdfs/marking-guides/pc_14_jun_mg.pdf,[88],[],"Question 36 1 mark 129 Explain the error that was made when solving the following equation: sin 2 cos = θ θ, where ∈¡ θ 8 Pre-Calculus Mathematics: Booklet 2 (June 2014)"
2014,jun,June 2014,37,frq,2,/home/max/testgen-suite/ocr-frq/mb-exams/source-pdfs/student-booklets/pc_14_jun_sb2.pdf,[13],1,2.0,a) 1 mark; b) 1 mark,no-calculator,,R1,marking-guide-heading,/home/max/testgen-suite/ocr-frq/mb-exams/source-pdfs/marking-guides/pc_14_jun_mg.pdf,[90],[],Question 37 a) 1 mark b) 1 mark 130 131 Given ( ) 2 2 3 = − − f x x x and ( ) 1 g x x = + : a) Write the equation of ( ) ( ). y f g x = b) Sketch the graph of ( ) ( ). y f g x = y x 1 1 Pre-Calculus Mathematics: Booklet 2 (June 2014) 9
2014,jun,June 2014,38,frq,2,/home/max/testgen-suite/ocr-frq/mb-exams/source-pdfs/student-booklets/pc_14_jun_sb2.pdf,[14],1,1.0,1 mark,no-calculator,,T2,marking-guide-heading,/home/max/testgen-suite/ocr-frq/mb-exams/source-pdfs/marking-guides/pc_14_jun_mg.pdf,[96],[],"Question 38 1 mark 132 Is the point 3 3 , 4 4   −     on the unit circle? Justify your answer. "
2014,jun,June 2014,39,frq,2,/home/max/testgen-suite/ocr-frq/mb-exams/source-pdfs/student-booklets/pc_14_jun_sb2.pdf,[14],1,1.0,1 mark,no-calculator,,T3,marking-guide-heading,/home/max/testgen-suite/ocr-frq/mb-exams/source-pdfs/marking-guides/pc_14_jun_mg.pdf,[98],[],Question 39 1 mark 133 Explain why the equation 1 sec 4 θ = has no solution. 10 Pre-Calculus Mathematics: Booklet 2 (June 2014)
2014,jun,June 2014,40,frq,2,/home/max/testgen-suite/ocr-frq/mb-exams/source-pdfs/student-booklets/pc_14_jun_sb2.pdf,[15],1,1.0,1 mark,no-calculator,,T5,marking-guide-heading,/home/max/testgen-suite/ocr-frq/mb-exams/source-pdfs/marking-guides/pc_14_jun_mg.pdf,[100],[],"Question 40 1 mark 134 The graph of sin 2 = y x is sketched below. Explain how to use this graph to solve the equation 1 sin 2 2 = x over the interval [ ] 0, 2 . π y x π 1 1 − 2π Pre-Calculus Mathematics: Booklet 2 (June 2014) 11"
2014,jun,June 2014,41,frq,2,/home/max/testgen-suite/ocr-frq/mb-exams/source-pdfs/student-booklets/pc_14_jun_sb2.pdf,[16],1,3.0,3 marks,no-calculator,,T4,marking-guide-heading,/home/max/testgen-suite/ocr-frq/mb-exams/source-pdfs/marking-guides/pc_14_jun_mg.pdf,[102],[],"Question 41 3 marks 135 Sketch the graph of ( ) 4cos 2 = − y x over the interval [ ] , −π π . y x 12 Pre-Calculus Mathematics: Booklet 2 (June 2014)"
2014,jun,June 2014,42,frq,2,/home/max/testgen-suite/ocr-frq/mb-exams/source-pdfs/student-booklets/pc_14_jun_sb2.pdf,[17],1,2.0,2 marks,no-calculator,,R12,marking-guide-heading,/home/max/testgen-suite/ocr-frq/mb-exams/source-pdfs/marking-guides/pc_14_jun_mg.pdf,[104],[],Question 42 2 marks 136 Write the equation for ( ) f x that satisfies all of the following conditions: • ( ) f x is a polynomial function of degree 4 • ( ) f x has a zero at 2 with a multiplicity of 3 • ( ) f x has a zero at 5 − • ( ) f x has a y-intercept of 80 Pre-Calculus Mathematics: Booklet 2 (
2014,jun,June 2014,43,frq,2,/home/max/testgen-suite/ocr-frq/mb-exams/source-pdfs/student-booklets/pc_14_jun_sb2.pdf,[18],1,3.0,3 marks,no-calculator,,T6,marking-guide-heading,/home/max/testgen-suite/ocr-frq/mb-exams/source-pdfs/marking-guides/pc_14_jun_mg.pdf,[106],[],Question 43 3 marks 137 Find the exact value of 19 sin . 12 π       14 Pre-Calculus Mathematics: Booklet 2 (June 2014)
2014,jun,June 2014,44,frq,2,/home/max/testgen-suite/ocr-frq/mb-exams/source-pdfs/student-booklets/pc_14_jun_sb2.pdf,[19],1,4.0,4 marks,no-calculator,,R10,marking-guide-heading,/home/max/testgen-suite/ocr-frq/mb-exams/source-pdfs/marking-guides/pc_14_jun_mg.pdf,"[110, 111]",[],Question 44 4 marks 138 Solve the following equation: ( ) ( ) ( ) 2 2 2 2log 1 log 5 log 1 − − − = + x x x Pre-Calculus Mathematics: Booklet 2 (June 2014) 15
2014,jun,June 2014,45,frq,2,/home/max/testgen-suite/ocr-frq/mb-exams/source-pdfs/student-booklets/pc_14_jun_sb2.pdf,[20],1,3.0,3 marks,no-calculator,,R12,marking-guide-heading,/home/max/testgen-suite/ocr-frq/mb-exams/source-pdfs/marking-guides/pc_14_jun_mg.pdf,[114],[],Question 45 3 marks 139 Sketch the graph of ( ) ( ) ( ) 2 3 1 2 . = − + f x x x Label the x-intercepts and the y-intercept. x y 16 Pre-Calculus Mathematics: Booklet 2 (June 2014)
2014,jun,June 2014,46,frq,2,/home/max/testgen-suite/ocr-frq/mb-exams/source-pdfs/student-booklets/pc_14_jun_sb2.pdf,[21],1,4.0,4 marks,no-calculator,,R13,marking-guide-heading,/home/max/testgen-suite/ocr-frq/mb-exams/source-pdfs/marking-guides/pc_14_jun_mg.pdf,[118],[],Question 46 4 marks 140 Sketch the graph of ( ) 3 1 y x = − + . y x 1 1 Pre-Calculus Mathematics: Booklet 2 (June 2014) 17
2014,jun,June 2014,47,frq,2,/home/max/testgen-suite/ocr-frq/mb-exams/source-pdfs/student-booklets/pc_14_jun_sb2.pdf,[22],1,3.0,3 marks,no-calculator,,P2,marking-guide-heading,/home/max/testgen-suite/ocr-frq/mb-exams/source-pdfs/marking-guides/pc_14_jun_mg.pdf,[122],[],Question 47 3 marks 141 Solve: 1 2 42 − = n P 18 Pre-Calculus Mathematics: Booklet 2 (June 2014)
2014,jun,June 2014,48,frq,2,/home/max/testgen-suite/ocr-frq/mb-exams/source-pdfs/student-booklets/pc_14_jun_sb2.pdf,[23],1,3.0,3 marks,no-calculator,,R14,marking-guide-heading,/home/max/testgen-suite/ocr-frq/mb-exams/source-pdfs/marking-guides/pc_14_jun_mg.pdf,[124],[],Question 48 3 marks 142 Sketch the graph of 2 . 2 = + x y x 1 1 y x Pre-Calculus Mathematics: Booklet 2 (June 2014) 19
2014,jun,June 2014,49,frq,2,/home/max/testgen-suite/ocr-frq/mb-exams/source-pdfs/student-booklets/pc_14_jun_sb2.pdf,[24],1,2.0,2 marks,no-calculator,,R1,marking-guide-heading,/home/max/testgen-suite/ocr-frq/mb-exams/source-pdfs/marking-guides/pc_14_jun_mg.pdf,[128],[],"Question 49 2 marks 143 Given the graphs of ( ) f x and ( ), g x sketch the graph of ( )( ). g f g x y x 1 1 ( ) f x ( )( ) f g x g 1 1 y x y 1 1 ( ) g x x 20 Pre-Calculus Mathematics: Booklet 2 (June 2014)"
2015,jan,January 2015,1,frq,1,/home/max/testgen-suite/ocr-frq/mb-exams/source-pdfs/student-booklets/pc_15_jan_sb1.pdf,[7],1,1.0,1 mark,calculator-active,,T1,marking-guide-heading,/home/max/testgen-suite/ocr-frq/mb-exams/source-pdfs/marking-guides/pc_15_jan_mg.pdf,[12],[],Question 1 1 mark 101 Convert 13 5 π − to degrees. Pre-Calculus Mathematics: Booklet 1 (January 2015) 1
2015,jan,January 2015,2,frq,1,/home/max/testgen-suite/ocr-frq/mb-exams/source-pdfs/student-booklets/pc_15_jan_sb1.pdf,[8],1,3.0,a) 1 mark; b) 1 mark; c) 1 mark,calculator-active,,"P2, P3",marking-guide-heading,/home/max/testgen-suite/ocr-frq/mb-exams/source-pdfs/marking-guides/pc_15_jan_mg.pdf,[14],[],"Question 2 a) 1 mark b) 1 mark c) 1 mark 102 103 104 a) From a group of 9 people, in how many ways can you select a committee of 4 members? b) From a group of 9 people, in how many ways can you select a president, a vice president, a secretary, and a treasurer? c) Explain why the answers in a) and b"
2015,jan,January 2015,3,frq,1,/home/max/testgen-suite/ocr-frq/mb-exams/source-pdfs/student-booklets/pc_15_jan_sb1.pdf,[9],1,4.0,a) 2 marks; b) 2 marks,calculator-active,,R10,marking-guide-heading,/home/max/testgen-suite/ocr-frq/mb-exams/source-pdfs/marking-guides/pc_15_jan_mg.pdf,[18],[],"Question 3 a) 2 marks b) 2 marks 105 106 A population of 500 bacteria will triple in 20 hours. Using the formula given below, population after hours initial population rate of growth time in hours rt A Pe A t P r t = = = = = a) Determine the rate of growth, r. b) Determine how many hours it will tak"
2015,jan,January 2015,4,frq,1,/home/max/testgen-suite/ocr-frq/mb-exams/source-pdfs/student-booklets/pc_15_jan_sb1.pdf,[10],1,3.0,a) 1 mark; b) 2 marks,calculator-active,,T5,marking-guide-heading,/home/max/testgen-suite/ocr-frq/mb-exams/source-pdfs/marking-guides/pc_15_jan_mg.pdf,[22],[],"Question 4 a) 1 mark b) 2 marks 107 108 Talla incorrectly solved the following trigonometric equation: Solve: 2sec 5 0; 0 360 x x − = ≤ ≤  . Talla’s work: a) Explain her error. b) Determine the correct solution. − = = 2 sec 5 0 5 sec 2 x x No solution, sec cannot be greater than 1. x 4 Pre-Calculu"
2015,jan,January 2015,5,frq,1,/home/max/testgen-suite/ocr-frq/mb-exams/source-pdfs/student-booklets/pc_15_jan_sb1.pdf,[11],1,3.0,3 marks,calculator-active,,P4,marking-guide-heading,/home/max/testgen-suite/ocr-frq/mb-exams/source-pdfs/marking-guides/pc_15_jan_mg.pdf,[26],[],Question 5 3 marks 109 Simplify the 6th term in the expansion of: 10 2 3 2x x   −     Pre-Calculus Mathematics: Booklet 1 (January 2015) 5
2015,jan,January 2015,6,frq,1,/home/max/testgen-suite/ocr-frq/mb-exams/source-pdfs/student-booklets/pc_15_jan_sb1.pdf,[12],1,1.0,1 mark,calculator-active,,T1,marking-guide-heading,/home/max/testgen-suite/ocr-frq/mb-exams/source-pdfs/marking-guides/pc_15_jan_mg.pdf,[28],[],Question 6 1 mark 110 Determine the arc length subtended by a central angle if the diameter is 19 cm and the central angle is 1.6 radians. Note: A calculator is not required for the remaining test questions. 6 Pre-Calculus Mathematics: Booklet 1 (January 2015)
2015,jan,January 2015,7,frq,1,/home/max/testgen-suite/ocr-frq/mb-exams/source-pdfs/student-booklets/pc_15_jan_sb1.pdf,[13],1,4.0,4 marks,no-calculator,,"T3, T5",marking-guide-heading,/home/max/testgen-suite/ocr-frq/mb-exams/source-pdfs/marking-guides/pc_15_jan_mg.pdf,[30],[],"Question 7 4 marks 111 Solve the following equation algebraically for x, where 0 2 x ≤ ≤ π. 2 2cos 3sin x x = − Pre-Calculus Mathematics: Booklet 1 (January 2015) 7"
2015,jan,January 2015,8,frq,1,/home/max/testgen-suite/ocr-frq/mb-exams/source-pdfs/student-booklets/pc_15_jan_sb1.pdf,[14],1,1.0,1 mark,no-calculator,,P2,marking-guide-heading,/home/max/testgen-suite/ocr-frq/mb-exams/source-pdfs/marking-guides/pc_15_jan_mg.pdf,[34],[],Question 8 1 mark 112 In how many different ways can you arrange the letters in the word VOLLEYBALL? State your answer as a factorial. 8 Pre-Calculus Mathematics: Booklet 1 (January 2015)
2015,jan,January 2015,9,frq,1,/home/max/testgen-suite/ocr-frq/mb-exams/source-pdfs/student-booklets/pc_15_jan_sb1.pdf,[15],1,2.0,2 marks,no-calculator,,R11,marking-guide-heading,/home/max/testgen-suite/ocr-frq/mb-exams/source-pdfs/marking-guides/pc_15_jan_mg.pdf,[36],[],Question 9 2 marks 113 Is ( ) 2 x − a factor of the polynomial ( ) 4 3 2 3 11 3 10? p x x x x x = − − + + − Justify your response. Pre-Calculus Mathematics: Booklet 1 (January 2015) 9
2015,jan,January 2015,10,frq,1,/home/max/testgen-suite/ocr-frq/mb-exams/source-pdfs/student-booklets/pc_15_jan_sb1.pdf,[16],1,1.0,1 mark,no-calculator,,T4,marking-guide-heading,/home/max/testgen-suite/ocr-frq/mb-exams/source-pdfs/marking-guides/pc_15_jan_mg.pdf,[38],[],Question 10 1 mark 114 Determine the period of the sinusoidal function 1 1 sin 2 3 y x   =    . State your answer in radians. 10 Pre-Calculus Mathematics: Booklet 1 (January 2015)
2015,jan,January 2015,11,frq,1,/home/max/testgen-suite/ocr-frq/mb-exams/source-pdfs/student-booklets/pc_15_jan_sb1.pdf,[17],1,2.0,2 marks,no-calculator,,R1,marking-guide-heading,/home/max/testgen-suite/ocr-frq/mb-exams/source-pdfs/marking-guides/pc_15_jan_mg.pdf,[40],[],Question 11 2 marks 115 The domain of ( ) f x is 2. x ≤ The domain of ( ) g x is 7. x ≥− State the domain of ( ) ( ). f x g x + Justify your answer. Pre-Calculus Mathematics: Booklet 1 (January 2015) 11
2015,jan,January 2015,12,frq,1,/home/max/testgen-suite/ocr-frq/mb-exams/source-pdfs/student-booklets/pc_15_jan_sb1.pdf,[18],1,3.0,3 marks,no-calculator,,T6,marking-guide-heading,/home/max/testgen-suite/ocr-frq/mb-exams/source-pdfs/marking-guides/pc_15_jan_mg.pdf,"[42, 43]",[],Question 12 3 marks 116 Prove the identity below for all permissible values of θ . 2 1 cot csc 1 cos sin θ θ θ θ = − + Left-Hand Side Right-Hand Side 12 Pre-Calculus Mathematics: Booklet 1 (January 2015)
2015,jan,January 2015,13,frq,1,/home/max/testgen-suite/ocr-frq/mb-exams/source-pdfs/student-booklets/pc_15_jan_sb1.pdf,[19],1,1.0,1 mark,no-calculator,,R12,marking-guide-heading,/home/max/testgen-suite/ocr-frq/mb-exams/source-pdfs/marking-guides/pc_15_jan_mg.pdf,[48],[],Question 13 1 mark 117 Explain how the end behaviours of the graphs of polynomial functions with an even degree and with an odd degree are different. Pre-Calculus Mathematics: Booklet 1 (January 2015) 13
2015,jan,January 2015,14,frq,1,/home/max/testgen-suite/ocr-frq/mb-exams/source-pdfs/student-booklets/pc_15_jan_sb1.pdf,[20],1,2.0,2 marks,no-calculator,,R1,marking-guide-heading,/home/max/testgen-suite/ocr-frq/mb-exams/source-pdfs/marking-guides/pc_15_jan_mg.pdf,[50],[],"Question 14 2 marks 118 Given the graphs of ( ) f x and ( ) g x , sketch the graph of ( ) ( ) g x f x − . ( ) f x ( ) g x y x 1 1 x x y 1 1 1 1 y ( ) ( ) g x f x − 14 Pre-Calculus Mathematics: Booklet 1 (January 2015)"
2015,jan,January 2015,15,frq,1,/home/max/testgen-suite/ocr-frq/mb-exams/source-pdfs/student-booklets/pc_15_jan_sb1.pdf,[21],1,2.0,2 marks,no-calculator,,R6,marking-guide-heading,/home/max/testgen-suite/ocr-frq/mb-exams/source-pdfs/marking-guides/pc_15_jan_mg.pdf,[54],[],"Question 15 2 marks 119 Given ( ) 3 7 f x x = − + , evaluate ( ) 1 2 . f − − Pre-Calculus Mathematics: Booklet 1 (January 2015) 15"
2015,jan,January 2015,16,mcq,2,/home/max/testgen-suite/ocr-frq/mb-exams/source-pdfs/student-booklets/pc_15_jan_sb2.pdf,[5],1,1.0,1 mark,no-calculator,C,P4,answer-key,/home/max/testgen-suite/ocr-frq/mb-exams/source-pdfs/marking-guides/pc_15_jan_mg.pdf,[59],[],Question 16 1 mark How many terms are there in the expansion of ( ) 10 12 3 ? x + a) 9 b) 10 c) 11 d) 12 
2015,jan,January 2015,17,mcq,2,/home/max/testgen-suite/ocr-frq/mb-exams/source-pdfs/student-booklets/pc_15_jan_sb2.pdf,[5],1,1.0,1 mark,no-calculator,B,T1,answer-key,/home/max/testgen-suite/ocr-frq/mb-exams/source-pdfs/marking-guides/pc_15_jan_mg.pdf,[59],[],Question 17 1 mark A co-terminal angle for 11 3 π = θ in the domain 2 0 θ −π ≤ ≤ would be: a) 5 3 π − b) 3 π − c) 3 π d) 5 3 π 
2015,jan,January 2015,18,mcq,2,/home/max/testgen-suite/ocr-frq/mb-exams/source-pdfs/student-booklets/pc_15_jan_sb2.pdf,[5],1,1.0,1 mark,no-calculator,B,R9,answer-key,/home/max/testgen-suite/ocr-frq/mb-exams/source-pdfs/marking-guides/pc_15_jan_mg.pdf,[59],[],Question 18 1 mark The x-intercept of the graph of 3 1 x y = − is: a) 1 − b) 0 c) 1 d) 2 Pre-Calculus Mathematics: Booklet 2 (January 2015) 1
2015,jan,January 2015,19,mcq,2,/home/max/testgen-suite/ocr-frq/mb-exams/source-pdfs/student-booklets/pc_15_jan_sb2.pdf,[6],1,1.0,1 mark,no-calculator,C,P3,answer-key,/home/max/testgen-suite/ocr-frq/mb-exams/source-pdfs/marking-guides/pc_15_jan_mg.pdf,[60],[],"Question 19 1 mark If 5 3 n n C C = , the value of n must be: a) 3 b) 5 c) 8 d) 15 "
2015,jan,January 2015,20,mcq,2,/home/max/testgen-suite/ocr-frq/mb-exams/source-pdfs/student-booklets/pc_15_jan_sb2.pdf,[6],1,1.0,1 mark,no-calculator,C,R13,answer-key,/home/max/testgen-suite/ocr-frq/mb-exams/source-pdfs/marking-guides/pc_15_jan_mg.pdf,[60],[],"Question 20 1 mark What is the domain of the function ( ) ( )1 ? f x x = − + a) { } , 1 x x x ∈ ≠−  b) { } , 1 x x x ∈ ≥−  c) { } , 1 x x x ∈ ≤−  d) { } x x ∈ "
2015,jan,January 2015,21,mcq,2,/home/max/testgen-suite/ocr-frq/mb-exams/source-pdfs/student-booklets/pc_15_jan_sb2.pdf,[6],1,1.0,1 mark,no-calculator,B,T6,answer-key,/home/max/testgen-suite/ocr-frq/mb-exams/source-pdfs/marking-guides/pc_15_jan_mg.pdf,[60],[],Question 21 1 mark Identify a non-permissible value of x for the expression 1 cos 2x . a) 0 b) 4 π c) 2 π d) π 2 Pre-Calculus Mathematics: Booklet 2 (January 2015)
2015,jan,January 2015,22,mcq,2,/home/max/testgen-suite/ocr-frq/mb-exams/source-pdfs/student-booklets/pc_15_jan_sb2.pdf,[7],1,1.0,1 mark,no-calculator,A,R8,answer-key,/home/max/testgen-suite/ocr-frq/mb-exams/source-pdfs/marking-guides/pc_15_jan_mg.pdf,[61],[],Question 22 1 mark The expression 1 2log log 3 x y − as a single logarithm is: a) 2 3 log x y b) 2 log 3 x y c) 2 3 log x y − d) ( ) 2 3 log x y − 
2015,jan,January 2015,23,mcq,2,/home/max/testgen-suite/ocr-frq/mb-exams/source-pdfs/student-booklets/pc_15_jan_sb2.pdf,[7],1,1.0,1 mark,no-calculator,D,T2,answer-key,/home/max/testgen-suite/ocr-frq/mb-exams/source-pdfs/marking-guides/pc_15_jan_mg.pdf,[61],[],"Question 23 1 mark The point ( ) P θ lies on the unit circle. What are the coordinates of the point if 300 ? θ =  a) 1 3 , 2 2       b) 1 3 , 2 2   −     c) 3 1 , 2 2   −     d) 1 3 , 2 2   −     Pre-Calculus Mathematics: Booklet 2 (January 2015) 3"
2015,jan,January 2015,24,mcq,2,/home/max/testgen-suite/ocr-frq/mb-exams/source-pdfs/student-booklets/pc_15_jan_sb2.pdf,[8],1,1.0,1 mark,no-calculator,C,R12,answer-key,/home/max/testgen-suite/ocr-frq/mb-exams/source-pdfs/marking-guides/pc_15_jan_mg.pdf,[62],[],Question 24 1 mark What is the degree of the polynomial function represented by the graph below? a) 2 b) 3 c) 4 d) 5 
2015,jan,January 2015,25,mcq,2,/home/max/testgen-suite/ocr-frq/mb-exams/source-pdfs/student-booklets/pc_15_jan_sb2.pdf,[8],1,1.0,1 mark,no-calculator,A,R5,answer-key,/home/max/testgen-suite/ocr-frq/mb-exams/source-pdfs/marking-guides/pc_15_jan_mg.pdf,[62],[],"Question 25 1 mark When the point ( ) 4, 3 − − is reflected in the line y x = , the coordinates of the new point are: a) ( ) 3, 4 − − b) ( ) 3, 4 c) ( ) 4, 3 − d) ( ) 4, 3 − y x 4 Pre-Calculus Mathematics: Booklet 2 (January 2015)"
2015,jan,January 2015,26,frq,2,/home/max/testgen-suite/ocr-frq/mb-exams/source-pdfs/student-booklets/pc_15_jan_sb2.pdf,[9],1,3.0,a) 2 marks; b) 1 mark,no-calculator,,"R4, R9",marking-guide-heading,/home/max/testgen-suite/ocr-frq/mb-exams/source-pdfs/marking-guides/pc_15_jan_mg.pdf,[64],[],Question 26 a) 2 marks b) 1 mark 120 121 a) Sketch the graph of 1 4 x y   =     . b) Sketch the graph of 1 2 . 4 x y   =     x y x y Pre-Calculus Mathematics: Booklet 2 (January 2015) 5
2015,jan,January 2015,27,frq,2,/home/max/testgen-suite/ocr-frq/mb-exams/source-pdfs/student-booklets/pc_15_jan_sb2.pdf,[10],1,2.0,2 marks,no-calculator,,R11,marking-guide-heading,/home/max/testgen-suite/ocr-frq/mb-exams/source-pdfs/marking-guides/pc_15_jan_mg.pdf,[68],[],"Question 27 2 marks 122 Determine all of the zeroes of the function ( ) 3 2 5 2 24, p x x x x = − − + given one of the factors of ( ) p x is ( ) 3 . x − 6 Pre-Calculus Mathematics: Booklet 2 (January 2015)"
2015,jan,January 2015,28,frq,2,/home/max/testgen-suite/ocr-frq/mb-exams/source-pdfs/student-booklets/pc_15_jan_sb2.pdf,[11],1,2.0,2 marks,no-calculator,,R13,marking-guide-heading,/home/max/testgen-suite/ocr-frq/mb-exams/source-pdfs/marking-guides/pc_15_jan_mg.pdf,[70],[],"Question 28 2 marks 123 Given the graph of ( ) f x , sketch the graph of ( ) y f x = . y x 1 1 The graph of ( ) f x has already been drawn for your reference. No marks will be awarded for the graph of ( ) f x . y x 1 1 Pre-Calculus Mathematics: Booklet 2 (January 2015) 7"
2015,jan,January 2015,29,frq,2,/home/max/testgen-suite/ocr-frq/mb-exams/source-pdfs/student-booklets/pc_15_jan_sb2.pdf,[12],1,3.0,3 marks,no-calculator,,T4,marking-guide-heading,/home/max/testgen-suite/ocr-frq/mb-exams/source-pdfs/marking-guides/pc_15_jan_mg.pdf,[72],[],Question 29 3 marks 124 Sketch the graph of at least one period of the function ( ) 2sin 4 y x = − . x y 8 Pre-Calculus Mathematics: Booklet 2 (January 2015)
2015,jan,January 2015,30,frq,2,/home/max/testgen-suite/ocr-frq/mb-exams/source-pdfs/student-booklets/pc_15_jan_sb2.pdf,[13],1,3.0,3 marks,no-calculator,,R8,marking-guide-heading,/home/max/testgen-suite/ocr-frq/mb-exams/source-pdfs/marking-guides/pc_15_jan_mg.pdf,[76],[],Question 30 3 marks 125 Evaluate: 3 3 3 1 log 144 log 4 2log 3 2 − + Pre-Calculus Mathematics: Booklet 2 (January 2015) 9
2015,jan,January 2015,31,frq,2,/home/max/testgen-suite/ocr-frq/mb-exams/source-pdfs/student-booklets/pc_15_jan_sb2.pdf,[14],1,2.0,2 marks,no-calculator,,R14,marking-guide-heading,/home/max/testgen-suite/ocr-frq/mb-exams/source-pdfs/marking-guides/pc_15_jan_mg.pdf,[80],[],Question 31 2 marks 126 Match each function with its correct description. a) The graph of this function has a vertical asymptote at 1 x = −. b) The graph of this function has a point of discontinuity (hole) at 3 x = . c) The graph of this function has a horizontal asymptote at 4 y = . d) The domain 
2015,jan,January 2015,32,frq,2,/home/max/testgen-suite/ocr-frq/mb-exams/source-pdfs/student-booklets/pc_15_jan_sb2.pdf,[15],1,1.0,1 mark,no-calculator,,R3,marking-guide-heading,/home/max/testgen-suite/ocr-frq/mb-exams/source-pdfs/marking-guides/pc_15_jan_mg.pdf,[82],[],"Question 32 1 mark 127 The point ( ) 3, 4 − is on the graph of ( ) 1 3 2 y f x = . State the coordinates of the corresponding point on the graph of ( ) y f x = . Pre-Calculus Mathematics: Booklet 2 (January 2015) 11"
2015,jan,January 2015,33,frq,2,/home/max/testgen-suite/ocr-frq/mb-exams/source-pdfs/student-booklets/pc_15_jan_sb2.pdf,[16],1,3.0,3 marks,no-calculator,,R12,marking-guide-heading,/home/max/testgen-suite/ocr-frq/mb-exams/source-pdfs/marking-guides/pc_15_jan_mg.pdf,[84],[],Question 33 3 marks 128 Sketch the graph of ( )( )( ) 2 1 3 1 y x x x = − − − + . x y 12 Pre-Calculus Mathematics: Booklet 2 (January 2015)
2015,jan,January 2015,34,frq,2,/home/max/testgen-suite/ocr-frq/mb-exams/source-pdfs/student-booklets/pc_15_jan_sb2.pdf,[17],1,3.0,a) 2 marks; b) 1 mark,no-calculator,,T6,marking-guide-heading,/home/max/testgen-suite/ocr-frq/mb-exams/source-pdfs/marking-guides/pc_15_jan_mg.pdf,[88],[],Question 34 a) 2 marks b) 1 mark 129 130 a) Verify that the equation 2 1 sin sin 2 cos 2sin x x x x − = is true for 3 x π = . b) Explain why verifying the equation for 3 x π = is insufficient to conclude that the equation is an identity. Left-Hand Side Right-Hand Side Pre-Calculus Mathematics: Bookl
2015,jan,January 2015,35,frq,2,/home/max/testgen-suite/ocr-frq/mb-exams/source-pdfs/student-booklets/pc_15_jan_sb2.pdf,[18],1,2.0,2 marks,no-calculator,,P3,marking-guide-heading,/home/max/testgen-suite/ocr-frq/mb-exams/source-pdfs/marking-guides/pc_15_jan_mg.pdf,[92],[],Question 35 2 marks 131 Evaluate: 7 2 7 5 P P 14 Pre-Calculus Mathematics: Booklet 2 (January 2015)
2015,jan,January 2015,36,frq,2,/home/max/testgen-suite/ocr-frq/mb-exams/source-pdfs/student-booklets/pc_15_jan_sb2.pdf,[19],1,2.0,2 marks,no-calculator,,R4,marking-guide-heading,/home/max/testgen-suite/ocr-frq/mb-exams/source-pdfs/marking-guides/pc_15_jan_mg.pdf,[94],[],Question 36 2 marks 132 Use the graph of ( ) y f x = to sketch the graph of ( ) 3 1 y f x = + . 1 1 y x 1 1 y x The graph of ( ) f x has already been drawn for your reference. No marks will be awarded for the graph of ( ) f x . ( ) y f x = Pre-Calculus Mathematics: Booklet 2 (January 2015) 15
2015,jan,January 2015,37,frq,2,/home/max/testgen-suite/ocr-frq/mb-exams/source-pdfs/student-booklets/pc_15_jan_sb2.pdf,[20],1,3.0,3 marks,no-calculator,,R10,marking-guide-heading,/home/max/testgen-suite/ocr-frq/mb-exams/source-pdfs/marking-guides/pc_15_jan_mg.pdf,[98],[],Question 37 3 marks 133 Solve the following equation: ( ) 4 4 4 log 2 log 3 log x x + + = 16 Pre-Calculus Mathematics: Booklet 2 (January 2015)
2015,jan,January 2015,38,frq,2,/home/max/testgen-suite/ocr-frq/mb-exams/source-pdfs/student-booklets/pc_15_jan_sb2.pdf,[21],1,1.0,1 mark,no-calculator,,R14,marking-guide-heading,/home/max/testgen-suite/ocr-frq/mb-exams/source-pdfs/marking-guides/pc_15_jan_mg.pdf,[102],[],Question 38 1 mark 134 Determine the coordinates of the point of discontinuity (hole) for the graph of the function ( )( ) ( ) 2 3 2 x x y x − − = − . Pre-Calculus Mathematics: Booklet 2 (January 2015) 17
2015,jan,January 2015,39,frq,2,/home/max/testgen-suite/ocr-frq/mb-exams/source-pdfs/student-booklets/pc_15_jan_sb2.pdf,[22],1,2.0,2 marks,no-calculator,,T3,marking-guide-heading,/home/max/testgen-suite/ocr-frq/mb-exams/source-pdfs/marking-guides/pc_15_jan_mg.pdf,[104],[],Question 39 2 marks 135 Evaluate and simplify 5 sec tan 6 6 π π     −          . 18 Pre-Calculus Mathematics: Booklet 2 (January 2015)
2015,jan,January 2015,40,frq,2,/home/max/testgen-suite/ocr-frq/mb-exams/source-pdfs/student-booklets/pc_15_jan_sb2.pdf,[23],1,4.0,4 marks,no-calculator,,R13,marking-guide-heading,/home/max/testgen-suite/ocr-frq/mb-exams/source-pdfs/marking-guides/pc_15_jan_mg.pdf,[108],[],Question 40 4 marks 136 Sketch the graph of the following function: 2 3 y x = − − y x 1 1 − Pre-Calculus Mathematics: Booklet 2 (January 2015) 19
2015,jan,January 2015,41,frq,2,/home/max/testgen-suite/ocr-frq/mb-exams/source-pdfs/student-booklets/pc_15_jan_sb2.pdf,[24],1,3.0,3 marks,no-calculator,,R14,marking-guide-heading,/home/max/testgen-suite/ocr-frq/mb-exams/source-pdfs/marking-guides/pc_15_jan_mg.pdf,[112],[],Question 41 3 marks 137 Sketch the graph of ( ) 2 3. 2 x f x x + = + x y 20 Pre-Calculus Mathematics: Booklet 2 (January 2015)
2015,jan,January 2015,42,frq,2,/home/max/testgen-suite/ocr-frq/mb-exams/source-pdfs/student-booklets/pc_15_jan_sb2.pdf,[25],1,3.0,a) 2 marks; b) 1 mark,no-calculator,,R1,marking-guide-heading,/home/max/testgen-suite/ocr-frq/mb-exams/source-pdfs/marking-guides/pc_15_jan_mg.pdf,[116],[],"Question 42 a) 2 marks b) 1 mark 138 139 a) Given the functions ( ) 4 f x x = + and ( ) 3 6 g x x = − , evaluate ( ) ( ) 5 f g − . b) Is it possible to evaluate ( ) ( ) 5 g f − ? Justify your answer. Pre-Calculus Mathematics: Booklet 2 (January 2015) 21"
2015,jan,January 2015,43,frq,2,/home/max/testgen-suite/ocr-frq/mb-exams/source-pdfs/student-booklets/pc_15_jan_sb2.pdf,[26],1,1.0,1 mark,no-calculator,,R7,marking-guide-heading,/home/max/testgen-suite/ocr-frq/mb-exams/source-pdfs/marking-guides/pc_15_jan_mg.pdf,[120],[],Question 43 1 mark 140 Identify which of these values is greater. Justify your answer. 5 3 log 80 or log 30 22 Pre-Calculus Mathematics: Booklet 2 (January 2015)
2015,jan,January 2015,44,frq,2,/home/max/testgen-suite/ocr-frq/mb-exams/source-pdfs/student-booklets/pc_15_jan_sb2.pdf,[27],1,3.0,3 marks,no-calculator,,"T3, T6",marking-guide-heading,/home/max/testgen-suite/ocr-frq/mb-exams/source-pdfs/marking-guides/pc_15_jan_mg.pdf,[124],[],"Question 44 3 marks 141 Given 3 cos , 5 α = where α is in quadrant IV, and 2 cos , 3 β = − where β is in quadrant II, determine the exact value of ( ) sin α −β . Pre-Calculus Mathematics: Booklet 2 (January 2015) 23"
2015,jan,January 2015,45,frq,2,/home/max/testgen-suite/ocr-frq/mb-exams/source-pdfs/student-booklets/pc_15_jan_sb2.pdf,[28],1,1.0,1 mark,no-calculator,,P1,marking-guide-heading,/home/max/testgen-suite/ocr-frq/mb-exams/source-pdfs/marking-guides/pc_15_jan_mg.pdf,[128],[],Question 45 1 mark 142 Determine the number of possible sandwiches from the following menu. MENU Select one item from each column: Bread White Rye Brown Sauce Mayo Mustard Meat Turkey Ham Roast Beef Chicken Vegetable Tomato Onion Lettuce 24 Pre-Calculus Mathematics: Booklet 2 (January 2015)
2015,jun,June 2015,1,frq,1,/home/max/testgen-suite/ocr-frq/mb-exams/source-pdfs/student-booklets/pc_15_jun_sb1.pdf,[7],1,2.0,2 marks,calculator-active,,T1,marking-guide-heading,/home/max/testgen-suite/ocr-frq/mb-exams/source-pdfs/marking-guides/pc_15_jun_mg.pdf,[12],[],"Question 1 2 marks 101 Use the information in the diagram to determine the value of the arc length “ s ”, given the central angle of 56. 56 s 3m  Pre-Calculus Mathematics: Booklet 1 (June 2015) 1"
2015,jun,June 2015,2,frq,1,/home/max/testgen-suite/ocr-frq/mb-exams/source-pdfs/student-booklets/pc_15_jun_sb1.pdf,[8],1,4.0,4 marks,calculator-active,,T5,marking-guide-heading,/home/max/testgen-suite/ocr-frq/mb-exams/source-pdfs/marking-guides/pc_15_jun_mg.pdf,[14],[],Question 2 4 marks 102 Solve 2 tan 5tan 4 0 − + = θ θ where ∈ θ . 2 Pre-Calculus Mathematics: Booklet 1 (June 2015)
2015,jun,June 2015,3,frq,1,/home/max/testgen-suite/ocr-frq/mb-exams/source-pdfs/student-booklets/pc_15_jun_sb1.pdf,[9],1,4.0,4 marks,calculator-active,,"R8, R10",marking-guide-heading,/home/max/testgen-suite/ocr-frq/mb-exams/source-pdfs/marking-guides/pc_15_jun_mg.pdf,[18],[],Question 3 4 marks 103 Solve: ( ) 3 5 2 3 5 x x − = Pre-Calculus Mathematics: Booklet 1 (June 2015) 3
2015,jun,June 2015,4,frq,1,/home/max/testgen-suite/ocr-frq/mb-exams/source-pdfs/student-booklets/pc_15_jun_sb1.pdf,[10],1,3.0,3 marks,calculator-active,,P3,marking-guide-heading,/home/max/testgen-suite/ocr-frq/mb-exams/source-pdfs/marking-guides/pc_15_jun_mg.pdf,[22],[],Question 4 3 marks 104 David and Sarah are in a class of 10 boys and 8 girls. A committee of 3 boys and 2 girls is to be selected from the students in this class. Determine the number of possible committees if David and Sarah cannot be on the same committee. 4 Pre-Calculus Mathematics: Booklet 1 (Ju
2015,jun,June 2015,5,frq,1,/home/max/testgen-suite/ocr-frq/mb-exams/source-pdfs/student-booklets/pc_15_jun_sb1.pdf,[11],1,3.0,3 marks,calculator-active,,P4,marking-guide-heading,/home/max/testgen-suite/ocr-frq/mb-exams/source-pdfs/marking-guides/pc_15_jun_mg.pdf,[26],[],"Question 5 3 marks 105 In the binomial expansion of 10 5 2 3 x x   −     , simplify the 7th term. Pre-Calculus Mathematics: Booklet 1 (June 2015) 5"
2015,jun,June 2015,6,frq,1,/home/max/testgen-suite/ocr-frq/mb-exams/source-pdfs/student-booklets/pc_15_jun_sb1.pdf,[12],1,2.0,2 marks,calculator-active,,R10,marking-guide-heading,/home/max/testgen-suite/ocr-frq/mb-exams/source-pdfs/marking-guides/pc_15_jun_mg.pdf,[30],[],Question 6 2 marks 106 A lake affected by acid rain has a pH of 4.4. A person suffering from heartburn has a stomach acid pH of 1.2. The pH of a solution is defined as pH log H+   = −   where H+     is the hydrogen ion concentration. How many times greater is the hydrogen ion concentration o
2015,jun,June 2015,7,frq,1,/home/max/testgen-suite/ocr-frq/mb-exams/source-pdfs/student-booklets/pc_15_jun_sb1.pdf,[13],1,4.0,4 marks,no-calculator,,T5,marking-guide-heading,/home/max/testgen-suite/ocr-frq/mb-exams/source-pdfs/marking-guides/pc_15_jun_mg.pdf,[34],[],"Question 7 4 marks 107 Solve the following equation algebraically over the interval [ ] 0, 2π . cos 2 3sin 2 0 θ θ − − = Pre-Calculus Mathematics: Booklet 1 (June 2015) 7"
2015,jun,June 2015,8,frq,1,/home/max/testgen-suite/ocr-frq/mb-exams/source-pdfs/student-booklets/pc_15_jun_sb1.pdf,[14],1,1.0,1 mark,no-calculator,,R12,marking-guide-heading,/home/max/testgen-suite/ocr-frq/mb-exams/source-pdfs/marking-guides/pc_15_jun_mg.pdf,[36],[],"Question 8 1 mark 108 Explain how the value of n affects the behaviour of the graph of the polynomial function ( ) ( )( ) 3 1 n p x x x = + − , as ( ) p x approaches the x-intercept at 1 x = . 8 Pre-Calculus Mathematics: Booklet 1 (June 2015)"
2015,jun,June 2015,9,frq,1,/home/max/testgen-suite/ocr-frq/mb-exams/source-pdfs/student-booklets/pc_15_jun_sb1.pdf,[15],1,1.0,1 mark,no-calculator,,T1,marking-guide-heading,/home/max/testgen-suite/ocr-frq/mb-exams/source-pdfs/marking-guides/pc_15_jun_mg.pdf,[38],[],Question 9 1 mark 109 Sketch the angle 320 −  in standard position. y x Pre-Calculus Mathematics: Booklet 1 (June 2015) 9
2015,jun,June 2015,10,frq,1,/home/max/testgen-suite/ocr-frq/mb-exams/source-pdfs/student-booklets/pc_15_jun_sb1.pdf,[16],1,1.0,1 mark,no-calculator,,R5,marking-guide-heading,/home/max/testgen-suite/ocr-frq/mb-exams/source-pdfs/marking-guides/pc_15_jun_mg.pdf,[40],[],"Question 10 1 mark 110 Given the graph of ( ) y f x = , explain how to graph ( ) y f x = − . ( ) f x x y 1 1 10 Pre-Calculus Mathematics: Booklet 1 (June 2015)"
2015,jun,June 2015,11,frq,1,/home/max/testgen-suite/ocr-frq/mb-exams/source-pdfs/student-booklets/pc_15_jun_sb1.pdf,[17],1,1.0,1 mark,no-calculator,,R14,marking-guide-heading,/home/max/testgen-suite/ocr-frq/mb-exams/source-pdfs/marking-guides/pc_15_jun_mg.pdf,[42],[],Question 11 1 mark 111 Explain how the graph of ( ) ( ) 3 1 1 x y x − = − is different than the graph of 3 y = . Pre-Calculus Mathematics: Booklet 1 (June 2015) 11
2015,jun,June 2015,12,frq,1,/home/max/testgen-suite/ocr-frq/mb-exams/source-pdfs/student-booklets/pc_15_jun_sb1.pdf,[18],1,2.0,2 marks,no-calculator,,R3,marking-guide-heading,/home/max/testgen-suite/ocr-frq/mb-exams/source-pdfs/marking-guides/pc_15_jun_mg.pdf,[44],[],"Question 12 2 marks 112 Given the graph of ( ) f x , sketch the graph of ( ) ( ) 2 3 g x f x = . y x y x ( ) 6, 1 ( ) 3, 2 − ( ) 3, 1 − − ( ) f x ( ) g x 1 1 1 1 12 Pre-Calculus Mathematics: Booklet 1 (June 2015)"
2015,jun,June 2015,13,frq,1,/home/max/testgen-suite/ocr-frq/mb-exams/source-pdfs/student-booklets/pc_15_jun_sb1.pdf,[19],1,3.0,3 marks,no-calculator,,R13,marking-guide-heading,/home/max/testgen-suite/ocr-frq/mb-exams/source-pdfs/marking-guides/pc_15_jun_mg.pdf,[46],[],Question 13 3 marks 113 Determine the equation of the radical function represented by the graph. 1 1  y x Pre-Calculus Mathematics: Booklet 1 (June 2015) 13
2015,jun,June 2015,14,mcq,2,/home/max/testgen-suite/ocr-frq/mb-exams/source-pdfs/student-booklets/pc_15_jun_sb2.pdf,[5],1,1.0,1 mark,no-calculator,D,P1,answer-key,/home/max/testgen-suite/ocr-frq/mb-exams/source-pdfs/marking-guides/pc_15_jun_mg.pdf,[51],[],"Question 14 1 mark There are 2 types of pencils, 3 colours of highlighters, and 5 styles of pens. If you must select one of each to form a set, how many different sets of writing instruments are possible? a) 10 b) 11 c) 25 d) 30 "
2015,jun,June 2015,15,mcq,2,/home/max/testgen-suite/ocr-frq/mb-exams/source-pdfs/student-booklets/pc_15_jun_sb2.pdf,[5],1,1.0,1 mark,no-calculator,A,T2,answer-key,/home/max/testgen-suite/ocr-frq/mb-exams/source-pdfs/marking-guides/pc_15_jun_mg.pdf,[51],[],"Question 15 1 mark The point ( ) P θ lies on the unit circle. What are the coordinates of the point P if 120 θ = ? a) 1 3 , 2 2   −     b) 3 1 , 2 2   − −     c) 3 1 , 2 2   −     d) 1 3 , 2 2       Pre-Calculus Mathematics: Booklet 2 (June 2015) 1"
2015,jun,June 2015,16,mcq,2,/home/max/testgen-suite/ocr-frq/mb-exams/source-pdfs/student-booklets/pc_15_jun_sb2.pdf,[6],1,1.0,1 mark,no-calculator,D,R13,answer-key,/home/max/testgen-suite/ocr-frq/mb-exams/source-pdfs/marking-guides/pc_15_jun_mg.pdf,[52],[],Question 16 1 mark Identify the function that has a domain of { } 7 x x ≥ and a range of { } 0 y y ≥ . a) ( ) 7 f x x = + b) ( ) 7 f x x = − c) ( ) 7 f x x = + d) ( ) 7 f x x = − 
2015,jun,June 2015,17,mcq,2,/home/max/testgen-suite/ocr-frq/mb-exams/source-pdfs/student-booklets/pc_15_jun_sb2.pdf,[6],1,1.0,1 mark,no-calculator,B,T4,answer-key,/home/max/testgen-suite/ocr-frq/mb-exams/source-pdfs/marking-guides/pc_15_jun_mg.pdf,[52],[],"Question 17 1 mark Using ( ) 10cos B C D y x = −  − +   , the value of C that corresponds to the following graph is: a) 5 b) 10 c) 15 d) 20   10 20 20 y x 2 Pre-Calculus Mathematics: Booklet 2 (June 2015)"
2015,jun,June 2015,18,mcq,2,/home/max/testgen-suite/ocr-frq/mb-exams/source-pdfs/student-booklets/pc_15_jun_sb2.pdf,[7],1,1.0,1 mark,no-calculator,B,P4,answer-key,/home/max/testgen-suite/ocr-frq/mb-exams/source-pdfs/marking-guides/pc_15_jun_mg.pdf,[53],[],"Question 18 1 mark Given the following row of Pascal’s Triangle, identify the binomial expansion with these coefficients. 1 5 10 10 5 1 a) ( )4 x y + b) ( )5 x y + c) ( )6 x y + d) ( )7 x y + "
2015,jun,June 2015,19,mcq,2,/home/max/testgen-suite/ocr-frq/mb-exams/source-pdfs/student-booklets/pc_15_jun_sb2.pdf,[7],1,1.0,1 mark,no-calculator,D,R12,answer-key,/home/max/testgen-suite/ocr-frq/mb-exams/source-pdfs/marking-guides/pc_15_jun_mg.pdf,[53],[],Question 19 1 mark Identify the graph of the function ( ) ( )( ) ( ) 2 2 1 1 f x x x x = − − − + . a) b) c) d) Pre-Calculus Mathematics: Booklet 2 (June 2015) 3
2015,jun,June 2015,20,mcq,2,/home/max/testgen-suite/ocr-frq/mb-exams/source-pdfs/student-booklets/pc_15_jun_sb2.pdf,[8],1,1.0,1 mark,no-calculator,B,R7,answer-key,/home/max/testgen-suite/ocr-frq/mb-exams/source-pdfs/marking-guides/pc_15_jun_mg.pdf,[54],[],Question 20 1 mark Determine the value of ( ) 9 3 log log 27 . a) 1 3 b) 1 2 c) 2 d) 3 
2015,jun,June 2015,21,mcq,2,/home/max/testgen-suite/ocr-frq/mb-exams/source-pdfs/student-booklets/pc_15_jun_sb2.pdf,[8],1,1.0,1 mark,no-calculator,A,R4,answer-key,/home/max/testgen-suite/ocr-frq/mb-exams/source-pdfs/marking-guides/pc_15_jun_mg.pdf,[54],[],"Question 21 1 mark If ( ) ,x y is a point on the graph of ( ) y f x = , identify the coordinates of this point on the graph of ( ) ( ) 2 5 g x f x = + . a) , 5 2 x y   +     b) ( ) 2 , 5 x y + c) , 5 2 x y   −     d) 5, 2 x y   −     4 Pre-Calculus Mathematics: Booklet 2 (June 2015"
2015,jun,June 2015,22,mcq,2,/home/max/testgen-suite/ocr-frq/mb-exams/source-pdfs/student-booklets/pc_15_jun_sb2.pdf,[9],1,1.0,1 mark,no-calculator,C,"R7, R8",answer-key,/home/max/testgen-suite/ocr-frq/mb-exams/source-pdfs/marking-guides/pc_15_jun_mg.pdf,[54],[],Question 22 1 mark Identify an equivalent expression for 1 + log2 5. a) log2 5 b) log2 7 c) log2 10 d) log211 Pre-Calculus Mathematics: Booklet 2 (June 2015) 5
2015,jun,June 2015,23,frq,2,/home/max/testgen-suite/ocr-frq/mb-exams/source-pdfs/student-booklets/pc_15_jun_sb2.pdf,[10],1,4.0,4 marks,no-calculator,,R10,marking-guide-heading,/home/max/testgen-suite/ocr-frq/mb-exams/source-pdfs/marking-guides/pc_15_jun_mg.pdf,[56],[],Question 23 4 marks 114 Solve: ( ) 4 4 2log log 3 1 x x − + = 6 Pre-Calculus Mathematics: Booklet 2 (June 2015)
2015,jun,June 2015,24,frq,2,/home/max/testgen-suite/ocr-frq/mb-exams/source-pdfs/student-booklets/pc_15_jun_sb2.pdf,[11],1,3.0,3 marks,no-calculator,,"R2, R5",marking-guide-heading,/home/max/testgen-suite/ocr-frq/mb-exams/source-pdfs/marking-guides/pc_15_jun_mg.pdf,[60],[],"Question 24 3 marks 115 The following transformations are applied to ( ) f x , resulting in a new function, ( ) g x . • reflection over the y-axis • horizontal translation of 3 units to the right • vertical translation of 4 units down Write the equation of ( ) g x in terms of ( ) f x . ( ) g x = ___"
2015,jun,June 2015,25,frq,2,/home/max/testgen-suite/ocr-frq/mb-exams/source-pdfs/student-booklets/pc_15_jun_sb2.pdf,[12],1,4.0,a) 3 marks; b) 1 mark,no-calculator,,T4,marking-guide-heading,/home/max/testgen-suite/ocr-frq/mb-exams/source-pdfs/marking-guides/pc_15_jun_mg.pdf,[62],[],"Question 25 a) 3 marks b) 1 mark 116 117 The height of a bicycle pedal as the bicycle is moving at a constant speed can be represented by the following function: ( ) 2 15cos 30 5 h t t π = + where h is the height of the pedal above the ground, in cm, and t is the time, in seconds. a) Sketch a graph "
2015,jun,June 2015,26,frq,2,/home/max/testgen-suite/ocr-frq/mb-exams/source-pdfs/student-booklets/pc_15_jun_sb2.pdf,[13],1,4.0,4 marks,no-calculator,,R14,marking-guide-heading,/home/max/testgen-suite/ocr-frq/mb-exams/source-pdfs/marking-guides/pc_15_jun_mg.pdf,[66],[],Question 26 4 marks 118 Sketch the graph of the function ( ) f x and determine the y-intercept. ( ) ( )( ) 4 2 2 f x x x = − + y-intercept: y x Pre-Calculus Mathematics: Booklet 2 (June 2015) 9
2015,jun,June 2015,27,frq,2,/home/max/testgen-suite/ocr-frq/mb-exams/source-pdfs/student-booklets/pc_15_jun_sb2.pdf,[14],1,1.0,1 mark,no-calculator,,R10,marking-guide-heading,/home/max/testgen-suite/ocr-frq/mb-exams/source-pdfs/marking-guides/pc_15_jun_mg.pdf,[70],[],Question 27 1 mark 119 Kim solved the following logarithmic equation: ( ) 2 2 log log 4 3 4 3 3 12 4 12 3 x x x x x x x x   − = −     − = − − = − − = − = Explain why 3 x = is an extraneous solution. 10 Pre-Calculus Mathematics: Booklet 2 (June 2015)
2015,jun,June 2015,28,frq,2,/home/max/testgen-suite/ocr-frq/mb-exams/source-pdfs/student-booklets/pc_15_jun_sb2.pdf,[15],1,3.0,3 marks,no-calculator,,R12,marking-guide-heading,/home/max/testgen-suite/ocr-frq/mb-exams/source-pdfs/marking-guides/pc_15_jun_mg.pdf,[72],[],Question 28 3 marks 120 Determine the equation of the polynomial function represented by the graph. ( ) ______________________________ p x = y x 24 2 3 − ( ) p x Pre-Calculus Mathematics: Booklet 2 (June 2015) 11
2015,jun,June 2015,29,frq,2,/home/max/testgen-suite/ocr-frq/mb-exams/source-pdfs/student-booklets/pc_15_jun_sb2.pdf,[16],1,1.0,1 mark,no-calculator,,T1,marking-guide-heading,/home/max/testgen-suite/ocr-frq/mb-exams/source-pdfs/marking-guides/pc_15_jun_mg.pdf,[74],[],"Question 29 1 mark 121 Determine the coterminal angles with 2 3 π over the interval [ ] 2 , 4 −π π . 12 Pre-Calculus Mathematics: Booklet 2 (June 2015)"
2015,jun,June 2015,30,frq,2,/home/max/testgen-suite/ocr-frq/mb-exams/source-pdfs/student-booklets/pc_15_jun_sb2.pdf,[17],1,2.0,a) 1 mark; b) 1 mark,no-calculator,,R13,marking-guide-heading,/home/max/testgen-suite/ocr-frq/mb-exams/source-pdfs/marking-guides/pc_15_jun_mg.pdf,[76],[],Question 30 a) 1 mark b) 1 mark 122 123 a) Solve the following equation: 0 4 8 2 x = − − b) Explain how your answer in a) is related to the graph of 4 8 2 y x = − − . Pre-Calculus Mathematics: Booklet 2 (June 2015) 13
2015,jun,June 2015,31,frq,2,/home/max/testgen-suite/ocr-frq/mb-exams/source-pdfs/student-booklets/pc_15_jun_sb2.pdf,[18],1,3.0,3 marks,no-calculator,,"T3, T6",marking-guide-heading,/home/max/testgen-suite/ocr-frq/mb-exams/source-pdfs/marking-guides/pc_15_jun_mg.pdf,[80],[],Question 31 3 marks 124 Determine the exact value of 13 sin 12 π . 14 Pre-Calculus Mathematics: Booklet 2 (June 2015)
2015,jun,June 2015,32,frq,2,/home/max/testgen-suite/ocr-frq/mb-exams/source-pdfs/student-booklets/pc_15_jun_sb2.pdf,[19],1,3.0,a) 2 marks; b) 1 mark,no-calculator,,R1,marking-guide-heading,/home/max/testgen-suite/ocr-frq/mb-exams/source-pdfs/marking-guides/pc_15_jun_mg.pdf,[82],[],Question 32 a) 2 marks b) 1 mark 125 126 Given the functions ( ) 2 f x x = + and ( ) 1 5 g x x = − : a) Determine the equation of the composite function ( ) ( ) f g x and its domain. ( ) ( ) f g x = domain: b) Determine the x-intercept and y-intercept of ( ) ( ) f g x . x-intercept: y-intercept: Pre
2015,jun,June 2015,33,frq,2,/home/max/testgen-suite/ocr-frq/mb-exams/source-pdfs/student-booklets/pc_15_jun_sb2.pdf,[20],1,3.0,a) 2 marks; b) 1 mark,no-calculator,,"R9, R6",marking-guide-heading,/home/max/testgen-suite/ocr-frq/mb-exams/source-pdfs/marking-guides/pc_15_jun_mg.pdf,[86],[],Question 33 a) 2 marks b) 1 mark 127 128 a) Sketch the graph of ( ) ( ) 5 log 1 f x x = − . b) Sketch the graph of ( ) 1 f x − . y x y x 16 Pre-Calculus Mathematics: Booklet 2 (June 2015)
2015,jun,June 2015,34,frq,2,/home/max/testgen-suite/ocr-frq/mb-exams/source-pdfs/student-booklets/pc_15_jun_sb2.pdf,[21],1,1.0,1 mark,no-calculator,,R14,marking-guide-heading,/home/max/testgen-suite/ocr-frq/mb-exams/source-pdfs/marking-guides/pc_15_jun_mg.pdf,[90],[],Question 34 1 mark 129 Explain what the graph of a rational function looks like near a vertical asymptote. 
2015,jun,June 2015,35,frq,2,/home/max/testgen-suite/ocr-frq/mb-exams/source-pdfs/student-booklets/pc_15_jun_sb2.pdf,[21],1,1.0,1 mark,no-calculator,,R6,marking-guide-heading,/home/max/testgen-suite/ocr-frq/mb-exams/source-pdfs/marking-guides/pc_15_jun_mg.pdf,[92],[],"Question 35 1 mark 130 Given the graph of ( ) ( )2 2 f x x = − , determine one possible restriction for the domain of ( ) f x so that its inverse is a function. Domain: 1 1 y x Pre-Calculus Mathematics: Booklet 2 (June 2015) 17"
2015,jun,June 2015,36,frq,2,/home/max/testgen-suite/ocr-frq/mb-exams/source-pdfs/student-booklets/pc_15_jun_sb2.pdf,[22],1,2.0,2 marks,no-calculator,,"T3, T6",marking-guide-heading,/home/max/testgen-suite/ocr-frq/mb-exams/source-pdfs/marking-guides/pc_15_jun_mg.pdf,[94],[],"Question 36 2 marks 131 Over the interval [ ] 0, 2π , determine the non-permissible values of θ in the expression ( ) csc cos 1 θ θ + . 18 Pre-Calculus Mathematics: Booklet 2 (June 2015)"
2015,jun,June 2015,37,frq,2,/home/max/testgen-suite/ocr-frq/mb-exams/source-pdfs/student-booklets/pc_15_jun_sb2.pdf,[23],1,1.0,1 mark,no-calculator,,P3,marking-guide-heading,/home/max/testgen-suite/ocr-frq/mb-exams/source-pdfs/marking-guides/pc_15_jun_mg.pdf,[96],[],Question 37 1 mark 132 Explain why 3 8 C is undefined. Pre-Calculus Mathematics: Booklet 2 (June 2015) 19
2015,jun,June 2015,38,frq,2,/home/max/testgen-suite/ocr-frq/mb-exams/source-pdfs/student-booklets/pc_15_jun_sb2.pdf,[24],1,3.0,3 marks,no-calculator,,P2,marking-guide-heading,/home/max/testgen-suite/ocr-frq/mb-exams/source-pdfs/marking-guides/pc_15_jun_mg.pdf,[98],[],Question 38 3 marks 133 Solve: ( ) 3 48 1 n P n = − 20 Pre-Calculus Mathematics: Booklet 2 (June 2015)
2015,jun,June 2015,39,frq,2,/home/max/testgen-suite/ocr-frq/mb-exams/source-pdfs/student-booklets/pc_15_jun_sb2.pdf,[25],1,4.0,a) 2 marks; b) 1 mark; c) 1 mark,no-calculator,,"R11, R12",marking-guide-heading,/home/max/testgen-suite/ocr-frq/mb-exams/source-pdfs/marking-guides/pc_15_jun_mg.pdf,[100],[],"Question 39 a) 2 marks b) 1 mark c) 1 mark 134 135 136 Christine dives off a diving board. Her dive is modelled by the function ( ) 3 2 3 3 h t t t t = − −+ , where h is her height in metres, relative to the water surface and t is the time in seconds after diving off the diving board. a) Given that "
2015,jun,June 2015,40,frq,2,/home/max/testgen-suite/ocr-frq/mb-exams/source-pdfs/student-booklets/pc_15_jun_sb2.pdf,[26],1,3.0,3 marks,no-calculator,,T6,marking-guide-heading,/home/max/testgen-suite/ocr-frq/mb-exams/source-pdfs/marking-guides/pc_15_jun_mg.pdf,"[104, 105]",[],Question 40 3 marks 137 Prove the identity for all permissible values of x . cos sec tan 1 sin x x x x + = − Left-Hand Side Right-Hand Side 22 Pre-Calculus Mathematics: Booklet 2 (June 2015)
2015,jun,June 2015,41,frq,2,/home/max/testgen-suite/ocr-frq/mb-exams/source-pdfs/student-booklets/pc_15_jun_sb2.pdf,[27],1,2.0,2 marks,no-calculator,,"R1, R5",marking-guide-heading,/home/max/testgen-suite/ocr-frq/mb-exams/source-pdfs/marking-guides/pc_15_jun_mg.pdf,[108],[],"Question 41 2 marks 138 Given the graph of ( ) f x , sketch the graph of the function ( ) ( ) g x f x = − . y x 3 3 1 −  y x 1 1 ( ) f x ( ) g x Pre-Calculus Mathematics: Booklet 2 (June 2015) 23"
2015,jun,June 2015,42,frq,2,/home/max/testgen-suite/ocr-frq/mb-exams/source-pdfs/student-booklets/pc_15_jun_sb2.pdf,[28],1,2.0,2 marks,no-calculator,,T2,marking-guide-heading,/home/max/testgen-suite/ocr-frq/mb-exams/source-pdfs/marking-guides/pc_15_jun_mg.pdf,[112],[],"Question 42 2 marks 139 Given that 2 cot 5 θ = − , where θ is in Quadrant IV, determine the exact value of sinθ. 24 Pre-Calculus Mathematics: Booklet 2 (June 2015)"
2016,jan,January 2016,1,frq,1,/home/max/testgen-suite/ocr-frq/mb-exams/source-pdfs/student-booklets/pc_16_jan_sb1.pdf,[7],1,2.0,2 marks,calculator-active,,T1,marking-guide-heading,/home/max/testgen-suite/ocr-frq/mb-exams/source-pdfs/marking-guides/pc_16_jan_mg.pdf,[12],[],"Question 1 2 marks 101 A pizza with a diameter of 15 inches is cut into equal slices, each with a central angle of 36. Determine the length of the crust on the outer edge of one slice of pizza. Pre-Calculus Mathematics: Booklet 1 (January 2016) 1"
2016,jan,January 2016,2,frq,1,/home/max/testgen-suite/ocr-frq/mb-exams/source-pdfs/student-booklets/pc_16_jan_sb1.pdf,[8],1,3.0,a) 1 mark; b) 2 marks,calculator-active,,P3,marking-guide-heading,/home/max/testgen-suite/ocr-frq/mb-exams/source-pdfs/marking-guides/pc_16_jan_mg.pdf,[14],[],"Question 2 a) 1 mark b) 2 marks 102 103 There are 9 girls and 7 boys in a math class from which a committee of 5 is to be chosen. a) How many different committees of 5 can be formed if one of the boys, William, must be on the committee? b) How many different committees of 5 can be formed if there mu"
2016,jan,January 2016,3,frq,1,/home/max/testgen-suite/ocr-frq/mb-exams/source-pdfs/student-booklets/pc_16_jan_sb1.pdf,[9],1,3.0,3 marks,calculator-active,,T5,marking-guide-heading,/home/max/testgen-suite/ocr-frq/mb-exams/source-pdfs/marking-guides/pc_16_jan_mg.pdf,[18],[],"Question 3 3 marks 104 Solve the following equation over the interval [ ] 0, 2π : 2 sin 6sin 2 0 θ θ + − = Pre-Calculus Mathematics: Booklet 1 (January 2016) 3"
2016,jan,January 2016,4,frq,1,/home/max/testgen-suite/ocr-frq/mb-exams/source-pdfs/student-booklets/pc_16_jan_sb1.pdf,[10],1,4.0,4 marks,calculator-active,,R10,marking-guide-heading,/home/max/testgen-suite/ocr-frq/mb-exams/source-pdfs/marking-guides/pc_16_jan_mg.pdf,[22],[],Question 4 4 marks 105 Solve: ( ) 3 2 2 6 5 9 x x + − = Note: A calculator is not required for the remaining test questions. 4 Pre-Calculus Mathematics: Booklet 1 (January 2016)
2016,jan,January 2016,5,frq,1,/home/max/testgen-suite/ocr-frq/mb-exams/source-pdfs/student-booklets/pc_16_jan_sb1.pdf,[11],1,4.0,4 marks,no-calculator,,T5,marking-guide-heading,/home/max/testgen-suite/ocr-frq/mb-exams/source-pdfs/marking-guides/pc_16_jan_mg.pdf,[26],[],Question 5 4 marks 106 Solve ( )( ) 2sin 1 sin 1 0 θ θ − + = where θ ∈. Pre-Calculus Mathematics: Booklet 1 (January 2016) 5
2016,jan,January 2016,6,frq,1,/home/max/testgen-suite/ocr-frq/mb-exams/source-pdfs/student-booklets/pc_16_jan_sb1.pdf,[12],1,1.0,1 mark,no-calculator,,R12,marking-guide-heading,/home/max/testgen-suite/ocr-frq/mb-exams/source-pdfs/marking-guides/pc_16_jan_mg.pdf,[30],[],Question 6 1 mark 107 The roots of the polynomial equation ( )( ) 2 3 2 1 0 x x − + = are 2 x = and 1 x = −. Explain what these roots represent on the graph of ( ) ( )( ) 2 3 2 1 p x x x = − + . 6 Pre-Calculus Mathematics: Booklet 1 (January 2016)
2016,jan,January 2016,7,frq,1,/home/max/testgen-suite/ocr-frq/mb-exams/source-pdfs/student-booklets/pc_16_jan_sb1.pdf,[13],1,2.0,2 marks,no-calculator,,"R2, R3",marking-guide-heading,/home/max/testgen-suite/ocr-frq/mb-exams/source-pdfs/marking-guides/pc_16_jan_mg.pdf,[32],[],Question 7 2 marks 108 Determine an equation for ( ) g x as a transformation of ( ) f x . ( ) g x = ( ) g x ( ) f x y 1 1 x Pre-Calculus Mathematics: Booklet 1 (January 2016) 7
2016,jan,January 2016,8,frq,1,/home/max/testgen-suite/ocr-frq/mb-exams/source-pdfs/student-booklets/pc_16_jan_sb1.pdf,[14],1,1.0,1 mark,no-calculator,,R11,marking-guide-heading,/home/max/testgen-suite/ocr-frq/mb-exams/source-pdfs/marking-guides/pc_16_jan_mg.pdf,[34],[],"Question 8 1 mark 109 A student must determine the factors of 4 3 5 2 4 1. x x x − + − He used 5, 2, 4, and 1 − − as the coefficients of the polynomial when using synthetic division. Explain the student’s error. 8 Pre-Calculus Mathematics: Booklet 1 (January 2016)"
2016,jan,January 2016,9,frq,1,/home/max/testgen-suite/ocr-frq/mb-exams/source-pdfs/student-booklets/pc_16_jan_sb1.pdf,[15],1,2.0,2 marks,no-calculator,,"R2, R5",marking-guide-heading,/home/max/testgen-suite/ocr-frq/mb-exams/source-pdfs/marking-guides/pc_16_jan_mg.pdf,[36],[],Question 9 2 marks 110 Describe the transformations of ( ) y f x = when asked to sketch the graph of ( ) 4 y f x = − − . Pre-Calculus Mathematics: Booklet 1 (January 2016) 9
2016,jan,January 2016,10,frq,1,/home/max/testgen-suite/ocr-frq/mb-exams/source-pdfs/student-booklets/pc_16_jan_sb1.pdf,[16],1,3.0,3 marks,no-calculator,,T6,marking-guide-heading,/home/max/testgen-suite/ocr-frq/mb-exams/source-pdfs/marking-guides/pc_16_jan_mg.pdf,"[38, 39]",[],Question 10 3 marks 111 Prove the identity below for all permissible values of θ : cos 1 sin tan cos tan θ θ θ θ θ + = Left-Hand Side Right-Hand Side 10 Pre-Calculus Mathematics: Booklet 1 (January 2016)
2016,jan,January 2016,11,frq,1,/home/max/testgen-suite/ocr-frq/mb-exams/source-pdfs/student-booklets/pc_16_jan_sb1.pdf,[17],1,1.0,1 mark,no-calculator,,T5,marking-guide-heading,/home/max/testgen-suite/ocr-frq/mb-exams/source-pdfs/marking-guides/pc_16_jan_mg.pdf,[42],[],Question 11 1 mark 112 Describe how to use the graphs of ( ) 3sin f x x = and ( ) 2 g x = to solve the equation 3sin 2 x = . ( ) 3sin f x x = ( ) 2 g x = π 2π 2 −π −π y x 1 Pre-Calculus Mathematics: Booklet 1 (January 2016) 11
2016,jan,January 2016,12,frq,1,/home/max/testgen-suite/ocr-frq/mb-exams/source-pdfs/student-booklets/pc_16_jan_sb1.pdf,[18],1,1.0,1 mark,no-calculator,,P1,marking-guide-heading,/home/max/testgen-suite/ocr-frq/mb-exams/source-pdfs/marking-guides/pc_16_jan_mg.pdf,[44],[],Question 12 1 mark 113 A hockey arena has 5 doors. Determine the number of ways that you can enter through one door but exit through a different door. 12 Pre-Calculus Mathematics: Booklet 1 (January 2016)
2016,jan,January 2016,13,frq,1,/home/max/testgen-suite/ocr-frq/mb-exams/source-pdfs/student-booklets/pc_16_jan_sb1.pdf,[19],1,2.0,2 marks,no-calculator,,R11,marking-guide-heading,/home/max/testgen-suite/ocr-frq/mb-exams/source-pdfs/marking-guides/pc_16_jan_mg.pdf,[46],[],"Question 13 2 marks 114 Given that ( ) 3 x + is one of the factors, express 3 2 2 7 2 3 x x x + + − as a product of factors. Pre-Calculus Mathematics: Booklet 1 (January 2016) 13"
2016,jan,January 2016,14,mcq,2,/home/max/testgen-suite/ocr-frq/mb-exams/source-pdfs/student-booklets/pc_16_jan_sb2.pdf,[5],1,1.0,1 mark,no-calculator,C,R12,answer-key,/home/max/testgen-suite/ocr-frq/mb-exams/source-pdfs/marking-guides/pc_16_jan_mg.pdf,[51],[],Question 14 1 mark Identify the maximum number of x-intercepts for a polynomial function of degree 3. a) 1 b) 2 c) 3 d) 4 
2016,jan,January 2016,15,mcq,2,/home/max/testgen-suite/ocr-frq/mb-exams/source-pdfs/student-booklets/pc_16_jan_sb2.pdf,[5],1,1.0,1 mark,no-calculator,C,R3,answer-key,/home/max/testgen-suite/ocr-frq/mb-exams/source-pdfs/marking-guides/pc_16_jan_mg.pdf,[51],[],"Question 15 1 mark The graph of ( ) y f x = contains the point ( ) ,a b . The graph of ( ) g x is a transformation of the graph of ( ) f x and contains the point ( ) 3 ,a b . Identify the function that represents ( ) g x . a) ( ) ( ) 3 g x f x = b) ( ) ( ) 3 g x f x = c) ( ) 3 x g x f   =     "
2016,jan,January 2016,16,mcq,2,/home/max/testgen-suite/ocr-frq/mb-exams/source-pdfs/student-booklets/pc_16_jan_sb2.pdf,[5],1,1.0,1 mark,no-calculator,B,T1,answer-key,/home/max/testgen-suite/ocr-frq/mb-exams/source-pdfs/marking-guides/pc_16_jan_mg.pdf,[51],[],"Question 16 1 mark The angle 2.95 radians, in standard position, terminates in quadrant: a) I b) II c) III d) IV Pre-Calculus Mathematics: Booklet 2 (January 2016) 1"
2016,jan,January 2016,17,mcq,2,/home/max/testgen-suite/ocr-frq/mb-exams/source-pdfs/student-booklets/pc_16_jan_sb2.pdf,[6],1,1.0,1 mark,no-calculator,B,T6,answer-key,/home/max/testgen-suite/ocr-frq/mb-exams/source-pdfs/marking-guides/pc_16_jan_mg.pdf,[52],[],Question 17 1 mark Evaluate: 2sin cos 8 8 π π a) 1 2 b) 2 2 c) 1 d) 2 
2016,jan,January 2016,18,mcq,2,/home/max/testgen-suite/ocr-frq/mb-exams/source-pdfs/student-booklets/pc_16_jan_sb2.pdf,[6],1,1.0,1 mark,no-calculator,D,P4,answer-key,/home/max/testgen-suite/ocr-frq/mb-exams/source-pdfs/marking-guides/pc_16_jan_mg.pdf,[52],[],Question 18 1 mark Identify which of the following represents the 5th term in the expansion of ( ) 15 2 3 4 2 x y − . a) ( ) ( ) 10 5 2 3 15 5 4 2 C x y − b) ( ) ( ) 11 4 2 3 15 5 4 2 C x y − c) ( ) ( ) 10 5 2 3 15 4 4 2 C x y − d) ( ) ( ) 11 4 2 3 15 4 4 2 C x y − 2 Pre-Calculus Mathematics: Bookle
2016,jan,January 2016,19,mcq,2,/home/max/testgen-suite/ocr-frq/mb-exams/source-pdfs/student-booklets/pc_16_jan_sb2.pdf,[7],1,1.0,1 mark,no-calculator,B,R12,answer-key,/home/max/testgen-suite/ocr-frq/mb-exams/source-pdfs/marking-guides/pc_16_jan_mg.pdf,[53],[],Question 19 1 mark Identify which of the following graphs of polynomial functions has a zero with a multiplicity of 3. a) b) c) d) y 1 x 1 y 1 x 1 y x 1 1 y x 1 1 Pre-Calculus Mathematics: Booklet 2 (January 2016) 3
2016,jan,January 2016,20,mcq,2,/home/max/testgen-suite/ocr-frq/mb-exams/source-pdfs/student-booklets/pc_16_jan_sb2.pdf,[8],1,1.0,1 mark,no-calculator,C,T6,answer-key,/home/max/testgen-suite/ocr-frq/mb-exams/source-pdfs/marking-guides/pc_16_jan_mg.pdf,[54],[],Question 20 1 mark A non-permissible value of x for the function ( ) 1 cos 1 f x x = + is: a) 1 − b) 0 c) π d) 2 3π 
2016,jan,January 2016,21,mcq,2,/home/max/testgen-suite/ocr-frq/mb-exams/source-pdfs/student-booklets/pc_16_jan_sb2.pdf,[8],1,1.0,1 mark,no-calculator,A,R14,answer-key,/home/max/testgen-suite/ocr-frq/mb-exams/source-pdfs/marking-guides/pc_16_jan_mg.pdf,[54],[],Question 21 1 mark Identify which of the following statements is true for the rational function ( ) ( )( ) ( )( ) 4 1 2 1 3 x x f x x x − − = − + . a) The equation of the horizontal asymptote is 4. y = b) The equation of the vertical asymptote is 1 x = . c) The y-intercept is 0. d) There is a point 
2016,jan,January 2016,22,frq,2,/home/max/testgen-suite/ocr-frq/mb-exams/source-pdfs/student-booklets/pc_16_jan_sb2.pdf,[9],1,3.0,3 marks,no-calculator,,R12,marking-guide-heading,/home/max/testgen-suite/ocr-frq/mb-exams/source-pdfs/marking-guides/pc_16_jan_mg.pdf,[56],[],"Question 22 3 marks 115 Determine the equation of the polynomial function, ( ) p x , represented by the graph. ( ) p x = y x ( ) p x 12 2 − 1 Pre-Calculus Mathematics: Booklet 2 (January 2016) 5"
2016,jan,January 2016,23,frq,2,/home/max/testgen-suite/ocr-frq/mb-exams/source-pdfs/student-booklets/pc_16_jan_sb2.pdf,[10],1,1.0,1 mark,no-calculator,,R7,marking-guide-heading,/home/max/testgen-suite/ocr-frq/mb-exams/source-pdfs/marking-guides/pc_16_jan_mg.pdf,[58],[],Question 23 1 mark 116 Evaluate: 4 log 2 6 Pre-Calculus Mathematics: Booklet 2 (January 2016)
2016,jan,January 2016,24,frq,2,/home/max/testgen-suite/ocr-frq/mb-exams/source-pdfs/student-booklets/pc_16_jan_sb2.pdf,[11],1,2.0,2 marks,no-calculator,,T3,marking-guide-heading,/home/max/testgen-suite/ocr-frq/mb-exams/source-pdfs/marking-guides/pc_16_jan_mg.pdf,[60],[],Question 24 2 marks 117 Evaluate: 11 11 cos csc 3 6 π π          Pre-Calculus Mathematics: Booklet 2 (January 2016) 7
2016,jan,January 2016,25,frq,2,/home/max/testgen-suite/ocr-frq/mb-exams/source-pdfs/student-booklets/pc_16_jan_sb2.pdf,[12],1,1.0,1 mark,no-calculator,,R7,marking-guide-heading,/home/max/testgen-suite/ocr-frq/mb-exams/source-pdfs/marking-guides/pc_16_jan_mg.pdf,[62],[],Question 25 1 mark 118 Estimate the value of 2 log 5 . Justify your answer. 8 Pre-Calculus Mathematics: Booklet 2 (January 2016)
2016,jan,January 2016,26,frq,2,/home/max/testgen-suite/ocr-frq/mb-exams/source-pdfs/student-booklets/pc_16_jan_sb2.pdf,[13],1,2.0,2 marks,no-calculator,,T2,marking-guide-heading,/home/max/testgen-suite/ocr-frq/mb-exams/source-pdfs/marking-guides/pc_16_jan_mg.pdf,[64],[],"Question 26 2 marks 119 If θ terminates in quadrant III and 6 cos 7 θ = − , determine the exact value of tanθ . Pre-Calculus Mathematics: Booklet 2 (January 2016) 9"
2016,jan,January 2016,27,frq,2,/home/max/testgen-suite/ocr-frq/mb-exams/source-pdfs/student-booklets/pc_16_jan_sb2.pdf,[14],1,1.0,1 mark,no-calculator,,R1,marking-guide-heading,/home/max/testgen-suite/ocr-frq/mb-exams/source-pdfs/marking-guides/pc_16_jan_mg.pdf,[66],[],"Question 27 1 mark 120 Given 2 ( ) 4 and ( ) 5 f x x x g x x = + − = + , Taz was asked to find ( ( )) f g x . Taz’s solution: ( ) ≥ 2 f (g (x))= x+ 5 + x -4 = x+ 5+_x -4 =2 x+1, x -5 Describe the error in Taz’s solution. 10 Pre-Calculus Mathematics: Booklet 2 (January 2016)"
2016,jan,January 2016,28,frq,2,/home/max/testgen-suite/ocr-frq/mb-exams/source-pdfs/student-booklets/pc_16_jan_sb2.pdf,[15],1,3.0,3 marks,no-calculator,,R9,marking-guide-heading,/home/max/testgen-suite/ocr-frq/mb-exams/source-pdfs/marking-guides/pc_16_jan_mg.pdf,[68],[],Question 28 3 marks 121 Sketch the graph of the function ( ) ( ) 2 3log 1 f x x = + . x y 1 1 Pre-Calculus Mathematics: Booklet 2 (January 2016) 11
2016,jan,January 2016,29,frq,2,/home/max/testgen-suite/ocr-frq/mb-exams/source-pdfs/student-booklets/pc_16_jan_sb2.pdf,[16],1,1.0,1 mark,no-calculator,,R14,marking-guide-heading,/home/max/testgen-suite/ocr-frq/mb-exams/source-pdfs/marking-guides/pc_16_jan_mg.pdf,[72],[],Question 29 1 mark 122 Write an equation of a rational function that would not have any vertical asymptotes. 12 Pre-Calculus Mathematics: Booklet 2 (January 2016)
2016,jan,January 2016,30,frq,2,/home/max/testgen-suite/ocr-frq/mb-exams/source-pdfs/student-booklets/pc_16_jan_sb2.pdf,[17],1,2.0,2 marks,no-calculator,,T6,marking-guide-heading,/home/max/testgen-suite/ocr-frq/mb-exams/source-pdfs/marking-guides/pc_16_jan_mg.pdf,[74],[],Question 30 2 marks 123 Determine the exact value of tan 75. Pre-Calculus Mathematics: Booklet 2 (January 2016) 13
2016,jan,January 2016,31,frq,2,/home/max/testgen-suite/ocr-frq/mb-exams/source-pdfs/student-booklets/pc_16_jan_sb2.pdf,[18],1,4.0,4 marks,no-calculator,,R14,marking-guide-heading,/home/max/testgen-suite/ocr-frq/mb-exams/source-pdfs/marking-guides/pc_16_jan_mg.pdf,[78],[],Question 31 4 marks 124 Sketch the graph of the following function: ( ) ( )( ) ( ) 3 3 3 x x f x x x + − = − x y 14 Pre-Calculus Mathematics: Booklet 2 (January 2016)
2016,jan,January 2016,32,frq,2,/home/max/testgen-suite/ocr-frq/mb-exams/source-pdfs/student-booklets/pc_16_jan_sb2.pdf,[19],1,2.0,2 marks,no-calculator,,P4,marking-guide-heading,/home/max/testgen-suite/ocr-frq/mb-exams/source-pdfs/marking-guides/pc_16_jan_mg.pdf,[82],[],"Question 32 2 marks 125 In the binomial expansion of 9 2 3 1 2x x   −    , determine which term contains 3 x . Pre-Calculus Mathematics: Booklet 2 (January 2016) 15"
2016,jan,January 2016,33,frq,2,/home/max/testgen-suite/ocr-frq/mb-exams/source-pdfs/student-booklets/pc_16_jan_sb2.pdf,[20],1,4.0,4 marks,no-calculator,,T4,marking-guide-heading,/home/max/testgen-suite/ocr-frq/mb-exams/source-pdfs/marking-guides/pc_16_jan_mg.pdf,[84],[],"Question 33 4 marks 126 José and Dana get on a Ferris wheel, which is 1 metre off the ground. The diameter of the Ferris wheel is 16 metres. Their ride lasts for 4 minutes, in which time the Ferris wheel makes one revolution. Determine the values of A, B, C, and D, if the sinusoidal function that mo"
2016,jan,January 2016,34,frq,2,/home/max/testgen-suite/ocr-frq/mb-exams/source-pdfs/student-booklets/pc_16_jan_sb2.pdf,[21],1,3.0,3 marks,no-calculator,,P2,marking-guide-heading,/home/max/testgen-suite/ocr-frq/mb-exams/source-pdfs/marking-guides/pc_16_jan_mg.pdf,[86],[],Question 34 3 marks 127 Solve algebraically: ( ) 3 4! 1 n P n = − Pre-Calculus Mathematics: Booklet 2 (January 2016) 17
2016,jan,January 2016,35,frq,2,/home/max/testgen-suite/ocr-frq/mb-exams/source-pdfs/student-booklets/pc_16_jan_sb2.pdf,[22],1,2.0,2 marks,no-calculator,,R6,marking-guide-heading,/home/max/testgen-suite/ocr-frq/mb-exams/source-pdfs/marking-guides/pc_16_jan_mg.pdf,[90],[],"Question 35 2 marks 128 Given ( ) 2 1 f x x = − , determine the equation of the inverse, 1( ) f x − . 18 Pre-Calculus Mathematics: Booklet 2 (January 2016)"
2016,jan,January 2016,36,frq,2,/home/max/testgen-suite/ocr-frq/mb-exams/source-pdfs/student-booklets/pc_16_jan_sb2.pdf,[23],1,3.0,3 marks,no-calculator,,R8,marking-guide-heading,/home/max/testgen-suite/ocr-frq/mb-exams/source-pdfs/marking-guides/pc_16_jan_mg.pdf,[92],[],Question 36 3 marks 129 Solve: 3 3 3 1 4log 2 log 8 log 3 a − = Pre-Calculus Mathematics: Booklet 2 (January 2016) 19
2016,jan,January 2016,37,frq,2,/home/max/testgen-suite/ocr-frq/mb-exams/source-pdfs/student-booklets/pc_16_jan_sb2.pdf,[24],1,3.0,3 marks,no-calculator,,T4,marking-guide-heading,/home/max/testgen-suite/ocr-frq/mb-exams/source-pdfs/marking-guides/pc_16_jan_mg.pdf,[94],[],Question 37 3 marks 130 Sketch the graph of at least one period of the function ( ) 3cos 1 y x = π −. y x 20 Pre-Calculus Mathematics: Booklet 2 (January 2016)
2016,jan,January 2016,38,frq,2,/home/max/testgen-suite/ocr-frq/mb-exams/source-pdfs/student-booklets/pc_16_jan_sb2.pdf,[25],1,3.0,3 marks,no-calculator,,R8,marking-guide-heading,/home/max/testgen-suite/ocr-frq/mb-exams/source-pdfs/marking-guides/pc_16_jan_mg.pdf,[96],[],"Question 38 3 marks 131 Using the laws of logarithms, fully expand the expression: 3 loga x y z       Pre-Calculus Mathematics: Booklet 2 (January 2016) 21"
2016,jan,January 2016,39,frq,2,/home/max/testgen-suite/ocr-frq/mb-exams/source-pdfs/student-booklets/pc_16_jan_sb2.pdf,[26],1,4.0,4 marks,no-calculator,,R13,marking-guide-heading,/home/max/testgen-suite/ocr-frq/mb-exams/source-pdfs/marking-guides/pc_16_jan_mg.pdf,[98],[],Question 39 4 marks 132 Sketch the graph of ( ) 3 2 1 f x x = − + . y x 1 1 22 Pre-Calculus Mathematics: Booklet 2 (January 2016)
2016,jan,January 2016,40,frq,2,/home/max/testgen-suite/ocr-frq/mb-exams/source-pdfs/student-booklets/pc_16_jan_sb2.pdf,[27],1,2.0,a) 1 mark; b) 1 mark,no-calculator,,R13,marking-guide-heading,/home/max/testgen-suite/ocr-frq/mb-exams/source-pdfs/marking-guides/pc_16_jan_mg.pdf,[102],[],Question 40 a) 1 mark b) 1 mark 133 134 a) Determine the domain of the graph of the function 2 ( ) 4 f x x = − . b) Explain why the domain of 2 ( ) 4 f x x = − is restricted. Pre-Calculus Mathematics: Booklet 2 (January 2016) 23
2016,jan,January 2016,41,frq,2,/home/max/testgen-suite/ocr-frq/mb-exams/source-pdfs/student-booklets/pc_16_jan_sb2.pdf,[28],1,2.0,a) 1 mark; b) 1 mark,no-calculator,,"R1, R2, R5",marking-guide-heading,/home/max/testgen-suite/ocr-frq/mb-exams/source-pdfs/marking-guides/pc_16_jan_mg.pdf,[106],[],"Question 41 a) 1 mark b) 1 mark 135 136 Given the point ( ) 12, 18 − − on the graph of ( ) f x , determine the new points after the following transformations of ( ) f x . a) 1 ( ) f x b) ( ) 10 f x − + 24 Pre-Calculus Mathematics: Booklet 2 (January 2016)"
2016,jan,January 2016,42,frq,2,/home/max/testgen-suite/ocr-frq/mb-exams/source-pdfs/student-booklets/pc_16_jan_sb2.pdf,[29],1,1.0,1 mark,no-calculator,,T3,marking-guide-heading,/home/max/testgen-suite/ocr-frq/mb-exams/source-pdfs/marking-guides/pc_16_jan_mg.pdf,[108],[],Question 42 1 mark 137 Explain why there is no solution for the equation 1 csc 2 θ = − . Pre-Calculus Mathematics: Booklet 2 (January 2016) 25
2016,jan,January 2016,43,frq,2,/home/max/testgen-suite/ocr-frq/mb-exams/source-pdfs/student-booklets/pc_16_jan_sb2.pdf,[30],1,3.0,3 marks,no-calculator,,"R1, R4",marking-guide-heading,/home/max/testgen-suite/ocr-frq/mb-exams/source-pdfs/marking-guides/pc_16_jan_mg.pdf,[110],[],"Question 43 3 marks 138 Given the graph of ( ) y f x = , sketch the graph of ( ) 2 1 y f x = + . The graph of ( ) f x has already been drawn for your reference. No marks will be awarded for the graph of ( ) f x . y x 1 1 y x 1 1 26 Pre-Calculus Mathematics: Booklet 2 (January 2016)"
2016,jan,January 2016,44,frq,2,/home/max/testgen-suite/ocr-frq/mb-exams/source-pdfs/student-booklets/pc_16_jan_sb2.pdf,[31],1,1.0,1 mark,no-calculator,,R9,marking-guide-heading,/home/max/testgen-suite/ocr-frq/mb-exams/source-pdfs/marking-guides/pc_16_jan_mg.pdf,[112],[],"Question 44 1 mark 139 Given ( ) 2 1 x f x = + , state the equation of the horizontal asymptote. Pre-Calculus Mathematics: Booklet 2 (January 2016) 27"
2016,jan,January 2016,45,frq,2,/home/max/testgen-suite/ocr-frq/mb-exams/source-pdfs/student-booklets/pc_16_jan_sb2.pdf,[32],1,2.0,2 marks,no-calculator,,R1,marking-guide-heading,/home/max/testgen-suite/ocr-frq/mb-exams/source-pdfs/marking-guides/pc_16_jan_mg.pdf,[114],[],"Question 45 2 marks 140 Given the following graphs of ( ) 3 f x x = − and ( ) 1 g x x = + , ( ) f x ( ) g x sketch the graph of ( ) ( )( ) h x f g x =  . x 1 1 y x y 1 1 x 1 1 y 28 Pre-Calculus Mathematics: Booklet 2 (January 2016)"
2016,jun,June 2016,1,frq,1,/home/max/testgen-suite/ocr-frq/mb-exams/source-pdfs/student-booklets/pc_16_jun_sb1.pdf,[9],1,2.0,2 marks,calculator-active,,T1,marking-guide-heading,/home/max/testgen-suite/ocr-frq/mb-exams/source-pdfs/marking-guides/pc_16_jun_mg.pdf,[12],[],Question 1 2 marks 101 A wheel has a diameter of 20 cm and rotates through a central angle of 252 . Determine how far the wheel rolled. Pre-Calculus Mathematics: Booklet 1 (June 2016) 1
2016,jun,June 2016,2,frq,1,/home/max/testgen-suite/ocr-frq/mb-exams/source-pdfs/student-booklets/pc_16_jun_sb1.pdf,[10],1,3.0,3 marks,calculator-active,,T5,marking-guide-heading,/home/max/testgen-suite/ocr-frq/mb-exams/source-pdfs/marking-guides/pc_16_jun_mg.pdf,[14],[],"Question 2 3 marks 102 Solve the following equation over the interval [ ] 0, 2π : 2 3sin 10sin 8 0 θ θ − − = 2 Pre-Calculus Mathematics: Booklet 1 (June 2016)"
2016,jun,June 2016,3,frq,1,/home/max/testgen-suite/ocr-frq/mb-exams/source-pdfs/student-booklets/pc_16_jun_sb1.pdf,[11],1,3.0,3 marks,calculator-active,,P4,marking-guide-heading,/home/max/testgen-suite/ocr-frq/mb-exams/source-pdfs/marking-guides/pc_16_jun_mg.pdf,[18],[],Question 3 3 marks 103 Determine and simplify the fourth term in the expansion of ( ) 8 4 2 3 . x y − Pre-Calculus Mathematics: Booklet 1 (June 2016) 3
2016,jun,June 2016,4,frq,1,/home/max/testgen-suite/ocr-frq/mb-exams/source-pdfs/student-booklets/pc_16_jun_sb1.pdf,[12],1,3.0,3 marks,calculator-active,,R10,marking-guide-heading,/home/max/testgen-suite/ocr-frq/mb-exams/source-pdfs/marking-guides/pc_16_jun_mg.pdf,[22],[],"Question 4 3 marks 104 Sheeva’s bank is lending her $50 000 at an annual interest rate of 6%, compounded monthly, to purchase a car. Given that the last payment will be a partial payment, determine how many full monthly payments of $800 Sheeva will have to make. The formula below may be used. Expres"
2016,jun,June 2016,5,frq,1,/home/max/testgen-suite/ocr-frq/mb-exams/source-pdfs/student-booklets/pc_16_jun_sb1.pdf,[13],1,2.0,2 marks,calculator-active,,P1,marking-guide-heading,/home/max/testgen-suite/ocr-frq/mb-exams/source-pdfs/marking-guides/pc_16_jun_mg.pdf,[26],[],"Question 5 2 marks 105 An employee asked 10 people in an ice cream shop to wait in line. Determine the number of different arrangements possible if two of the people, Jamie and John, refused to stand next to each other in the line. Note: A calculator is not required for the remaining test questions."
2016,jun,June 2016,6,frq,1,/home/max/testgen-suite/ocr-frq/mb-exams/source-pdfs/student-booklets/pc_16_jun_sb1.pdf,[14],1,1.0,1 mark,no-calculator,,R5,marking-guide-heading,/home/max/testgen-suite/ocr-frq/mb-exams/source-pdfs/marking-guides/pc_16_jun_mg.pdf,[28],[],"Question 6 1 mark 106 The point ( ) 2, 4 − is on the graph of ( ). f x State the coordinates of the corresponding point when ( ) f x is reflected over the y-axis. 6 Pre-Calculus Mathematics: Booklet 1 (June 2016)"
2016,jun,June 2016,7,frq,1,/home/max/testgen-suite/ocr-frq/mb-exams/source-pdfs/student-booklets/pc_16_jun_sb1.pdf,[15],1,2.0,2 marks,no-calculator,,R1,marking-guide-heading,/home/max/testgen-suite/ocr-frq/mb-exams/source-pdfs/marking-guides/pc_16_jun_mg.pdf,[30],[],"Question 7 2 marks 107 Given the graphs of ( ) f x and ( ) g x , sketch the graph of ( )( ) f g x + . y x 1 1 ( ) f x • ( ) g x y x 1 1 ( )( ) f g x + 1 y x 1 Pre-Calculus Mathematics: Booklet 1 (June 2016) 7"
2016,jun,June 2016,8,frq,1,/home/max/testgen-suite/ocr-frq/mb-exams/source-pdfs/student-booklets/pc_16_jun_sb1.pdf,[16],1,3.0,3 marks,no-calculator,,R8,marking-guide-heading,/home/max/testgen-suite/ocr-frq/mb-exams/source-pdfs/marking-guides/pc_16_jun_mg.pdf,[32],[],"Question 8 3 marks 108 Using the laws of logarithms, fully expand the expression: 3 2 log 1 w x y     −   8 Pre-Calculus Mathematics: Booklet 1 (June 2016)"
2016,jun,June 2016,9,frq,1,/home/max/testgen-suite/ocr-frq/mb-exams/source-pdfs/student-booklets/pc_16_jun_sb1.pdf,[17],1,4.0,4 marks,no-calculator,,"T5, T6",marking-guide-heading,/home/max/testgen-suite/ocr-frq/mb-exams/source-pdfs/marking-guides/pc_16_jun_mg.pdf,[34],[],"Question 9 4 marks 109 Solve the following equation algebraically for θ , where 0 2 : ≤ ≤ π θ 2cos 2 1 θ = Pre-Calculus Mathematics: Booklet 1 (June 2016) 9"
2016,jun,June 2016,10,frq,1,/home/max/testgen-suite/ocr-frq/mb-exams/source-pdfs/student-booklets/pc_16_jun_sb1.pdf,[18],1,3.0,3 marks,no-calculator,,"R1, R2, R3",marking-guide-heading,/home/max/testgen-suite/ocr-frq/mb-exams/source-pdfs/marking-guides/pc_16_jun_mg.pdf,[38],[],"Question 10 3 marks 110 Given the graph of ( ) y f x = , sketch the graph of ( ) 2 1 . y f x = − The graph of ( ) f x has already been drawn for your reference. No marks will be awarded for the graph of ( ) f x . 1 1 y x 1 1 y x ( ) f x 10 Pre-Calculus Mathematics: Booklet 1 (June 2016)"
2016,jun,June 2016,11,frq,1,/home/max/testgen-suite/ocr-frq/mb-exams/source-pdfs/student-booklets/pc_16_jun_sb1.pdf,[19],1,3.0,3 marks,no-calculator,,T6,marking-guide-heading,/home/max/testgen-suite/ocr-frq/mb-exams/source-pdfs/marking-guides/pc_16_jun_mg.pdf,[40],[],Question 11 3 marks 111 Prove the identity for all permissible values of θ : 2 tan sin cos tan sin 1 cos + = − θ θ θ θ θ θ Left-Hand Side Right-Hand Side Pre-Calculus Mathematics: Booklet 1 (June 2016) 11
2016,jun,June 2016,12,frq,1,/home/max/testgen-suite/ocr-frq/mb-exams/source-pdfs/student-booklets/pc_16_jun_sb1.pdf,[20],1,1.0,1 mark,no-calculator,,P1,marking-guide-heading,/home/max/testgen-suite/ocr-frq/mb-exams/source-pdfs/marking-guides/pc_16_jun_mg.pdf,[42],[],"Question 12 1 mark 112 Raoul has 8 shirts, 5 pairs of pants, and 3 hats. He adds the options together and determines that he has 16 different outfits to wear. Raoul made an error in calculating the number of different outfits. Describe how to determine the correct number of outfits. 12 Pre-Calculus "
2016,jun,June 2016,13,frq,1,/home/max/testgen-suite/ocr-frq/mb-exams/source-pdfs/student-booklets/pc_16_jun_sb1.pdf,[21],1,2.0,a) 1 mark; b) 1 mark,no-calculator,,R1,marking-guide-heading,/home/max/testgen-suite/ocr-frq/mb-exams/source-pdfs/marking-guides/pc_16_jun_mg.pdf,[44],[],Question 13 a) 1 mark b) 1 mark 113 114 Given ( ) 2 1 f x x = − and ( ) 2 1: g x x = + a) Determine ( ) ( ) f x g x  . b) Determine ( ) ( ). g g x Pre-Calculus Mathematics: Booklet 1 (June 2016) 13
2016,jun,June 2016,14,frq,1,/home/max/testgen-suite/ocr-frq/mb-exams/source-pdfs/student-booklets/pc_16_jun_sb1.pdf,[22],1,2.0,2 marks,no-calculator,,R13,marking-guide-heading,/home/max/testgen-suite/ocr-frq/mb-exams/source-pdfs/marking-guides/pc_16_jun_mg.pdf,[48],[],"Question 14 2 marks 115 Given the graph of ( ) y f x = , sketch the graph of ( ). y f x = The graph of ( ) f x has already been drawn for your reference. No marks will be awarded for the graph of ( ) f x . y x 1 1 1 1 y x ( ) f x 14 Pre-Calculus Mathematics: Booklet 1 (June 2016)"
2016,jun,June 2016,15,mcq,2,/home/max/testgen-suite/ocr-frq/mb-exams/source-pdfs/student-booklets/pc_16_jun_sb2.pdf,[5],1,1.0,1 mark,no-calculator,C,R11,answer-key,/home/max/testgen-suite/ocr-frq/mb-exams/source-pdfs/marking-guides/pc_16_jun_mg.pdf,[53],[],"Question 15 1 mark Given the polynomial function ( ) 4 2 5 2 6 P x x x x = − − + , if ( )1 0 P = , identify which statement is true. a) The y-intercept is 1. b) ( ) P x has a factor of ( )1 . x + c) The graph has a zero at 1. d) The graph has a zero at 1 −. "
2016,jun,June 2016,16,mcq,2,/home/max/testgen-suite/ocr-frq/mb-exams/source-pdfs/student-booklets/pc_16_jun_sb2.pdf,[5],1,1.0,1 mark,no-calculator,B,P3,answer-key,/home/max/testgen-suite/ocr-frq/mb-exams/source-pdfs/marking-guides/pc_16_jun_mg.pdf,[53],[],Question 16 1 mark There are 6 different books that are being distributed evenly amongst three people. Identify which expression represents the number of possible combinations. a) 6 2 6 2 6 2 C C C   b) 6 2 4 2 2 2 C C C   c) 2 2 2 2 2 2 C C C   d) 6 2 3 C  Pre-Calculus Mathematics: Booklet 2
2016,jun,June 2016,17,mcq,2,/home/max/testgen-suite/ocr-frq/mb-exams/source-pdfs/student-booklets/pc_16_jun_sb2.pdf,[6],1,1.0,1 mark,no-calculator,D,R13,answer-key,/home/max/testgen-suite/ocr-frq/mb-exams/source-pdfs/marking-guides/pc_16_jun_mg.pdf,[54],[],Question 17 1 mark Identify the graph that corresponds to the function ( ) ( ) 2 . f x x = − − a) b) c) d) 
2016,jun,June 2016,18,mcq,2,/home/max/testgen-suite/ocr-frq/mb-exams/source-pdfs/student-booklets/pc_16_jun_sb2.pdf,[6],1,1.0,1 mark,no-calculator,B,R7,answer-key,/home/max/testgen-suite/ocr-frq/mb-exams/source-pdfs/marking-guides/pc_16_jun_mg.pdf,[54],[],Question 18 1 mark Solve: 7 log 2 7 x = a) 1 x = b) 2 x = c) 7 x = d) 49 x =  1 1 y x   1 1 y x  y x 1 1   1 1  y x  2 Pre-Calculus Mathematics: Booklet 2 (June 2016)
2016,jun,June 2016,19,mcq,2,/home/max/testgen-suite/ocr-frq/mb-exams/source-pdfs/student-booklets/pc_16_jun_sb2.pdf,[7],1,1.0,1 mark,no-calculator,A,T5,answer-key,/home/max/testgen-suite/ocr-frq/mb-exams/source-pdfs/marking-guides/pc_16_jun_mg.pdf,[55],[],Question 19 1 mark Identify the equation that has a general solution of 2 6 where 5 2 6 k k k θ θ π  = + π  ∈  π  = + π  . a) 1 sin 2 θ = b) 1 cos 2 θ = c) 3 sin 2 θ = d) 3 cos 2 θ = 
2016,jun,June 2016,20,mcq,2,/home/max/testgen-suite/ocr-frq/mb-exams/source-pdfs/student-booklets/pc_16_jun_sb2.pdf,[7],1,1.0,1 mark,no-calculator,B,R13,answer-key,/home/max/testgen-suite/ocr-frq/mb-exams/source-pdfs/marking-guides/pc_16_jun_mg.pdf,[55],[],Question 20 1 mark Identify the function that has a domain of 2 x ≤− and a range of 3. y ≥ a) 2 3 y x = + + b) ( ) 2 3 y x = − + + c) 2 3 y x = − − − d) ( ) 2 3 y x = −− − − Pre-Calculus Mathematics: Booklet 2 (June 2016) 3
2016,jun,June 2016,21,mcq,2,/home/max/testgen-suite/ocr-frq/mb-exams/source-pdfs/student-booklets/pc_16_jun_sb2.pdf,[8],1,1.0,1 mark,no-calculator,D,R6,answer-key,/home/max/testgen-suite/ocr-frq/mb-exams/source-pdfs/marking-guides/pc_16_jun_mg.pdf,[56],[],"Question 21 1 mark Given ( ) 3 2 f x x = + , identify ( ) 1 . f x − a) ( ) 1 3 2 f x x − = − − b) ( ) 1 2 3 f x x − = + c) ( ) 1 2 3 x f x − = − d) ( ) 1 2 3 x f x − − = "
2016,jun,June 2016,22,mcq,2,/home/max/testgen-suite/ocr-frq/mb-exams/source-pdfs/student-booklets/pc_16_jun_sb2.pdf,[8],1,1.0,1 mark,no-calculator,C,T1,answer-key,/home/max/testgen-suite/ocr-frq/mb-exams/source-pdfs/marking-guides/pc_16_jun_mg.pdf,[56],[],Question 22 1 mark Identify a possible value for the angle θ sketched in standard position. a) 2 b) 3 c) 4 d) 5 y θ x 4 Pre-Calculus Mathematics: Booklet 2 (June 2016)
2016,jun,June 2016,23,frq,2,/home/max/testgen-suite/ocr-frq/mb-exams/source-pdfs/student-booklets/pc_16_jun_sb2.pdf,[9],1,3.0,3 marks,no-calculator,,R10,marking-guide-heading,/home/max/testgen-suite/ocr-frq/mb-exams/source-pdfs/marking-guides/pc_16_jun_mg.pdf,[58],[],Question 23 3 marks 116 Solve the following equation: ( ) ( ) 3 3 log 3 log 5 2 x x + + − = Pre-Calculus Mathematics: Booklet 2 (June 2016) 5
2016,jun,June 2016,24,frq,2,/home/max/testgen-suite/ocr-frq/mb-exams/source-pdfs/student-booklets/pc_16_jun_sb2.pdf,[10],1,1.0,1 mark,no-calculator,,T1,marking-guide-heading,/home/max/testgen-suite/ocr-frq/mb-exams/source-pdfs/marking-guides/pc_16_jun_mg.pdf,[62],[],Question 24 1 mark 117 State a coterminal angle for . 4 9π = θ 6 Pre-Calculus Mathematics: Booklet 2 (June 2016)
2016,jun,June 2016,25,frq,2,/home/max/testgen-suite/ocr-frq/mb-exams/source-pdfs/student-booklets/pc_16_jun_sb2.pdf,[11],1,4.0,4 marks,no-calculator,,R14,marking-guide-heading,/home/max/testgen-suite/ocr-frq/mb-exams/source-pdfs/marking-guides/pc_16_jun_mg.pdf,[64],[],Question 25 4 marks 118 Sketch the graph of the function ( ) 2 2 2 . 1 x f x x + = − y x Pre-Calculus Mathematics: Booklet 2 (June 2016) 7
2016,jun,June 2016,26,frq,2,/home/max/testgen-suite/ocr-frq/mb-exams/source-pdfs/student-booklets/pc_16_jun_sb2.pdf,[12],1,2.0,2 marks,no-calculator,,P4,marking-guide-heading,/home/max/testgen-suite/ocr-frq/mb-exams/source-pdfs/marking-guides/pc_16_jun_mg.pdf,[68],[],Question 26 2 marks 119 Justify why the binomial expansion of ( ) 7 3 x x + does not have a term containing 10. x 8 Pre-Calculus Mathematics: Booklet 2 (June 2016)
2016,jun,June 2016,27,frq,2,/home/max/testgen-suite/ocr-frq/mb-exams/source-pdfs/student-booklets/pc_16_jun_sb2.pdf,[13],1,4.0,4 marks,no-calculator,,T4,marking-guide-heading,/home/max/testgen-suite/ocr-frq/mb-exams/source-pdfs/marking-guides/pc_16_jun_mg.pdf,[70],[],"Question 27 4 marks 120 Sketch the graph of sin ( 1) 3 2 y x π   = − − +     over the domain [ ] 0, 6 . y x Pre-Calculus Mathematics: Booklet 2 (June 2016) 9"
2016,jun,June 2016,28,frq,2,/home/max/testgen-suite/ocr-frq/mb-exams/source-pdfs/student-booklets/pc_16_jun_sb2.pdf,[14],1,2.0,2 marks,no-calculator,,R11,marking-guide-heading,/home/max/testgen-suite/ocr-frq/mb-exams/source-pdfs/marking-guides/pc_16_jun_mg.pdf,[72],[],"Question 28 2 marks 121 When ( ) 4 3 3 5 14 P x x kx x = − + − is divided by ( ) 2 x + , the remainder is 8 −. Determine the value of k. 10 Pre-Calculus Mathematics: Booklet 2 (June 2016)"
2016,jun,June 2016,29,frq,2,/home/max/testgen-suite/ocr-frq/mb-exams/source-pdfs/student-booklets/pc_16_jun_sb2.pdf,[15],1,4.0,a) 3 marks; b) 1 mark,no-calculator,,T6,marking-guide-heading,/home/max/testgen-suite/ocr-frq/mb-exams/source-pdfs/marking-guides/pc_16_jun_mg.pdf,[74],[],"Question 29 a) 3 marks b) 1 mark 122 123 Given that 7 cos where 12 = α α is in quadrant IV, and 3 sin where 5 = β β is in quadrant I, determine the exact value of: a) ( ) sin α β − b) ( ) csc α β − Pre-Calculus Mathematics: Booklet 2 (June 2016) 11"
2016,jun,June 2016,30,frq,2,/home/max/testgen-suite/ocr-frq/mb-exams/source-pdfs/student-booklets/pc_16_jun_sb2.pdf,[16],1,1.0,1 mark,no-calculator,,R14,marking-guide-heading,/home/max/testgen-suite/ocr-frq/mb-exams/source-pdfs/marking-guides/pc_16_jun_mg.pdf,[78],[],Question 30 1 mark 124 Describe the difference between the graph of ( ) ( ) 7 2 2 x f x x + = + and the graph of ( ) ( ) 7 2 2 x g x x − = + at 2. x = − 12 Pre-Calculus Mathematics: Booklet 2 (June 2016)
2016,jun,June 2016,31,frq,2,/home/max/testgen-suite/ocr-frq/mb-exams/source-pdfs/student-booklets/pc_16_jun_sb2.pdf,[17],1,2.0,2 marks,no-calculator,,R9,marking-guide-heading,/home/max/testgen-suite/ocr-frq/mb-exams/source-pdfs/marking-guides/pc_16_jun_mg.pdf,[80],[],Question 31 2 marks 125 Sketch the graph of ( ) 3 2. x f x = + y x Pre-Calculus Mathematics: Booklet 2 (June 2016) 13
2016,jun,June 2016,32,frq,2,/home/max/testgen-suite/ocr-frq/mb-exams/source-pdfs/student-booklets/pc_16_jun_sb2.pdf,[18],1,3.0,3 marks,no-calculator,,P3,marking-guide-heading,/home/max/testgen-suite/ocr-frq/mb-exams/source-pdfs/marking-guides/pc_16_jun_mg.pdf,[84],[],Question 32 3 marks 126 Solve algebraically: 3 2 n C n = − 14 Pre-Calculus Mathematics: Booklet 2 (June 2016)
2016,jun,June 2016,33,frq,2,/home/max/testgen-suite/ocr-frq/mb-exams/source-pdfs/student-booklets/pc_16_jun_sb2.pdf,[19],1,1.0,1 mark,no-calculator,,T5,marking-guide-heading,/home/max/testgen-suite/ocr-frq/mb-exams/source-pdfs/marking-guides/pc_16_jun_mg.pdf,[88],[],Question 33 1 mark 127 Describe the error that was made when solving the following equation: 2 sin sin 2 1 θ θ + − = ∴ No solution ∴No solution Pre-Calculus Mathematics: Booklet 2 (June 2016) 15
2016,jun,June 2016,34,frq,2,/home/max/testgen-suite/ocr-frq/mb-exams/source-pdfs/student-booklets/pc_16_jun_sb2.pdf,[20],1,3.0,3 marks,no-calculator,,R12,marking-guide-heading,/home/max/testgen-suite/ocr-frq/mb-exams/source-pdfs/marking-guides/pc_16_jun_mg.pdf,[90],[],Question 34 3 marks 128 Sketch the graph of the polynomial function with the following characteristics. • a y-intercept of 9 − • zeroes at 1 − and 3 • the zero at 1 − has a multiplicity of 1 and the zero at 3 has a multiplicity of 2 y x 16 Pre-Calculus Mathematics: Booklet 2 (June 2016)
2016,jun,June 2016,35,frq,2,/home/max/testgen-suite/ocr-frq/mb-exams/source-pdfs/student-booklets/pc_16_jun_sb2.pdf,[21],1,2.0,2 marks,no-calculator,,T2,marking-guide-heading,/home/max/testgen-suite/ocr-frq/mb-exams/source-pdfs/marking-guides/pc_16_jun_mg.pdf,[94],[],"Question 35 2 marks 129 Given 1 cot , where 3 θ θ = − is in quadrant II, determine the exact value of sinθ. Pre-Calculus Mathematics: Booklet 2 (June 2016) 17"
2016,jun,June 2016,36,frq,2,/home/max/testgen-suite/ocr-frq/mb-exams/source-pdfs/student-booklets/pc_16_jun_sb2.pdf,[22],1,2.0,2 marks,no-calculator,,R1,marking-guide-heading,/home/max/testgen-suite/ocr-frq/mb-exams/source-pdfs/marking-guides/pc_16_jun_mg.pdf,[96],[],"Question 36 2 marks 130 Given the function ( ) f x , sketch the graph of the reciprocal, ( ) 1 . f x The graph of ( ) f x has already been drawn for your reference. No marks will be awarded for the graph of ( ) f x . y x 1 ( ) f x 1 y x 1 1 ( ) 1 f x 18 Pre-Calculus Mathematics: Booklet 2 (June 2016"
2016,jun,June 2016,37,frq,2,/home/max/testgen-suite/ocr-frq/mb-exams/source-pdfs/student-booklets/pc_16_jun_sb2.pdf,[23],1,3.0,3 marks,no-calculator,,R12,marking-guide-heading,/home/max/testgen-suite/ocr-frq/mb-exams/source-pdfs/marking-guides/pc_16_jun_mg.pdf,[98],[],"Question 37 3 marks 131 The volume of a planter, in the shape of a rectangular prism, can be modelled by the polynomial function ( ) 3 2 3 34 48 V x x x x = + − + . Determine the factors of the function, ( ) V x , which represent possible dimensions of this planter. ( ) V x = Pre-Calculus Mathematic"
2016,jun,June 2016,38,frq,2,/home/max/testgen-suite/ocr-frq/mb-exams/source-pdfs/student-booklets/pc_16_jun_sb2.pdf,[24],1,1.0,1 mark,no-calculator,,R6,marking-guide-heading,/home/max/testgen-suite/ocr-frq/mb-exams/source-pdfs/marking-guides/pc_16_jun_mg.pdf,[100],[],Question 38 1 mark 132 Describe how to determine the range of the inverse of the following graph. 1 y x 1 20 Pre-Calculus Mathematics: Booklet 2 (June 2016)
2016,jun,June 2016,39,frq,2,/home/max/testgen-suite/ocr-frq/mb-exams/source-pdfs/student-booklets/pc_16_jun_sb2.pdf,[25],1,3.0,3 marks,no-calculator,,R13,marking-guide-heading,/home/max/testgen-suite/ocr-frq/mb-exams/source-pdfs/marking-guides/pc_16_jun_mg.pdf,[102],[],Question 39 3 marks 133 Sketch the graph of the function 2 1. y x = + x y 1 1 Pre-Calculus Mathematics: Booklet 2 (June 2016) 21
2016,jun,June 2016,40,frq,2,/home/max/testgen-suite/ocr-frq/mb-exams/source-pdfs/student-booklets/pc_16_jun_sb2.pdf,[26],1,3.0,a) 2 marks; b) 1 mark,no-calculator,,T4,marking-guide-heading,/home/max/testgen-suite/ocr-frq/mb-exams/source-pdfs/marking-guides/pc_16_jun_mg.pdf,[104],[],Question 40 a) 2 marks b) 1 mark 134 135 Given the following characteristics of a sinusoidal function: • an amplitude of 2 • a vertical translation down 3 units • a period of 4 π a) Determine an equation of this sinusoidal function in the form ( ) sin . y a b x c d = − + b) Determine the range of th
2016,jun,June 2016,41,frq,2,/home/max/testgen-suite/ocr-frq/mb-exams/source-pdfs/student-booklets/pc_16_jun_sb2.pdf,[27],1,1.0,1 mark,no-calculator,,R13,marking-guide-heading,/home/max/testgen-suite/ocr-frq/mb-exams/source-pdfs/marking-guides/pc_16_jun_mg.pdf,[108],[],Question 41 1 mark 136 Suah was given the graph of ( ) f x and asked to graph ( ). y f x = Her solution is given on the graph below. Describe the error Suah made when sketching the graph of ( ). y f x = f (x) Pre-Calculus Mathematics: Booklet 2 (June 2016) 23
2016,jun,June 2016,42,frq,2,/home/max/testgen-suite/ocr-frq/mb-exams/source-pdfs/student-booklets/pc_16_jun_sb2.pdf,[28],1,3.0,3 marks,no-calculator,,R10,marking-guide-heading,/home/max/testgen-suite/ocr-frq/mb-exams/source-pdfs/marking-guides/pc_16_jun_mg.pdf,[110],[],Question 42 3 marks 137 Solve: 2 1 9 27 x x + = 24 Pre-Calculus Mathematics: Booklet 2 (June 2016)
2017,jan,January 2017,1,frq,1,/home/max/testgen-suite/ocr-frq/mb-exams/source-pdfs/student-booklets/pc_17_jan_sb1.pdf,[9],1,1.0,1 mark,calculator-active,,P3,marking-guide-heading,/home/max/testgen-suite/ocr-frq/mb-exams/source-pdfs/marking-guides/pc_17_jan_mg.pdf,[12],[],Question 1 1 mark 101 There are 24 different movies Kiandra can download to her computer. Determine the number of ways she can select 15 movies. Pre-Calculus Mathematics: Booklet 1 (January 2017) 1
2017,jan,January 2017,2,frq,1,/home/max/testgen-suite/ocr-frq/mb-exams/source-pdfs/student-booklets/pc_17_jan_sb1.pdf,[10],1,2.0,a) 1 mark; b) 1 mark,calculator-active,,T1,marking-guide-heading,/home/max/testgen-suite/ocr-frq/mb-exams/source-pdfs/marking-guides/pc_17_jan_mg.pdf,[14],[],"Question 2 a) 1 mark b) 1 mark 102 103 Given 40 , =  θ a) convert θ to radians. b) determine the coterminal angles of θ where θ ∈. 2 Pre-Calculus Mathematics: Booklet 1 (January 2017)"
2017,jan,January 2017,3,frq,1,/home/max/testgen-suite/ocr-frq/mb-exams/source-pdfs/student-booklets/pc_17_jan_sb1.pdf,[11],1,3.0,3 marks,calculator-active,,R10,marking-guide-heading,/home/max/testgen-suite/ocr-frq/mb-exams/source-pdfs/marking-guides/pc_17_jan_mg.pdf,[18],[],"Question 3 3 marks 104 Peter invests $560 per month at an annual interest rate of 4.2%, compounded monthly. Determine how many monthly investments he will need to make to obtain at least $500 000. Express your answer as a whole number. Use the formula: where FV the future value R the investment amou"
2017,jan,January 2017,4,frq,1,/home/max/testgen-suite/ocr-frq/mb-exams/source-pdfs/student-booklets/pc_17_jan_sb1.pdf,[12],1,2.0,2 marks,calculator-active,,P2,marking-guide-heading,/home/max/testgen-suite/ocr-frq/mb-exams/source-pdfs/marking-guides/pc_17_jan_mg.pdf,[22],[],"Question 4 2 marks 105 Ishmael has 4 dogs, 5 cats, and 3 horses. If he arranges all of them in a row, determine how many ways they can be arranged if each type of animal must be grouped together. Note: A calculator is not required for the remaining test questions. 4 Pre-Calculus Mathematics: Booklet"
2017,jan,January 2017,5,frq,1,/home/max/testgen-suite/ocr-frq/mb-exams/source-pdfs/student-booklets/pc_17_jan_sb1.pdf,[13],1,3.0,3 marks,no-calculator,,T5,marking-guide-heading,/home/max/testgen-suite/ocr-frq/mb-exams/source-pdfs/marking-guides/pc_17_jan_mg.pdf,[24],[],Question 5 3 marks 106 Solve the following equation algebraically over the interval 0 2 ≤ ≤ π θ . 2 2cos 9cos 5 0 + − = θ θ Pre-Calculus Mathematics: Booklet 1 (January 2017) 5
2017,jan,January 2017,6,frq,1,/home/max/testgen-suite/ocr-frq/mb-exams/source-pdfs/student-booklets/pc_17_jan_sb1.pdf,[14],1,2.0,2 marks,no-calculator,,P4,marking-guide-heading,/home/max/testgen-suite/ocr-frq/mb-exams/source-pdfs/marking-guides/pc_17_jan_mg.pdf,[28],[],Question 6 2 marks 107 Determine which term contains 6 1 x in the binomial expansion of 7 2 3 2 3x x   +     . 6 Pre-Calculus Mathematics: Booklet 1 (January 2017)
2017,jan,January 2017,7,frq,1,/home/max/testgen-suite/ocr-frq/mb-exams/source-pdfs/student-booklets/pc_17_jan_sb1.pdf,[15],1,1.0,1 mark,no-calculator,,T1,marking-guide-heading,/home/max/testgen-suite/ocr-frq/mb-exams/source-pdfs/marking-guides/pc_17_jan_mg.pdf,[32],[],Question 7 1 mark 108 Determine the radius of a circle which has an arc length of 5 cm with a central angle of 3 radians. Pre-Calculus Mathematics: Booklet 1 (January 2017) 7
2017,jan,January 2017,8,frq,1,/home/max/testgen-suite/ocr-frq/mb-exams/source-pdfs/student-booklets/pc_17_jan_sb1.pdf,[16],1,1.0,1 mark,no-calculator,,T1,marking-guide-heading,/home/max/testgen-suite/ocr-frq/mb-exams/source-pdfs/marking-guides/pc_17_jan_mg.pdf,[34],[],Question 8 1 mark 109 Tyler incorrectly sketched the angle 4 θ 7π = − in standard position. Describe his error. 8 Pre-Calculus Mathematics: Booklet 1 (January 2017)
2017,jan,January 2017,9,frq,1,/home/max/testgen-suite/ocr-frq/mb-exams/source-pdfs/student-booklets/pc_17_jan_sb1.pdf,[17],1,4.0,a) 1 mark; b) 3 marks,no-calculator,,T6,marking-guide-heading,/home/max/testgen-suite/ocr-frq/mb-exams/source-pdfs/marking-guides/pc_17_jan_mg.pdf,"[36, 37]",[],"Question 9 a) 1 mark b) 3 marks 110 111 Given the identity 2 2 sin sec cos , cos − + = θ θ θ θ a) determine the non-permissible values of θ, over the interval 0 2 θ ≤ ≤ π. b) prove the identity for all permissible values of θ. Left-Hand Side Right-Hand Side Pre-Calculus Mathematics: Booklet 1 (Janua"
2017,jan,January 2017,10,frq,1,/home/max/testgen-suite/ocr-frq/mb-exams/source-pdfs/student-booklets/pc_17_jan_sb1.pdf,[18],1,2.0,2 marks,no-calculator,,R8,marking-guide-heading,/home/max/testgen-suite/ocr-frq/mb-exams/source-pdfs/marking-guides/pc_17_jan_mg.pdf,[42],[],Question 10 2 marks 112 Expand using the laws of logarithms. 4 log a b       10 Pre-Calculus Mathematics: Booklet 1 (January 2017)
2017,jan,January 2017,11,frq,1,/home/max/testgen-suite/ocr-frq/mb-exams/source-pdfs/student-booklets/pc_17_jan_sb1.pdf,[19],1,2.0,2 marks,no-calculator,,R4,marking-guide-heading,/home/max/testgen-suite/ocr-frq/mb-exams/source-pdfs/marking-guides/pc_17_jan_mg.pdf,[44],[],Question 11 2 marks 113 State the equation of ( ) g x in terms of ( ) f x . ( ) __________________ g x = y x 1 1 ( ) g x ( ) f x       Pre-Calculus Mathematics: Booklet 1 (January 2017) 11
2017,jan,January 2017,12,frq,1,/home/max/testgen-suite/ocr-frq/mb-exams/source-pdfs/student-booklets/pc_17_jan_sb1.pdf,[20],1,1.0,1 mark,no-calculator,,R6,marking-guide-heading,/home/max/testgen-suite/ocr-frq/mb-exams/source-pdfs/marking-guides/pc_17_jan_mg.pdf,[46],[],Question 12 1 mark 114 Explain why the inverse of the graph of ( ) y f x = is not a function. y x 1 1 ( ) y f x = 12 Pre-Calculus Mathematics: Booklet 1 (January 2017)
2017,jan,January 2017,13,frq,1,/home/max/testgen-suite/ocr-frq/mb-exams/source-pdfs/student-booklets/pc_17_jan_sb1.pdf,[21],1,2.0,2 marks,no-calculator,,R10,marking-guide-heading,/home/max/testgen-suite/ocr-frq/mb-exams/source-pdfs/marking-guides/pc_17_jan_mg.pdf,[48],[],Question 13 2 marks 115 Solve the following equation algebraically: ( ) ( ) 2 2 log 5 log 1 log 3 x x + − + = Pre-Calculus Mathematics: Booklet 1 (January 2017) 13
2017,jan,January 2017,14,frq,1,/home/max/testgen-suite/ocr-frq/mb-exams/source-pdfs/student-booklets/pc_17_jan_sb1.pdf,[22],1,2.0,2 marks,no-calculator,,R4,marking-guide-heading,/home/max/testgen-suite/ocr-frq/mb-exams/source-pdfs/marking-guides/pc_17_jan_mg.pdf,[52],[],Question 14 2 marks 116 Describe the transformations used to obtain the graph of the function ( ) 5 1 y f x = + from the graph of ( ) y f x = . 14 Pre-Calculus Mathematics: Booklet 1 (January 2017)
2017,jan,January 2017,15,frq,1,/home/max/testgen-suite/ocr-frq/mb-exams/source-pdfs/student-booklets/pc_17_jan_sb1.pdf,[23],1,3.0,3 marks,no-calculator,,P3,marking-guide-heading,/home/max/testgen-suite/ocr-frq/mb-exams/source-pdfs/marking-guides/pc_17_jan_mg.pdf,[54],[],Question 15 3 marks 117 Solve algebraically: 2 3 4 nC n = + Pre-Calculus Mathematics: Booklet 1 (January 2017) 15
2017,jan,January 2017,16,frq,1,/home/max/testgen-suite/ocr-frq/mb-exams/source-pdfs/student-booklets/pc_17_jan_sb1.pdf,[24],1,3.0,3 marks,no-calculator,,"R1, R2, R3",marking-guide-heading,/home/max/testgen-suite/ocr-frq/mb-exams/source-pdfs/marking-guides/pc_17_jan_mg.pdf,[58],[],"Question 16 3 marks 118 Given the graph of ( ), f x sketch the graph of ( ) 1 1 . 2 y f x = − y 1 ( ) f x x 1 The graph of ( ) f x has already been drawn for your reference. No marks will be awarded for the graph of ( ). f x y 1 x 1 ( ) f x 16 Pre-Calculus Mathematics: Booklet 1 (January 2017)"
2017,jan,January 2017,17,frq,1,/home/max/testgen-suite/ocr-frq/mb-exams/source-pdfs/student-booklets/pc_17_jan_sb1.pdf,[25],1,1.0,1 mark,no-calculator,,R12,marking-guide-heading,/home/max/testgen-suite/ocr-frq/mb-exams/source-pdfs/marking-guides/pc_17_jan_mg.pdf,[60],[],Question 17 1 mark 119 Explain why ( ) ( ) ( ) 1 2 3 2 1 f x x x = + − is not a polynomial function. Pre-Calculus Mathematics: Booklet 1 (January 2017) 17
2017,jan,January 2017,18,frq,1,/home/max/testgen-suite/ocr-frq/mb-exams/source-pdfs/student-booklets/pc_17_jan_sb1.pdf,[26],1,2.0,2 marks,no-calculator,,R1,marking-guide-heading,/home/max/testgen-suite/ocr-frq/mb-exams/source-pdfs/marking-guides/pc_17_jan_mg.pdf,[62],[],"Question 18 2 marks 120 Given the graphs of ( ) f x and ( ), g x sketch the graph of ( ) ( )( ). h x f g x =  x y 1 1 y x • • • • 1 • 1 ( ) f x ( ) g x 18 Pre-Calculus Mathematics: Booklet 1 (January 2017)"
2017,jan,January 2017,19,mcq,2,/home/max/testgen-suite/ocr-frq/mb-exams/source-pdfs/student-booklets/pc_17_jan_sb2.pdf,[5],1,1.0,1 mark,no-calculator,B,T6,answer-key,/home/max/testgen-suite/ocr-frq/mb-exams/source-pdfs/marking-guides/pc_17_jan_mg.pdf,[67],[],Question 19 1 mark Identify the trigonometric function that is equivalent to sin cos cos sin . 4 3 4 3 π π π π + a) 2 sin 7 π b) 7 sin 12 π c) 2 cos 7 π d) 7 cos 12 π 
2017,jan,January 2017,20,mcq,2,/home/max/testgen-suite/ocr-frq/mb-exams/source-pdfs/student-booklets/pc_17_jan_sb2.pdf,[5],1,1.0,1 mark,no-calculator,B,R7,answer-key,/home/max/testgen-suite/ocr-frq/mb-exams/source-pdfs/marking-guides/pc_17_jan_mg.pdf,[67],[],Question 20 1 mark Identify the logarithmic form of 5 6 x = . a) 5 log 6 x = b) 5 log 6 x = c) 6 log 5 x = d) 6 log 5 x = Pre-Calculus Mathematics: Booklet 2 (January 2017) 1
2017,jan,January 2017,21,mcq,2,/home/max/testgen-suite/ocr-frq/mb-exams/source-pdfs/student-booklets/pc_17_jan_sb2.pdf,[6],1,1.0,1 mark,no-calculator,D,T4,answer-key,/home/max/testgen-suite/ocr-frq/mb-exams/source-pdfs/marking-guides/pc_17_jan_mg.pdf,[68],[],"Question 21 1 mark Given ( ) ( ) 3cos 2 1 and sin 1, f g = − = + θ θ θ θ identify which statement is true. a) Both functions have the same period. b) Both functions have the same amplitude. c) Both functions have the same minimum value. d) Both functions have the same maximum value. "
2017,jan,January 2017,22,mcq,2,/home/max/testgen-suite/ocr-frq/mb-exams/source-pdfs/student-booklets/pc_17_jan_sb2.pdf,[6],1,1.0,1 mark,no-calculator,C,P4,answer-key,/home/max/testgen-suite/ocr-frq/mb-exams/source-pdfs/marking-guides/pc_17_jan_mg.pdf,[68],[],Question 22 1 mark Identify the fourth term in the expansion of ( )5 . x y + a) 4 10x y b) 3 2 10x y c) 2 3 10x y d) 4 10xy 2 Pre-Calculus Mathematics: Booklet 2 (January 2017)
2017,jan,January 2017,23,mcq,2,/home/max/testgen-suite/ocr-frq/mb-exams/source-pdfs/student-booklets/pc_17_jan_sb2.pdf,[7],1,1.0,1 mark,no-calculator,B,T5,answer-key,/home/max/testgen-suite/ocr-frq/mb-exams/source-pdfs/marking-guides/pc_17_jan_mg.pdf,[69],[],"Question 23 1 mark Given the graphs of ( ) f x and ( ), g x identify the choice with all of the solutions of the equation ( ) ( ) f x g x = . a) 2 , , 0, , 2 x = −π −π π π b) , 0, 2 2 x π π = − c) 2 x π = d) 1, 0, 1 x = − ( ) f x ( ) g x 2 π 1 x y Pre-Calculus Mathematics: Booklet 2 (January 2017) 3"
2017,jan,January 2017,24,mcq,2,/home/max/testgen-suite/ocr-frq/mb-exams/source-pdfs/student-booklets/pc_17_jan_sb2.pdf,[8],1,1.0,1 mark,no-calculator,D,R6,answer-key,/home/max/testgen-suite/ocr-frq/mb-exams/source-pdfs/marking-guides/pc_17_jan_mg.pdf,[70],[],"Question 24 1 mark Identify the graph of ( ) ( ) 1 2 if 9, 0. f x f x x x − = − ≥ a) b) c) d) 1 1 x y 9 −  1 1 x y   9 − 1 1 x y 9 −  9 − 1 1 x y • 4 Pre-Calculus Mathematics: Booklet 2 (January 2017)"
2017,jan,January 2017,25,mcq,2,/home/max/testgen-suite/ocr-frq/mb-exams/source-pdfs/student-booklets/pc_17_jan_sb2.pdf,[9],1,1.0,1 mark,no-calculator,C,R11,answer-key,/home/max/testgen-suite/ocr-frq/mb-exams/source-pdfs/marking-guides/pc_17_jan_mg.pdf,[71],[],"Question 25 1 mark Using the remainder theorem, identify which value of x results in a remainder of zero given ( ) 3 2 7 14 8. p x x x x = + + + a) 1 b) 0 c) 1 − d) 3 − "
2017,jan,January 2017,26,mcq,2,/home/max/testgen-suite/ocr-frq/mb-exams/source-pdfs/student-booklets/pc_17_jan_sb2.pdf,[9],1,1.0,1 mark,no-calculator,A,T3,answer-key,/home/max/testgen-suite/ocr-frq/mb-exams/source-pdfs/marking-guides/pc_17_jan_mg.pdf,[71],[],Question 26 1 mark Evaluate cos cos . 2  3π            a) 1 b) 1 2 c) 0 d) 1 − Pre-Calculus Mathematics: Booklet 2 (January 2017) 5
2017,jan,January 2017,27,matching,2,/home/max/testgen-suite/ocr-frq/mb-exams/source-pdfs/student-booklets/pc_17_jan_sb2.pdf,[10],1,2.0,2 marks,no-calculator,"C,B,A,D",R12,answer-key,/home/max/testgen-suite/ocr-frq/mb-exams/source-pdfs/marking-guides/pc_17_jan_mg.pdf,[72],[],Question 27 2 marks 121 Match the following equations with their graphs: Place the appropriate letter in this column. ( ) ( ) ( )( ) 3 1 1 3 f x x x x = − + − ( ) ( ) ( )( ) 2 1 1 3 g x x x x = + − + ( ) ( ) ( )( ) 2 2 1 1 3 h x x x x = − − + − ( ) ( ) ( )( ) 2 2 1 1 3 k x x x x = + − + A) B) C) D) 
2017,jan,January 2017,28,frq,2,/home/max/testgen-suite/ocr-frq/mb-exams/source-pdfs/student-booklets/pc_17_jan_sb2.pdf,[11],1,2.0,2 marks,no-calculator,,R8,marking-guide-heading,/home/max/testgen-suite/ocr-frq/mb-exams/source-pdfs/marking-guides/pc_17_jan_mg.pdf,[74],[],"Question 28 2 marks 122 If log 6 ,p = log5 r = and log 2 q = , express log 60 in terms of , and . p q r Pre-Calculus Mathematics: Booklet 2 (January 2017) 7"
2017,jan,January 2017,29,frq,2,/home/max/testgen-suite/ocr-frq/mb-exams/source-pdfs/student-booklets/pc_17_jan_sb2.pdf,[12],1,4.0,4 marks,no-calculator,,R13,marking-guide-heading,/home/max/testgen-suite/ocr-frq/mb-exams/source-pdfs/marking-guides/pc_17_jan_mg.pdf,[76],[],Question 29 4 marks 123 Sketch the graph of 2 1. y x = − + 1 y x 1 8 Pre-Calculus Mathematics: Booklet 2 (January 2017)
2017,jan,January 2017,30,frq,2,/home/max/testgen-suite/ocr-frq/mb-exams/source-pdfs/student-booklets/pc_17_jan_sb2.pdf,[13],1,1.0,1 mark,no-calculator,,P2,marking-guide-heading,/home/max/testgen-suite/ocr-frq/mb-exams/source-pdfs/marking-guides/pc_17_jan_mg.pdf,[80],[],Question 30 1 mark 124 Justify why the letters of the word FRANCE have a greater number of possible arrangements than the letters of the word CANADA. Pre-Calculus Mathematics: Booklet 2 (January 2017) 9
2017,jan,January 2017,31,frq,2,/home/max/testgen-suite/ocr-frq/mb-exams/source-pdfs/student-booklets/pc_17_jan_sb2.pdf,[14],1,4.0,a) 1 mark; b) 3 marks,no-calculator,,"R1, R14",marking-guide-heading,/home/max/testgen-suite/ocr-frq/mb-exams/source-pdfs/marking-guides/pc_17_jan_mg.pdf,[82],[],"Question 31 a) 1 mark b) 3 marks 125 126 Given ( ) 1 2 f x x = − and ( ) 5 g x x = + , a) determine the equation for ( ) ( ) f g x . ( ) ( ) f g x =________________________ b) sketch the graph of ( ) ( ) f g x . y x 1 1 10 Pre-Calculus Mathematics: Booklet 2 (January 2017)"
2017,jan,January 2017,32,frq,2,/home/max/testgen-suite/ocr-frq/mb-exams/source-pdfs/student-booklets/pc_17_jan_sb2.pdf,[15],1,4.0,a) 3 marks; b) 1 mark,no-calculator,,T6,marking-guide-heading,/home/max/testgen-suite/ocr-frq/mb-exams/source-pdfs/marking-guides/pc_17_jan_mg.pdf,"[86, 87]",[],"Question 32 a) 3 marks b) 1 mark 127 128 Given that 3 sin 7 α = , where α is in Quadrant II, and 4 cos 5 β = , where β is in Quadrant IV, determine the exact value of: a) ( ) sin α β − b) cos 2α Pre-Calculus Mathematics: Booklet 2 (January 2017) 11"
2017,jan,January 2017,33,frq,2,/home/max/testgen-suite/ocr-frq/mb-exams/source-pdfs/student-booklets/pc_17_jan_sb2.pdf,[16],1,2.0,2 marks,no-calculator,,R13,marking-guide-heading,/home/max/testgen-suite/ocr-frq/mb-exams/source-pdfs/marking-guides/pc_17_jan_mg.pdf,[92],[],Question 33 2 marks 129 Determine the domain and range of ( ) 5 1 f x x = − −. Domain: ____________________________ Range: ______________________________ 12 Pre-Calculus Mathematics: Booklet 2 (January 2017)
2017,jan,January 2017,34,frq,2,/home/max/testgen-suite/ocr-frq/mb-exams/source-pdfs/student-booklets/pc_17_jan_sb2.pdf,[17],1,1.0,1 mark,no-calculator,,R7,marking-guide-heading,/home/max/testgen-suite/ocr-frq/mb-exams/source-pdfs/marking-guides/pc_17_jan_mg.pdf,[94],[],Question 34 1 mark 130 Justify why 4.7 is a better estimate than 4.3 for the value of 2 log 26 . Pre-Calculus Mathematics: Booklet 2 (January 2017) 13
2017,jan,January 2017,35,frq,2,/home/max/testgen-suite/ocr-frq/mb-exams/source-pdfs/student-booklets/pc_17_jan_sb2.pdf,[18],1,2.0,2 marks,no-calculator,,R14,marking-guide-heading,/home/max/testgen-suite/ocr-frq/mb-exams/source-pdfs/marking-guides/pc_17_jan_mg.pdf,[98],[],Question 35 2 marks 131 Sketch the graph of the function: ( ) ( )( ) ( ) 2 4 2 x x x f x x − − = − 1 1 x y 14 Pre-Calculus Mathematics: Booklet 2 (January 2017)
2017,jan,January 2017,36,frq,2,/home/max/testgen-suite/ocr-frq/mb-exams/source-pdfs/student-booklets/pc_17_jan_sb2.pdf,[19],1,3.0,3 marks,no-calculator,,T3,marking-guide-heading,/home/max/testgen-suite/ocr-frq/mb-exams/source-pdfs/marking-guides/pc_17_jan_mg.pdf,[104],[],Question 36 3 marks 132 Evaluate: 2 2 sec tan csc 6 6 3 π 7π π       + −             Pre-Calculus Mathematics: Booklet 2 (January 2017) 15
2017,jan,January 2017,37,frq,2,/home/max/testgen-suite/ocr-frq/mb-exams/source-pdfs/student-booklets/pc_17_jan_sb2.pdf,[20],1,1.0,1 mark,no-calculator,,R5,marking-guide-heading,/home/max/testgen-suite/ocr-frq/mb-exams/source-pdfs/marking-guides/pc_17_jan_mg.pdf,[108],[],Question 37 1 mark 133 The graph of ( ) 3 7 f x x = + is reflected over the y -axis. Determine the equation of the new function. y = _________________________ 16 Pre-Calculus Mathematics: Booklet 2 (January 2017)
2017,jan,January 2017,38,frq,2,/home/max/testgen-suite/ocr-frq/mb-exams/source-pdfs/student-booklets/pc_17_jan_sb2.pdf,[21],1,2.0,2 marks,no-calculator,,R14,marking-guide-heading,/home/max/testgen-suite/ocr-frq/mb-exams/source-pdfs/marking-guides/pc_17_jan_mg.pdf,[110],[],Question 38 2 marks 134 Determine the equations of all of the asymptotes of the function: 2 1 3 x y x + = − 
2017,jan,January 2017,39,frq,2,/home/max/testgen-suite/ocr-frq/mb-exams/source-pdfs/student-booklets/pc_17_jan_sb2.pdf,[21],1,2.0,2 marks,no-calculator,,R11,marking-guide-heading,/home/max/testgen-suite/ocr-frq/mb-exams/source-pdfs/marking-guides/pc_17_jan_mg.pdf,[112],[],Question 39 2 marks 135 One of the zeros of ( ) 3 2 6 32 p x x x = + − is 2. x = Determine all of the other zeros of ( ). p x Pre-Calculus Mathematics: Booklet 2 (January 2017) 17
2017,jan,January 2017,40,frq,2,/home/max/testgen-suite/ocr-frq/mb-exams/source-pdfs/student-booklets/pc_17_jan_sb2.pdf,[22],1,3.0,3 marks,no-calculator,,R9,marking-guide-heading,/home/max/testgen-suite/ocr-frq/mb-exams/source-pdfs/marking-guides/pc_17_jan_mg.pdf,[114],[],Question 40 3 marks 136 Sketch the graph of 2 2 x y = − + . y x 1 1 18 Pre-Calculus Mathematics: Booklet 2 (January 2017)
2017,jan,January 2017,41,frq,2,/home/max/testgen-suite/ocr-frq/mb-exams/source-pdfs/student-booklets/pc_17_jan_sb2.pdf,[23],1,1.0,1 mark,no-calculator,,R1,marking-guide-heading,/home/max/testgen-suite/ocr-frq/mb-exams/source-pdfs/marking-guides/pc_17_jan_mg.pdf,[118],[],"Question 41 1 mark 137 Given the function ( ) 2 1 f x x = −, justify why ( ) ( ) 2 f f is undefined. Pre-Calculus Mathematics: Booklet 2 (January 2017) 19"
2017,jan,January 2017,42,frq,2,/home/max/testgen-suite/ocr-frq/mb-exams/source-pdfs/student-booklets/pc_17_jan_sb2.pdf,[24],1,3.0,3 marks,no-calculator,,T4,marking-guide-heading,/home/max/testgen-suite/ocr-frq/mb-exams/source-pdfs/marking-guides/pc_17_jan_mg.pdf,[120],[],"Question 42 3 marks 138 The following graph represents the volume of air in an adult’s lungs. If ( ) V t is the volume of air in litres and t is the time in seconds, determine an equation that represents this sinusoidal function. ( ) ________________________ V t = Volume (litres) t ( ) V t 2 4 6 8 T"
2017,jan,January 2017,43,frq,2,/home/max/testgen-suite/ocr-frq/mb-exams/source-pdfs/student-booklets/pc_17_jan_sb2.pdf,[25],1,1.0,1 mark,no-calculator,,R9,marking-guide-heading,/home/max/testgen-suite/ocr-frq/mb-exams/source-pdfs/marking-guides/pc_17_jan_mg.pdf,[122],[],Question 43 1 mark 139 Explain why the domain of ( ) 2 log 1 y x = − is 1 x > . Pre-Calculus Mathematics: Booklet 2 (January 2017) 21
2017,jan,January 2017,44,frq,2,/home/max/testgen-suite/ocr-frq/mb-exams/source-pdfs/student-booklets/pc_17_jan_sb2.pdf,[26],1,2.0,2 marks,no-calculator,,T2,marking-guide-heading,/home/max/testgen-suite/ocr-frq/mb-exams/source-pdfs/marking-guides/pc_17_jan_mg.pdf,[126],[],"Question 44 2 marks 140 The point ( ) 2,7 − is on the terminal arm of an angle in standard position. Determine the coordinates of the corresponding point, ( ) P θ , on the unit circle. 22 Pre-Calculus Mathematics: Booklet 2 (January 2017)"
2017,jan,January 2017,45,frq,2,/home/max/testgen-suite/ocr-frq/mb-exams/source-pdfs/student-booklets/pc_17_jan_sb2.pdf,[27],1,3.0,3 marks,no-calculator,,R12,marking-guide-heading,/home/max/testgen-suite/ocr-frq/mb-exams/source-pdfs/marking-guides/pc_17_jan_mg.pdf,[130],[],Question 45 3 marks 141 Sketch a graph of ( ) P x that satisfies all of the following conditions: • ( ) P x is a polynomial function of degree 3. • ( ) P x has a zero at 3 − with a multiplicity of 2. • ( ) P x has a zero at 1. • ( ) P x has a leading coefficient of 3 −. y x Pre-Calculus Mathematics:
2017,jan,January 2017,46,frq,2,/home/max/testgen-suite/ocr-frq/mb-exams/source-pdfs/student-booklets/pc_17_jan_sb2.pdf,[28],1,2.0,2 marks,no-calculator,,P1,marking-guide-heading,/home/max/testgen-suite/ocr-frq/mb-exams/source-pdfs/marking-guides/pc_17_jan_mg.pdf,[134],[],"Question 46 2 marks 142 Determine how many 4-digit numbers greater than 4000 can be made using the digits 2, 3, 4, 5, and 6 if repetitions are not allowed. 24 Pre-Calculus Mathematics: Booklet 2 (January 2017)"
2017,jun,June 2017,1,frq,1,/home/max/testgen-suite/ocr-frq/mb-exams/source-pdfs/student-booklets/pc_17_jun_sb1.pdf,[9],1,2.0,2 marks,calculator-active,,T1,marking-guide-heading,/home/max/testgen-suite/ocr-frq/mb-exams/source-pdfs/marking-guides/pc_17_jun_mg.pdf,[10],[],"Question 1 2 marks 101 A section of a car windshield is cleaned by a wiper as shown in the diagram below. The arm of the wiper is 22 inches, and it rotates through a central angle of 132°. Determine the length of the arc that is created by the tip of the wiper. 132° 22 in."
2017,jun,June 2017,2,frq,1,/home/max/testgen-suite/ocr-frq/mb-exams/source-pdfs/student-booklets/pc_17_jun_sb1.pdf,[10],1,2.0,2 marks,calculator-active,,P3,marking-guide-heading,/home/max/testgen-suite/ocr-frq/mb-exams/source-pdfs/marking-guides/pc_17_jun_mg.pdf,[12],[],Question 2 2 marks 102 There are 20 boys and 11 girls who can be selected to be on a team. Determine the number of ways that 7 boys and 5 girls can be selected for this team.
2017,jun,June 2017,3,frq,1,/home/max/testgen-suite/ocr-frq/mb-exams/source-pdfs/student-booklets/pc_17_jun_sb1.pdf,[11],1,2.0,2 marks,calculator-active,,R10,marking-guide-heading,/home/max/testgen-suite/ocr-frq/mb-exams/source-pdfs/marking-guides/pc_17_jun_mg.pdf,[14],[],"Question 3 2 marks 103 A water filtration system which removes impurities from a sample of water can be modelled by ( ) 0.25 0.55 , n P = where: P = the percentage of impurities remaining, in decimal form n = the number of filters Determine, algebraically, how many filters are required so that less "
2017,jun,June 2017,4,frq,1,/home/max/testgen-suite/ocr-frq/mb-exams/source-pdfs/student-booklets/pc_17_jun_sb1.pdf,[12],1,3.0,3 marks,calculator-active,,P4,marking-guide-heading,/home/max/testgen-suite/ocr-frq/mb-exams/source-pdfs/marking-guides/pc_17_jun_mg.pdf,[18],[],"Question 4 3 marks 104 In the binomial expansion of 8 2 2 , x y   −     determine the middle term in simplified form."
2017,jun,June 2017,5,frq,1,/home/max/testgen-suite/ocr-frq/mb-exams/source-pdfs/student-booklets/pc_17_jun_sb1.pdf,[13],1,3.0,3 marks,calculator-active,,T5,marking-guide-heading,/home/max/testgen-suite/ocr-frq/mb-exams/source-pdfs/marking-guides/pc_17_jun_mg.pdf,[22],[],"Question 5 3 marks 105 Solve the following equation algebraically over the interval Note: A calculator is not required for the remaining test questions. [ ] 0, 2 . π 2 6sin sin 1 0 θ θ + − ="
2017,jun,June 2017,6,frq,1,/home/max/testgen-suite/ocr-frq/mb-exams/source-pdfs/student-booklets/pc_17_jun_sb1.pdf,[14],1,2.0,2 marks,no-calculator,,"R4, R5",marking-guide-heading,/home/max/testgen-suite/ocr-frq/mb-exams/source-pdfs/marking-guides/pc_17_jun_mg.pdf,[26],[],"Question 6 2 marks 106 Given the graph of ( ), y f x = sketch the graph of ( ) 4 . y f x = −+ The graph of ( ) f x has already been drawn for your reference. No marks will be awarded for the graph of ( ) f x . x y ( ) f x 1 1 x y 1 1"
2017,jun,June 2017,7,frq,1,/home/max/testgen-suite/ocr-frq/mb-exams/source-pdfs/student-booklets/pc_17_jun_sb1.pdf,[15],1,2.0,2 marks,no-calculator,,"T2, T3",marking-guide-heading,/home/max/testgen-suite/ocr-frq/mb-exams/source-pdfs/marking-guides/pc_17_jun_mg.pdf,[30],[],"Question 7 2 marks 107 Given the following triangle, determine csc . θ 5 2 y x θ"
2017,jun,June 2017,8,frq,1,/home/max/testgen-suite/ocr-frq/mb-exams/source-pdfs/student-booklets/pc_17_jun_sb1.pdf,[16],1,3.0,3 marks,no-calculator,,P2,marking-guide-heading,/home/max/testgen-suite/ocr-frq/mb-exams/source-pdfs/marking-guides/pc_17_jun_mg.pdf,[34],[],Question 8 3 marks 108 Solve algebraically. 2 9 n P n =
2017,jun,June 2017,9,frq,1,/home/max/testgen-suite/ocr-frq/mb-exams/source-pdfs/student-booklets/pc_17_jun_sb1.pdf,[17],1,2.0,2 marks,no-calculator,,R13,marking-guide-heading,/home/max/testgen-suite/ocr-frq/mb-exams/source-pdfs/marking-guides/pc_17_jun_mg.pdf,[38],[],Question 9 2 marks 109 Describe the transformations applied to the graph of ( ) f x to obtain the graph of ( ). g x y • • ( ) f x ( ) g x x 1 1
2017,jun,June 2017,10,frq,1,/home/max/testgen-suite/ocr-frq/mb-exams/source-pdfs/student-booklets/pc_17_jun_sb1.pdf,[18],1,2.0,2 marks,no-calculator,,R12,marking-guide-heading,/home/max/testgen-suite/ocr-frq/mb-exams/source-pdfs/marking-guides/pc_17_jun_mg.pdf,[40],[],"Question 10 2 marks 110 Determine, algebraically, the value of the leading coefficient of the graph of the polynomial function, ( ). p x • • • • ( ) p x x y 1 1 − 3 − 12 −"
2017,jun,June 2017,11,frq,1,/home/max/testgen-suite/ocr-frq/mb-exams/source-pdfs/student-booklets/pc_17_jun_sb1.pdf,[19],1,1.0,1 mark,no-calculator,,P1,marking-guide-heading,/home/max/testgen-suite/ocr-frq/mb-exams/source-pdfs/marking-guides/pc_17_jun_mg.pdf,[44],[],"Question 11 1 mark 111 Frank, Liam, Chan, and Thao are going to a movie. Determine the number of ways they can sit in a row of four chairs, if Frank and Chan must sit beside each other."
2017,jun,June 2017,12,frq,1,/home/max/testgen-suite/ocr-frq/mb-exams/source-pdfs/student-booklets/pc_17_jun_sb1.pdf,[20],1,2.0,2 marks,no-calculator,,R6,marking-guide-heading,/home/max/testgen-suite/ocr-frq/mb-exams/source-pdfs/marking-guides/pc_17_jun_mg.pdf,[46],[],"Question 12 2 marks 112 Determine, algebraically, if and are inverses of each other. Justify your answer. ( ) 1 5 f x x = + ( ) 1 5 g x x = −"
2017,jun,June 2017,13,frq,1,/home/max/testgen-suite/ocr-frq/mb-exams/source-pdfs/student-booklets/pc_17_jun_sb1.pdf,[21],1,1.0,1 mark,no-calculator,,R13,marking-guide-heading,/home/max/testgen-suite/ocr-frq/mb-exams/source-pdfs/marking-guides/pc_17_jun_mg.pdf,[48],[],"Question 13 1 mark 113 Using the graphs of ( ) y f x = and ( ), = y g x solve ( ) ( ). f x g x = y 1 1 x ( ) f x ( ) g x"
2017,jun,June 2017,14,frq,1,/home/max/testgen-suite/ocr-frq/mb-exams/source-pdfs/student-booklets/pc_17_jun_sb1.pdf,[22],1,1.0,1 mark,no-calculator,,T1,marking-guide-heading,/home/max/testgen-suite/ocr-frq/mb-exams/source-pdfs/marking-guides/pc_17_jun_mg.pdf,[50],[],Question 14 1 mark 114 An angle in standard position measures 3 . 4 π Determine in which quadrant the terminal arm of this angle is located after a rotation of 3 radians. Justify your answer.
2017,jun,June 2017,15,frq,1,/home/max/testgen-suite/ocr-frq/mb-exams/source-pdfs/student-booklets/pc_17_jun_sb1.pdf,[23],1,3.0,3 marks,no-calculator,,T6,marking-guide-heading,/home/max/testgen-suite/ocr-frq/mb-exams/source-pdfs/marking-guides/pc_17_jun_mg.pdf,[52],[],Question 15 3 marks 115 Prove the following identity for all permissible values of . θ sin 2 cot 1 cos 2 θ θ θ = − Left-Hand Side Right-Hand Side
2017,jun,June 2017,16,frq,1,/home/max/testgen-suite/ocr-frq/mb-exams/source-pdfs/student-booklets/pc_17_jun_sb1.pdf,[24],1,1.0,1 mark,no-calculator,,R3,marking-guide-heading,/home/max/testgen-suite/ocr-frq/mb-exams/source-pdfs/marking-guides/pc_17_jun_mg.pdf,[56],[],"Question 16 1 mark 116 If the range of ( ) y f x = is 3 6, y −≤ ≤ determine the range of ( ) 2 3 . y f x = "
2017,jun,June 2017,17,frq,1,/home/max/testgen-suite/ocr-frq/mb-exams/source-pdfs/student-booklets/pc_17_jun_sb1.pdf,[24],1,1.0,1 mark,no-calculator,,T5,marking-guide-heading,/home/max/testgen-suite/ocr-frq/mb-exams/source-pdfs/marking-guides/pc_17_jun_mg.pdf,[58],[],"Question 17 1 mark 117 Maurice incorrectly solved the equation, sin 1 0, θ + = over the interval 0 , 360 .       Describe his error."
2017,jun,June 2017,18,mcq,2,/home/max/testgen-suite/ocr-frq/mb-exams/source-pdfs/student-booklets/pc_17_jun_sb2.pdf,[5],1,1.0,1 mark,no-calculator,D,R2,answer-key,/home/max/testgen-suite/ocr-frq/mb-exams/source-pdfs/marking-guides/pc_17_jun_mg.pdf,[63],[],"Question 18 1 mark If ( ) 3,5 P is a point on the graph of ( ) y f x = , identify the corresponding point on the graph of ( ) 1 7. y f x = − + a) ( ) 2,12 b) ( ) 4, 2 − c) ( ) 2, 2 − d) ( ) 4,12 "
2017,jun,June 2017,19,mcq,2,/home/max/testgen-suite/ocr-frq/mb-exams/source-pdfs/student-booklets/pc_17_jun_sb2.pdf,[5],1,1.0,1 mark,no-calculator,B,R5,answer-key,/home/max/testgen-suite/ocr-frq/mb-exams/source-pdfs/marking-guides/pc_17_jun_mg.pdf,[63],[],Question 19 1 mark Identify how the graph of 3x y = is transformed to the graph of 3 .x y − = a) reflected over the x-axis b) reflected over the y-axis c) reflected over both the x-axis and the y-axis d) reflected over the line y x = 
2017,jun,June 2017,20,mcq,2,/home/max/testgen-suite/ocr-frq/mb-exams/source-pdfs/student-booklets/pc_17_jun_sb2.pdf,[5],1,1.0,1 mark,no-calculator,B,R7,answer-key,/home/max/testgen-suite/ocr-frq/mb-exams/source-pdfs/marking-guides/pc_17_jun_mg.pdf,[63],[],Question 20 1 mark Identify the equation loga b c = in exponential form. a) c b a = b) c a b = c) b a c = d) a c b =
2017,jun,June 2017,21,mcq,2,/home/max/testgen-suite/ocr-frq/mb-exams/source-pdfs/student-booklets/pc_17_jun_sb2.pdf,[6],1,1.0,1 mark,no-calculator,C,T4,answer-key,/home/max/testgen-suite/ocr-frq/mb-exams/source-pdfs/marking-guides/pc_17_jun_mg.pdf,[64],[],Question 21 1 mark Identify the graph of tan . y x = a) b) c) d) y 1 x 2 π 1 1 2 π x y 2 π 1 y x 2 π 1 y x
2017,jun,June 2017,22,mcq,2,/home/max/testgen-suite/ocr-frq/mb-exams/source-pdfs/student-booklets/pc_17_jun_sb2.pdf,[7],1,1.0,1 mark,no-calculator,B,R9,answer-key,/home/max/testgen-suite/ocr-frq/mb-exams/source-pdfs/marking-guides/pc_17_jun_mg.pdf,[65],[],Question 22 1 mark Identify which of the following graphs represents a logarithmic function. a) b) c) d) y x 1 1 y x 1 1 y x 1 1 y x 1 1
2017,jun,June 2017,23,mcq,2,/home/max/testgen-suite/ocr-frq/mb-exams/source-pdfs/student-booklets/pc_17_jun_sb2.pdf,[8],1,1.0,1 mark,no-calculator,D,R12,answer-key,/home/max/testgen-suite/ocr-frq/mb-exams/source-pdfs/marking-guides/pc_17_jun_mg.pdf,[66],[],"Question 23 1 mark If the volume of a box is represented by ( ) ( )( )( ) 4 2 1 , V x x x x = + + − identify a possible value of .x a) 4 − b) 1 − c) 1 d) 4 "
2017,jun,June 2017,24,mcq,2,/home/max/testgen-suite/ocr-frq/mb-exams/source-pdfs/student-booklets/pc_17_jun_sb2.pdf,[8],1,1.0,1 mark,no-calculator,D,T1,answer-key,/home/max/testgen-suite/ocr-frq/mb-exams/source-pdfs/marking-guides/pc_17_jun_mg.pdf,[66],[],Question 24 1 mark Identify a coterminal angle for . 3 π = − θ a) 3 π b) 4 3 π c) 7 3 π d) 11 3 π 
2017,jun,June 2017,25,mcq,2,/home/max/testgen-suite/ocr-frq/mb-exams/source-pdfs/student-booklets/pc_17_jun_sb2.pdf,[8],1,1.0,1 mark,no-calculator,C,P3,answer-key,/home/max/testgen-suite/ocr-frq/mb-exams/source-pdfs/marking-guides/pc_17_jun_mg.pdf,[66],[],Question 25 1 mark Identify the value of n in the equation 3 6. n n C C = a) 3 b) 6 c) 9 d) 18
2017,jun,June 2017,26,mcq,2,/home/max/testgen-suite/ocr-frq/mb-exams/source-pdfs/student-booklets/pc_17_jun_sb2.pdf,[9],1,1.0,1 mark,no-calculator,A,R14,answer-key,/home/max/testgen-suite/ocr-frq/mb-exams/source-pdfs/marking-guides/pc_17_jun_mg.pdf,[67],[],"Question 26 1 mark Identify the equation of the function, ( ), f x for the following graph. a) ( ) 2 3 x f x x = + b) ( ) 2 3 f x x = + c) ( ) ( ) 2 2 3 x f x x x = + d) ( ) ( ) 2 3 2 x f x x x = + ( ) f x x y 1 1"
2017,jun,June 2017,27,matching,2,/home/max/testgen-suite/ocr-frq/mb-exams/source-pdfs/student-booklets/pc_17_jun_sb2.pdf,[10],1,2.0,2 marks,no-calculator,"B,C,A,D",R13,answer-key,/home/max/testgen-suite/ocr-frq/mb-exams/source-pdfs/marking-guides/pc_17_jun_mg.pdf,[68],[],Question 27 2 marks 118 Match the following radical functions with their graphs. Place the appropriate letter in this column. A) B) C) D) ( ) ( ) 2 3 f x x = − + ( ) ( ) 2 3 g x x = − + ( ) ( ) 3 2 h x x = − ( ) ( ) 3 2 k x x = − y x 1 1 y x 1 1 y x 1 1 y x 1 1
2017,jun,June 2017,28,frq,2,/home/max/testgen-suite/ocr-frq/mb-exams/source-pdfs/student-booklets/pc_17_jun_sb2.pdf,[11],1,3.0,3 marks,no-calculator,,R11,marking-guide-heading,/home/max/testgen-suite/ocr-frq/mb-exams/source-pdfs/marking-guides/pc_17_jun_mg.pdf,[70],[],Question 28 3 marks 119 Express ( ) 3 2 2 4 8 p x x x x = − − + as a product of factors. ( ) p x = _______________________________________
2017,jun,June 2017,29,frq,2,/home/max/testgen-suite/ocr-frq/mb-exams/source-pdfs/student-booklets/pc_17_jun_sb2.pdf,[12],1,4.0,a) 3 marks; b) 1 mark,no-calculator,,R1,marking-guide-heading,/home/max/testgen-suite/ocr-frq/mb-exams/source-pdfs/marking-guides/pc_17_jun_mg.pdf,[72],[],"Question 29 a) 3 marks b) 1 mark 120 121 Given the graph of ( ) ( )( ) 3 1 , f x x x = + − a) sketch the graph of ( ) ( ) 1 . g x f x = b) describe how to sketch the graph of ( ) ( ) . h x f x = The graph of ( ) f x has already been drawn for your reference. No marks will be awarded for the graph of"
2017,jun,June 2017,30,frq,2,/home/max/testgen-suite/ocr-frq/mb-exams/source-pdfs/student-booklets/pc_17_jun_sb2.pdf,[13],1,1.0,1 mark,no-calculator,,R9,marking-guide-heading,/home/max/testgen-suite/ocr-frq/mb-exams/source-pdfs/marking-guides/pc_17_jun_mg.pdf,[78],[],"Question 30 1 mark 122 Describe how the value of m in the equation ( ) 3 log , y x m m = − ∈, affects the asymptote on the graph of "
2017,jun,June 2017,31,frq,2,/home/max/testgen-suite/ocr-frq/mb-exams/source-pdfs/student-booklets/pc_17_jun_sb2.pdf,[13],1,2.0,2 marks,no-calculator,,R10,marking-guide-heading,/home/max/testgen-suite/ocr-frq/mb-exams/source-pdfs/marking-guides/pc_17_jun_mg.pdf,[80],[],Question 31 2 marks 123 Solve algebraically. 3 1 1 25 5 x x − +   =     3 log . y x =
2017,jun,June 2017,32,frq,2,/home/max/testgen-suite/ocr-frq/mb-exams/source-pdfs/student-booklets/pc_17_jun_sb2.pdf,[14],1,4.0,4 marks,no-calculator,,"T5, T6",marking-guide-heading,/home/max/testgen-suite/ocr-frq/mb-exams/source-pdfs/marking-guides/pc_17_jun_mg.pdf,"[84, 85]",[],"Question 32 4 marks 124 Solve cos 2 0 θ = , where θ ∈."
2017,jun,June 2017,33,frq,2,/home/max/testgen-suite/ocr-frq/mb-exams/source-pdfs/student-booklets/pc_17_jun_sb2.pdf,[15],1,1.0,1 mark,no-calculator,,R12,marking-guide-heading,/home/max/testgen-suite/ocr-frq/mb-exams/source-pdfs/marking-guides/pc_17_jun_mg.pdf,[88],[],Question 33 1 mark 125 Describe a difference between the graphs of ( ) y f x = and ( ). y g x = ( ) ( ) ( ) ( ) ( ) ( ) 2 2 2 1 3 2 1 3 f x x x g x x x = − + + = + +
2017,jun,June 2017,34,frq,2,/home/max/testgen-suite/ocr-frq/mb-exams/source-pdfs/student-booklets/pc_17_jun_sb2.pdf,[16],1,2.0,2 marks,no-calculator,,R13,marking-guide-heading,/home/max/testgen-suite/ocr-frq/mb-exams/source-pdfs/marking-guides/pc_17_jun_mg.pdf,[90],[],"Question 34 2 marks 126 Given the graph of ( ), y f x = sketch the graph of ( ). f x The graph of ( ) f x has already been drawn for your reference. No marks will be awarded for the graph of ( ) f x . y x 1 1 ( ) f x y x 1 1 ( ) f x"
2017,jun,June 2017,35,frq,2,/home/max/testgen-suite/ocr-frq/mb-exams/source-pdfs/student-booklets/pc_17_jun_sb2.pdf,[17],1,1.0,1 mark,no-calculator,,R12,marking-guide-heading,/home/max/testgen-suite/ocr-frq/mb-exams/source-pdfs/marking-guides/pc_17_jun_mg.pdf,[92],[],"Question 35 1 mark 127 Describe the relationship between the zeros of the function ( ) ( )( )2 2 1 3 , f x x x = − + the roots of the equation ( )( )2 2 1 3 0 x x − + = , and the x -intercepts of the graph of ( ). y f x = "
2017,jun,June 2017,36,frq,2,/home/max/testgen-suite/ocr-frq/mb-exams/source-pdfs/student-booklets/pc_17_jun_sb2.pdf,[17],1,3.0,3 marks,no-calculator,,T4,marking-guide-heading,/home/max/testgen-suite/ocr-frq/mb-exams/source-pdfs/marking-guides/pc_17_jun_mg.pdf,[94],[],Question 36 3 marks 128 Sketch a graph of at least one period of the function ( ) 1 cos 3. 2 2 f x x  π    = + −         y x
2017,jun,June 2017,37,frq,2,/home/max/testgen-suite/ocr-frq/mb-exams/source-pdfs/student-booklets/pc_17_jun_sb2.pdf,[18],1,1.0,1 mark,no-calculator,,T6,marking-guide-heading,/home/max/testgen-suite/ocr-frq/mb-exams/source-pdfs/marking-guides/pc_17_jun_mg.pdf,[98],[],Question 37 1 mark 129 Verify that 4 3 θ π = is a solution of the equation 2 4cos 1 0. θ −=
2017,jun,June 2017,38,frq,2,/home/max/testgen-suite/ocr-frq/mb-exams/source-pdfs/student-booklets/pc_17_jun_sb2.pdf,[19],1,1.0,1 mark,no-calculator,,R14,marking-guide-heading,/home/max/testgen-suite/ocr-frq/mb-exams/source-pdfs/marking-guides/pc_17_jun_mg.pdf,[102],[],Question 38 1 mark 130 Describe how to determine the equation of the horizontal asymptote of a rational function when the degree of the polynomial in the numerator and the degree of the polynomial in the denominator are equal. 
2017,jun,June 2017,39,frq,2,/home/max/testgen-suite/ocr-frq/mb-exams/source-pdfs/student-booklets/pc_17_jun_sb2.pdf,[19],1,2.0,2 marks,no-calculator,,T3,marking-guide-heading,/home/max/testgen-suite/ocr-frq/mb-exams/source-pdfs/marking-guides/pc_17_jun_mg.pdf,[104],[],Question 39 2 marks 131 Evaluate. 5 cot 6 17 sin 3 π   −     π      
2017,jun,June 2017,40,frq,2,/home/max/testgen-suite/ocr-frq/mb-exams/source-pdfs/student-booklets/pc_17_jun_sb2.pdf,[20],1,4.0,4 marks,no-calculator,,R14,marking-guide-heading,/home/max/testgen-suite/ocr-frq/mb-exams/source-pdfs/marking-guides/pc_17_jun_mg.pdf,[106],[],Question 40 4 marks 132 Sketch the graph of the function ( ) ( ) 2 1 1 f x x − = − and determine the range. Range: ______________________________ y x
2017,jun,June 2017,41,frq,2,/home/max/testgen-suite/ocr-frq/mb-exams/source-pdfs/student-booklets/pc_17_jun_sb2.pdf,[21],1,2.0,a) 1 mark; b) 1 mark,no-calculator,,R1,marking-guide-heading,/home/max/testgen-suite/ocr-frq/mb-exams/source-pdfs/marking-guides/pc_17_jun_mg.pdf,[110],[],"Question 41 a) 1 mark b) 1 mark 133 134 Given ( ) 2 f x x = − and ( ) 2 1, g x x = + a) determine ( ) ( ). g f x ( ) ( ) _____________________________ g f x = b) explain why the domain of ( ) ( ) g f x is restricted."
2017,jun,June 2017,42,frq,2,/home/max/testgen-suite/ocr-frq/mb-exams/source-pdfs/student-booklets/pc_17_jun_sb2.pdf,[22],1,3.0,3 marks,no-calculator,,"R7, R10",marking-guide-heading,/home/max/testgen-suite/ocr-frq/mb-exams/source-pdfs/marking-guides/pc_17_jun_mg.pdf,[114],[],"Question 42 3 marks 135 Solve algebraically. 2log 3 log 4 2, where 0 a a a + = > "
2017,jun,June 2017,43,frq,2,/home/max/testgen-suite/ocr-frq/mb-exams/source-pdfs/student-booklets/pc_17_jun_sb2.pdf,[22],1,2.0,2 marks,no-calculator,,T5,marking-guide-heading,/home/max/testgen-suite/ocr-frq/mb-exams/source-pdfs/marking-guides/pc_17_jun_mg.pdf,[118],[],"Question 43 2 marks 136 Solve sec 2 0 + = θ over the interval [ ] 0, 2 . π"
2017,jun,June 2017,44,frq,2,/home/max/testgen-suite/ocr-frq/mb-exams/source-pdfs/student-booklets/pc_17_jun_sb2.pdf,[23],1,1.0,1 mark,no-calculator,,R9,marking-guide-heading,/home/max/testgen-suite/ocr-frq/mb-exams/source-pdfs/marking-guides/pc_17_jun_mg.pdf,[120],[],Question 44 1 mark 137 Determine the x-intercept of the graph of ( ) 1. x f x e = − 
2017,jun,June 2017,45,frq,2,/home/max/testgen-suite/ocr-frq/mb-exams/source-pdfs/student-booklets/pc_17_jun_sb2.pdf,[23],1,1.0,1 mark,no-calculator,,P4,marking-guide-heading,/home/max/testgen-suite/ocr-frq/mb-exams/source-pdfs/marking-guides/pc_17_jun_mg.pdf,[122],[],"Question 45 1 mark 138 Given the 5th row of Pascal’s triangle, determine the values of the next row. 1 4 6 4 1"
2017,jun,June 2017,46,frq,2,/home/max/testgen-suite/ocr-frq/mb-exams/source-pdfs/student-booklets/pc_17_jun_sb2.pdf,[24],1,2.0,2 marks,no-calculator,,"R7, R8",marking-guide-heading,/home/max/testgen-suite/ocr-frq/mb-exams/source-pdfs/marking-guides/pc_17_jun_mg.pdf,[124],[],Question 46 2 marks 139 Evaluate. 2 2 log 80 log 10 − 
2017,jun,June 2017,47,frq,2,/home/max/testgen-suite/ocr-frq/mb-exams/source-pdfs/student-booklets/pc_17_jun_sb2.pdf,[24],1,1.0,1 mark,no-calculator,,T4,marking-guide-heading,/home/max/testgen-suite/ocr-frq/mb-exams/source-pdfs/marking-guides/pc_17_jun_mg.pdf,[126],[],Question 47 1 mark 140 State the amplitude of ( ) ( ) 2sin 1. f x x = − −π −
2017,jun,June 2017,48,frq,2,/home/max/testgen-suite/ocr-frq/mb-exams/source-pdfs/student-booklets/pc_17_jun_sb2.pdf,[25],1,3.0,3 marks,no-calculator,,"T3, T6",marking-guide-heading,/home/max/testgen-suite/ocr-frq/mb-exams/source-pdfs/marking-guides/pc_17_jun_mg.pdf,[128],[],Question 48 3 marks 141 Determine the exact value of cos15 . 
2017,jun,June 2017,49,frq,2,/home/max/testgen-suite/ocr-frq/mb-exams/source-pdfs/student-booklets/pc_17_jun_sb2.pdf,[26],1,2.0,a) 1 mark; b) 1 mark,no-calculator,,R1,marking-guide-heading,/home/max/testgen-suite/ocr-frq/mb-exams/source-pdfs/marking-guides/pc_17_jun_mg.pdf,[132],[],"Question 49 a) 1 mark b) 1 mark 142 143 Given ( ) 2 5 6, f x x x = + + ( ) 3, g x x = + and a) determine ( ) _____________________________________ h x = b) sketch the graph of ( ) ( ) ( ), h x f x g x = − ( ). h x ( ). y h x = x y 1 1"
2018,jan,January 2018,1,frq,1,/home/max/testgen-suite/ocr-frq/mb-exams/source-pdfs/student-booklets/pc_18_jan_sb1.pdf,[9],1,2.0,2 marks,calculator-active,,P1,marking-guide-heading,/home/max/testgen-suite/ocr-frq/mb-exams/source-pdfs/marking-guides/pc_18_jan_mg.pdf,[10],[],Question 1 2 marks 101 A group of 7 friends decide to go to a movie. Determine how many ways the friends can sit in a row if two of the friends refuse to sit next to each other.
2018,jan,January 2018,2,frq,1,/home/max/testgen-suite/ocr-frq/mb-exams/source-pdfs/student-booklets/pc_18_jan_sb1.pdf,[10],1,2.0,2 marks,calculator-active,,R10,marking-guide-heading,/home/max/testgen-suite/ocr-frq/mb-exams/source-pdfs/marking-guides/pc_18_jan_mg.pdf,[14],[],Question 2 2 marks 102 Gabrielle listens to her radio at a sound level of 80 dB. She attended a music concert that had a sound level of 115 dB. Determine how many times more intense the music concert was than the radio. You may use the formula: 0 10log I I β     =     where β is the intensit
2018,jan,January 2018,3,frq,1,/home/max/testgen-suite/ocr-frq/mb-exams/source-pdfs/student-booklets/pc_18_jan_sb1.pdf,[11],1,4.0,4 marks,calculator-active,,R10,marking-guide-heading,/home/max/testgen-suite/ocr-frq/mb-exams/source-pdfs/marking-guides/pc_18_jan_mg.pdf,[16],[],"Question 3 4 marks 103 Solve, algebraically. ( ) 2 3 2 7 3 x x− ="
2018,jan,January 2018,4,frq,1,/home/max/testgen-suite/ocr-frq/mb-exams/source-pdfs/student-booklets/pc_18_jan_sb1.pdf,[12],1,4.0,4 marks,calculator-active,,T5,marking-guide-heading,/home/max/testgen-suite/ocr-frq/mb-exams/source-pdfs/marking-guides/pc_18_jan_mg.pdf,[20],[],"Question 4 4 marks 104 Solve for , θ algebraically, over the interval [ ]. 0,2π 2 csc 2csc 8 0 θ θ + − ="
2018,jan,January 2018,5,frq,1,/home/max/testgen-suite/ocr-frq/mb-exams/source-pdfs/student-booklets/pc_18_jan_sb1.pdf,[13],1,1.0,1 mark,calculator-active,,P1,marking-guide-heading,/home/max/testgen-suite/ocr-frq/mb-exams/source-pdfs/marking-guides/pc_18_jan_mg.pdf,[24],[],"Question 5 1 mark 105 You have forgotten the code to unlock your cell phone. You know the code is made up of four numbers from 0 to 9. Determine the number of possible codes, if repetition is allowed. Note: A calculator is not required for the remaining test questions."
2018,jan,January 2018,6,frq,1,/home/max/testgen-suite/ocr-frq/mb-exams/source-pdfs/student-booklets/pc_18_jan_sb1.pdf,[14],1,2.0,2 marks,no-calculator,,P4,marking-guide-heading,/home/max/testgen-suite/ocr-frq/mb-exams/source-pdfs/marking-guides/pc_18_jan_mg.pdf,[26],[],"Question 6 2 marks 106 In the binomial expansion of 7 3 7 3 , n x x   −     the 5th term contains 7. x Determine the value of n."
2018,jan,January 2018,7,frq,1,/home/max/testgen-suite/ocr-frq/mb-exams/source-pdfs/student-booklets/pc_18_jan_sb1.pdf,[15],1,1.0,1 mark,no-calculator,,R6,marking-guide-heading,/home/max/testgen-suite/ocr-frq/mb-exams/source-pdfs/marking-guides/pc_18_jan_mg.pdf,[30],[],"Question 7 1 mark 107 Given the domain of ( ) { } is 6,1,3, 4 f x − and the range of ( ) f x is { }, 4,7,10,15 − state the domain of ( ) 1 . f x −"
2018,jan,January 2018,8,frq,1,/home/max/testgen-suite/ocr-frq/mb-exams/source-pdfs/student-booklets/pc_18_jan_sb1.pdf,[16],1,1.0,1 mark,no-calculator,,R6,marking-guide-heading,/home/max/testgen-suite/ocr-frq/mb-exams/source-pdfs/marking-guides/pc_18_jan_mg.pdf,[32],[],"Question 8 1 mark 108 Given the graph of ( ), y f x = sketch the graph of its inverse. ( ) f x y x 1 1 The graph of ( ) f x has already been drawn for your reference. No marks will be awarded for the graph of ( ). f x y x 1 1 ( ) f x"
2018,jan,January 2018,9,frq,1,/home/max/testgen-suite/ocr-frq/mb-exams/source-pdfs/student-booklets/pc_18_jan_sb1.pdf,[17],1,3.0,3 marks,no-calculator,,T6,marking-guide-heading,/home/max/testgen-suite/ocr-frq/mb-exams/source-pdfs/marking-guides/pc_18_jan_mg.pdf,"[34, 35]",[],Question 9 3 marks 109 Prove the following identity for all permissible values of θ. 2 2 1 cos sec tan 1 1 sin θ θ θ θ + = + + − Left-Hand Side Right-Hand Side
2018,jan,January 2018,10,frq,1,/home/max/testgen-suite/ocr-frq/mb-exams/source-pdfs/student-booklets/pc_18_jan_sb1.pdf,[18],1,1.0,1 mark,no-calculator,,"R9, R13",marking-guide-heading,/home/max/testgen-suite/ocr-frq/mb-exams/source-pdfs/marking-guides/pc_18_jan_mg.pdf,[40],[],"Question 10 1 mark 110 Thomas used graphs to solve the equation ( ) 2 1 . x e x + = − + He incorrectly states the solution as ( ) 2, 1 . − Describe how Thomas should have stated the solution. 1 1 x y • • •"
2018,jan,January 2018,11,frq,1,/home/max/testgen-suite/ocr-frq/mb-exams/source-pdfs/student-booklets/pc_18_jan_sb1.pdf,[19],1,2.0,2 marks,no-calculator,,R13,marking-guide-heading,/home/max/testgen-suite/ocr-frq/mb-exams/source-pdfs/marking-guides/pc_18_jan_mg.pdf,[42],[],"Question 11 2 marks 111 Given the graph of ( ) y f x = , sketch the graph of ( ) . y f x = The graph of ( ) f x has already been drawn for your reference. No marks will be awarded for the graph of ( ). f x y x 1 1 ( ) f x y x 1 1 ( ) f x"
2018,jan,January 2018,12,frq,1,/home/max/testgen-suite/ocr-frq/mb-exams/source-pdfs/student-booklets/pc_18_jan_sb1.pdf,[20],1,2.0,a) 1 mark; b) 1 mark,no-calculator,,R11,marking-guide-heading,/home/max/testgen-suite/ocr-frq/mb-exams/source-pdfs/marking-guides/pc_18_jan_mg.pdf,[44],[],"Question 12 a) 1 mark b) 1 mark 112 113 When a polynomial, ( ), P x is divided by ( ) 2 x − the resulting equation is ( ) 2 3 1 . 2 2 P x x x x x = − + + − − a) Explain why 2 x − is not a factor of ( ). P x b) Determine the equation for the polynomial function ( ). P x ( ) __________________________"
2018,jan,January 2018,13,frq,1,/home/max/testgen-suite/ocr-frq/mb-exams/source-pdfs/student-booklets/pc_18_jan_sb1.pdf,[21],1,3.0,3 marks,no-calculator,,"R2, R5",marking-guide-heading,/home/max/testgen-suite/ocr-frq/mb-exams/source-pdfs/marking-guides/pc_18_jan_mg.pdf,[48],[],Question 13 3 marks 114 Determine the equation for ( ) g x in terms of ( ). f x ( ) ______________________________ g x =    y x 1 1 ( ) f x y x 1 1    ( ) g x
2018,jan,January 2018,14,frq,1,/home/max/testgen-suite/ocr-frq/mb-exams/source-pdfs/student-booklets/pc_18_jan_sb1.pdf,[22],1,1.0,1 mark,no-calculator,,P4,marking-guide-heading,/home/max/testgen-suite/ocr-frq/mb-exams/source-pdfs/marking-guides/pc_18_jan_mg.pdf,[50],[],Question 14 1 mark 115 Explain why the binomial expansion of ( )9 2x y + does not have a middle term.
2018,jan,January 2018,15,frq,1,/home/max/testgen-suite/ocr-frq/mb-exams/source-pdfs/student-booklets/pc_18_jan_sb1.pdf,[23],1,3.0,3 marks,no-calculator,,R8,marking-guide-heading,/home/max/testgen-suite/ocr-frq/mb-exams/source-pdfs/marking-guides/pc_18_jan_mg.pdf,[52],[],"Question 15 3 marks 116 Using the laws of logarithms, completely expand the expression 3 5 log . a b        "
2018,jan,January 2018,16,mcq,2,/home/max/testgen-suite/ocr-frq/mb-exams/source-pdfs/student-booklets/pc_18_jan_sb2.pdf,[5],1,1.0,1 mark,no-calculator,D,T1,answer-key,/home/max/testgen-suite/ocr-frq/mb-exams/source-pdfs/marking-guides/pc_18_jan_mg.pdf,[57],[],Question 16 1 mark Identify 10° in radians. a) 1800 π b) 1800 π c) 18 π d) 18 π 
2018,jan,January 2018,17,mcq,2,/home/max/testgen-suite/ocr-frq/mb-exams/source-pdfs/student-booklets/pc_18_jan_sb2.pdf,[5],1,1.0,1 mark,no-calculator,B,R12,answer-key,/home/max/testgen-suite/ocr-frq/mb-exams/source-pdfs/marking-guides/pc_18_jan_mg.pdf,[57],[],"Question 17 1 mark The polynomial function, ( ) ( ) ( ) 2 2 1 4 , P x a x x = − + has a y-intercept of 8. − Identify the value of a. a) 2 − b) 1 2 − c) 1 2 d) 2"
2018,jan,January 2018,18,mcq,2,/home/max/testgen-suite/ocr-frq/mb-exams/source-pdfs/student-booklets/pc_18_jan_sb2.pdf,[6],1,1.0,1 mark,no-calculator,A,R7,answer-key,/home/max/testgen-suite/ocr-frq/mb-exams/source-pdfs/marking-guides/pc_18_jan_mg.pdf,[58],[],Question 18 1 mark Identify the value of 4 1 log 16       . a) 2 − b) 1 2 − c) 1 2 d) 2 
2018,jan,January 2018,19,mcq,2,/home/max/testgen-suite/ocr-frq/mb-exams/source-pdfs/student-booklets/pc_18_jan_sb2.pdf,[6],1,1.0,1 mark,no-calculator,C,T1,answer-key,/home/max/testgen-suite/ocr-frq/mb-exams/source-pdfs/marking-guides/pc_18_jan_mg.pdf,[58],[],"Question 19 1 mark Given the angle 25 7 π , identify the coterminal angle on the interval [ ] 2 ,0 . −π a) 18 7 π b) 11 7 π c) 3 7 π − d) 10 7 π − "
2018,jan,January 2018,20,mcq,2,/home/max/testgen-suite/ocr-frq/mb-exams/source-pdfs/student-booklets/pc_18_jan_sb2.pdf,[6],1,1.0,1 mark,no-calculator,D,P2,answer-key,/home/max/testgen-suite/ocr-frq/mb-exams/source-pdfs/marking-guides/pc_18_jan_mg.pdf,[58],[],Question 20 1 mark Identify which expression cannot be evaluated. a) 7 0 P b) 7 6 P c) 7 7 P d) 7 8 P
2018,jan,January 2018,21,mcq,2,/home/max/testgen-suite/ocr-frq/mb-exams/source-pdfs/student-booklets/pc_18_jan_sb2.pdf,[7],1,1.0,1 mark,no-calculator,B,R14,answer-key,/home/max/testgen-suite/ocr-frq/mb-exams/source-pdfs/marking-guides/pc_18_jan_mg.pdf,[59],[],Question 21 1 mark Identify the graph of ( ) 3 . 2 4 x f x x − = + a) b) c) d)
2018,jan,January 2018,22,mcq,2,/home/max/testgen-suite/ocr-frq/mb-exams/source-pdfs/student-booklets/pc_18_jan_sb2.pdf,[8],1,1.0,1 mark,no-calculator,B,R3,answer-key,/home/max/testgen-suite/ocr-frq/mb-exams/source-pdfs/marking-guides/pc_18_jan_mg.pdf,[60],[],"Question 22 1 mark Given a point ( ) 2,0 − on the graph of ( ), y f x = identify the coordinates of the corresponding point on the graph of 1 4 . 2 y f x   =     a) ( ) 8,0 − b) ( ) 4,0 − c) ( ) 2,0 − d) ( ) 1,0 − "
2018,jan,January 2018,23,mcq,2,/home/max/testgen-suite/ocr-frq/mb-exams/source-pdfs/student-booklets/pc_18_jan_sb2.pdf,[8],1,1.0,1 mark,no-calculator,C,T6,answer-key,/home/max/testgen-suite/ocr-frq/mb-exams/source-pdfs/marking-guides/pc_18_jan_mg.pdf,[60],[],Question 23 1 mark Identify the non-permissible value of θ for the expression cos . 1 sin θ θ + a) 2 π b) π c) 3 2 π d) 2π 
2018,jan,January 2018,24,mcq,2,/home/max/testgen-suite/ocr-frq/mb-exams/source-pdfs/student-booklets/pc_18_jan_sb2.pdf,[8],1,1.0,1 mark,no-calculator,A,R9,answer-key,/home/max/testgen-suite/ocr-frq/mb-exams/source-pdfs/marking-guides/pc_18_jan_mg.pdf,[60],[],Question 24 1 mark Identify the function with an asymptote at 3. x = − a) ( ) log 3 y x = + b) log 3 y x = + c) ( ) log 3 y x = − d) log 3 y x = −
2018,jan,January 2018,25,frq,2,/home/max/testgen-suite/ocr-frq/mb-exams/source-pdfs/student-booklets/pc_18_jan_sb2.pdf,[9],1,3.0,3 marks,no-calculator,,T3,marking-guide-heading,/home/max/testgen-suite/ocr-frq/mb-exams/source-pdfs/marking-guides/pc_18_jan_mg.pdf,[62],[],Question 25 3 marks 117 Evaluate the following expression. ( ) 2 2 tan csc cos 3 3 π −π    + 3π        
2018,jan,January 2018,26,frq,2,/home/max/testgen-suite/ocr-frq/mb-exams/source-pdfs/student-booklets/pc_18_jan_sb2.pdf,[10],1,1.0,1 mark,no-calculator,,R14,marking-guide-heading,/home/max/testgen-suite/ocr-frq/mb-exams/source-pdfs/marking-guides/pc_18_jan_mg.pdf,[66],[],Question 26 1 mark 118 State the range of the graph below. Range: _____________________________ x y 1 1 •
2018,jan,January 2018,27,frq,2,/home/max/testgen-suite/ocr-frq/mb-exams/source-pdfs/student-booklets/pc_18_jan_sb2.pdf,[11],1,2.0,2 marks,no-calculator,,R14,marking-guide-heading,/home/max/testgen-suite/ocr-frq/mb-exams/source-pdfs/marking-guides/pc_18_jan_mg.pdf,[68],[],Question 27 2 marks 119 Sketch the graph of the function ( ) 2 2 5 . x x f x x − = y x 1 1
2018,jan,January 2018,28,frq,2,/home/max/testgen-suite/ocr-frq/mb-exams/source-pdfs/student-booklets/pc_18_jan_sb2.pdf,[12],1,1.0,1 mark,no-calculator,,R12,marking-guide-heading,/home/max/testgen-suite/ocr-frq/mb-exams/source-pdfs/marking-guides/pc_18_jan_mg.pdf,[70],[],"Question 28 1 mark 120 State a possible value of n if the polynomial function ( ) ( ) ( ) 2 1 2 n P x x x = − + has a range of [ ) 0, . ∞"
2018,jan,January 2018,29,frq,2,/home/max/testgen-suite/ocr-frq/mb-exams/source-pdfs/student-booklets/pc_18_jan_sb2.pdf,[13],1,2.0,2 marks,no-calculator,,R9,marking-guide-heading,/home/max/testgen-suite/ocr-frq/mb-exams/source-pdfs/marking-guides/pc_18_jan_mg.pdf,[72],[],Question 29 2 marks 121 Sketch the graph of 1 1 . 2 x y −   =     1 x 1 y
2018,jan,January 2018,30,frq,2,/home/max/testgen-suite/ocr-frq/mb-exams/source-pdfs/student-booklets/pc_18_jan_sb2.pdf,[14],1,1.0,1 mark,no-calculator,,R10,marking-guide-heading,/home/max/testgen-suite/ocr-frq/mb-exams/source-pdfs/marking-guides/pc_18_jan_mg.pdf,[74],[],Question 30 1 mark 122 Solve. log 27 3 x = 
2018,jan,January 2018,31,frq,2,/home/max/testgen-suite/ocr-frq/mb-exams/source-pdfs/student-booklets/pc_18_jan_sb2.pdf,[14],1,2.0,2 marks,no-calculator,,T4,marking-guide-heading,/home/max/testgen-suite/ocr-frq/mb-exams/source-pdfs/marking-guides/pc_18_jan_mg.pdf,[76],[],Question 31 2 marks 123 Sketch at least two periods of the graph tan . y x = y x
2018,jan,January 2018,32,frq,2,/home/max/testgen-suite/ocr-frq/mb-exams/source-pdfs/student-booklets/pc_18_jan_sb2.pdf,[15],1,1.0,1 mark,no-calculator,,R1,marking-guide-heading,/home/max/testgen-suite/ocr-frq/mb-exams/source-pdfs/marking-guides/pc_18_jan_mg.pdf,[78],[],"Question 32 1 mark 124 Given the graph of ( ), f x determine the domain of ( ) 1 . f x Domain: _______________________________  1 1 y x   ( ) f x"
2018,jan,January 2018,33,frq,2,/home/max/testgen-suite/ocr-frq/mb-exams/source-pdfs/student-booklets/pc_18_jan_sb2.pdf,[16],1,3.0,3 marks,no-calculator,,T4,marking-guide-heading,/home/max/testgen-suite/ocr-frq/mb-exams/source-pdfs/marking-guides/pc_18_jan_mg.pdf,[80],[],"Question 33 3 marks 125 Determine the values of A, B, and D of the sinusoidal function in the form ( ) Asin B D. y x = + A = ______________ B = ______________ D = ______________ ● ● ● ● 1 5π 10π y x ●"
2018,jan,January 2018,34,frq,2,/home/max/testgen-suite/ocr-frq/mb-exams/source-pdfs/student-booklets/pc_18_jan_sb2.pdf,[17],1,1.0,1 mark,no-calculator,,T2,marking-guide-heading,/home/max/testgen-suite/ocr-frq/mb-exams/source-pdfs/marking-guides/pc_18_jan_mg.pdf,[82],[],"Question 34 1 mark 126 Determine if the point 7 2 , 5 5   −       is on the unit circle. Justify your answer."
2018,jan,January 2018,35,frq,2,/home/max/testgen-suite/ocr-frq/mb-exams/source-pdfs/student-booklets/pc_18_jan_sb2.pdf,[18],1,3.0,3 marks,no-calculator,,P3,marking-guide-heading,/home/max/testgen-suite/ocr-frq/mb-exams/source-pdfs/marking-guides/pc_18_jan_mg.pdf,[84],[],"Question 35 3 marks 127 Solve, algebraically. 5 4 6 n n C C ="
2018,jan,January 2018,36,frq,2,/home/max/testgen-suite/ocr-frq/mb-exams/source-pdfs/student-booklets/pc_18_jan_sb2.pdf,[19],1,2.0,2 marks,no-calculator,,T6,marking-guide-heading,/home/max/testgen-suite/ocr-frq/mb-exams/source-pdfs/marking-guides/pc_18_jan_mg.pdf,[88],[],"Question 36 2 marks 128 Given 4 sin 5 α = , where α is in quadrant II, determine the exact value of sin 2α."
2018,jan,January 2018,37,frq,2,/home/max/testgen-suite/ocr-frq/mb-exams/source-pdfs/student-booklets/pc_18_jan_sb2.pdf,[20],1,3.0,a)1 mark; b) 2 marks,no-calculator,,R1,marking-guide-heading,/home/max/testgen-suite/ocr-frq/mb-exams/source-pdfs/marking-guides/pc_18_jan_mg.pdf,[90],[],"Question 37 a)1 mark b) 2 marks 129 130 Given the functions ( ) 1 f x x = + and ( ) , g x x = a) determine the equation of ( ) ( ). g f x ( ) ( ) ___________________________ g f x = b) sketch the graph of ( ) ( ). g f x y x 1 1"
2018,jan,January 2018,38,frq,2,/home/max/testgen-suite/ocr-frq/mb-exams/source-pdfs/student-booklets/pc_18_jan_sb2.pdf,[21],1,1.0,1 mark,no-calculator,,T4,marking-guide-heading,/home/max/testgen-suite/ocr-frq/mb-exams/source-pdfs/marking-guides/pc_18_jan_mg.pdf,[96],[],Question 38 1 mark 131 Steve is asked to determine an equation with a larger period than the period of the graph of ( ) cos 2 . y x = Justify why Steve’s answer of ( ) cos 6 y x = is incorrect.
2018,jan,January 2018,39,frq,2,/home/max/testgen-suite/ocr-frq/mb-exams/source-pdfs/student-booklets/pc_18_jan_sb2.pdf,[22],1,2.0,a) 1 mark; b) 1 mark,no-calculator,,R1,marking-guide-heading,/home/max/testgen-suite/ocr-frq/mb-exams/source-pdfs/marking-guides/pc_18_jan_mg.pdf,[98],[],"Question 39 a) 1 mark b) 1 mark 132 133 Given the graphs of ( ) f x and ( ), g x a) determine the value of ( )( ) 1 . f g −  b) determine the value of ( ) ( ) 0 . g f 1 y x 1 • • • • • ( ) f x y x 1 1 • • • ( ) g x"
2018,jan,January 2018,40,frq,2,/home/max/testgen-suite/ocr-frq/mb-exams/source-pdfs/student-booklets/pc_18_jan_sb2.pdf,[23],1,3.0,3 marks,no-calculator,,R12,marking-guide-heading,/home/max/testgen-suite/ocr-frq/mb-exams/source-pdfs/marking-guides/pc_18_jan_mg.pdf,[100],[],Question 40 3 marks 134 Sketch the graph of ( ) ( ) ( )( ) 3 1 3 1 . P x x x x = − − − + y x
2018,jan,January 2018,41,frq,2,/home/max/testgen-suite/ocr-frq/mb-exams/source-pdfs/student-booklets/pc_18_jan_sb2.pdf,[24],1,2.0,a) 1 mark; b) 1 mark,no-calculator,,"T2, T3",marking-guide-heading,/home/max/testgen-suite/ocr-frq/mb-exams/source-pdfs/marking-guides/pc_18_jan_mg.pdf,[106],[],"Question 41 a) 1 mark b) 1 mark 135 136 The point ( ) 3,1 − is on the terminal arm of an angle θ, in standard position. a) Determine tan . θ b) Determine a possible value of , θ in radians."
2018,jan,January 2018,42,frq,2,/home/max/testgen-suite/ocr-frq/mb-exams/source-pdfs/student-booklets/pc_18_jan_sb2.pdf,[25],1,1.0,1 mark,no-calculator,,R6,marking-guide-heading,/home/max/testgen-suite/ocr-frq/mb-exams/source-pdfs/marking-guides/pc_18_jan_mg.pdf,[110],[],Question 42 1 mark 137 Describe the transformation used to obtain the graph of 5 log y x = given the graph of 5 .x y = 
2018,jan,January 2018,43,frq,2,/home/max/testgen-suite/ocr-frq/mb-exams/source-pdfs/student-booklets/pc_18_jan_sb2.pdf,[25],1,2.0,2 marks,no-calculator,,T5,marking-guide-heading,/home/max/testgen-suite/ocr-frq/mb-exams/source-pdfs/marking-guides/pc_18_jan_mg.pdf,[112],[],"Question 43 2 marks 138 Solve 3 sin , 2 θ = − where . θ ∈"
2018,jan,January 2018,44,frq,2,/home/max/testgen-suite/ocr-frq/mb-exams/source-pdfs/student-booklets/pc_18_jan_sb2.pdf,[26],1,1.0,1 mark,no-calculator,,R13,marking-guide-heading,/home/max/testgen-suite/ocr-frq/mb-exams/source-pdfs/marking-guides/pc_18_jan_mg.pdf,[116],[],"Question 44 1 mark 139 Given that the point ( ) ,a b is on the graph of ( ), f x describe how you would determine the corresponding point on the graph of ( ). y f x = "
2018,jan,January 2018,45,frq,2,/home/max/testgen-suite/ocr-frq/mb-exams/source-pdfs/student-booklets/pc_18_jan_sb2.pdf,[26],1,1.0,1 mark,no-calculator,,T6,marking-guide-heading,/home/max/testgen-suite/ocr-frq/mb-exams/source-pdfs/marking-guides/pc_18_jan_mg.pdf,[118],[],Question 45 1 mark 140 Evaluate. cos cos sin sin 20 5 20 5 π π π π         −                
2018,jan,January 2018,46,frq,2,/home/max/testgen-suite/ocr-frq/mb-exams/source-pdfs/student-booklets/pc_18_jan_sb2.pdf,[27],1,3.0,3 marks,no-calculator,,"R2, R5",marking-guide-heading,/home/max/testgen-suite/ocr-frq/mb-exams/source-pdfs/marking-guides/pc_18_jan_mg.pdf,[122],[],Question 46 3 marks 141 Describe the transformations used to obtain the graph of the function ( ) 6 8 y f x = −+ − from the graph of ( ). y f x = 
2018,jan,January 2018,47,frq,2,/home/max/testgen-suite/ocr-frq/mb-exams/source-pdfs/student-booklets/pc_18_jan_sb2.pdf,[27],1,2.0,2 marks,no-calculator,,R14,marking-guide-heading,/home/max/testgen-suite/ocr-frq/mb-exams/source-pdfs/marking-guides/pc_18_jan_mg.pdf,[124],[],"Question 47 2 marks 142 State the equations of all the asymptotes of the function, 1 . 3 1 y x = +"
2018,jan,January 2018,48,frq,2,/home/max/testgen-suite/ocr-frq/mb-exams/source-pdfs/student-booklets/pc_18_jan_sb2.pdf,[28],1,3.0,3 marks,no-calculator,,R11,marking-guide-heading,/home/max/testgen-suite/ocr-frq/mb-exams/source-pdfs/marking-guides/pc_18_jan_mg.pdf,[126],[],Question 48 3 marks 143 Determine the zeros of the polynomial function ( ) 3 2 2 5 4 3. P x x x x = + − −
2018,jan,January 2018,49,frq,2,/home/max/testgen-suite/ocr-frq/mb-exams/source-pdfs/student-booklets/pc_18_jan_sb2.pdf,[29],1,2.0,2 marks,no-calculator,,R13,marking-guide-heading,/home/max/testgen-suite/ocr-frq/mb-exams/source-pdfs/marking-guides/pc_18_jan_mg.pdf,[130],[],Question 49 2 marks 144 Determine the equation of the radical function represented by the graph. _________________________________ y = y x 1 1
2018,jun,June 2018,1,frq,1,/home/max/testgen-suite/ocr-frq/mb-exams/source-pdfs/student-booklets/pc_18_jun_sb1.pdf,[9],1,2.0,2 marks,calculator-active,,T1,marking-guide-heading,/home/max/testgen-suite/ocr-frq/mb-exams/source-pdfs/marking-guides/pc_18_jun_mg.pdf,[10],[],Question 1 2 marks 101 Pierre pushes his car into a garage. The radius of a tire on his car is 22 cm. Determine the distance travelled by his car if the tire rotated a total of 1000 .°
2018,jun,June 2018,2,frq,1,/home/max/testgen-suite/ocr-frq/mb-exams/source-pdfs/student-booklets/pc_18_jun_sb1.pdf,[10],1,2.0,2 marks,calculator-active,,R10,marking-guide-heading,/home/max/testgen-suite/ocr-frq/mb-exams/source-pdfs/marking-guides/pc_18_jun_mg.pdf,[12],[],"Question 2 2 marks 102 Solve, algebraically. 2 7 85 x ="
2018,jun,June 2018,3,frq,1,/home/max/testgen-suite/ocr-frq/mb-exams/source-pdfs/student-booklets/pc_18_jun_sb1.pdf,[11],1,4.0,4 marks,calculator-active,,T5,marking-guide-heading,/home/max/testgen-suite/ocr-frq/mb-exams/source-pdfs/marking-guides/pc_18_jun_mg.pdf,[14],[],"Question 3 4 marks 103 Solve, algebraically, over the interval [ ) 0,2π . ( ) sin sec 3 0 x x + ="
2018,jun,June 2018,4,frq,1,/home/max/testgen-suite/ocr-frq/mb-exams/source-pdfs/student-booklets/pc_18_jun_sb1.pdf,[12],1,3.0,3 marks,calculator-active,,R10,marking-guide-heading,/home/max/testgen-suite/ocr-frq/mb-exams/source-pdfs/marking-guides/pc_18_jun_mg.pdf,[18],[],"Question 4 3 marks 104 Brahim invests $2500 at an annual interest rate of 6.75% compounded monthly. Determine, algebraically, how many years it will take for his investment to reach an amount of $10 500. Use the formula: 1 where = the amount of the investment after years = the principal of the inves"
2018,jun,June 2018,5,frq,1,/home/max/testgen-suite/ocr-frq/mb-exams/source-pdfs/student-booklets/pc_18_jun_sb1.pdf,[13],1,2.0,2 marks,calculator-active,,P3,marking-guide-heading,/home/max/testgen-suite/ocr-frq/mb-exams/source-pdfs/marking-guides/pc_18_jun_mg.pdf,[22],[],"Question 5 2 marks 105 There are 13 adults and 18 children who can be selected to go on a trip. Determine the number of ways 4 adults and 7 children can be selected if Sandra, one of the adults, must be selected."
2018,jun,June 2018,6,frq,1,/home/max/testgen-suite/ocr-frq/mb-exams/source-pdfs/student-booklets/pc_18_jun_sb1.pdf,[14],1,3.0,3 marks,calculator-active,,P4,marking-guide-heading,/home/max/testgen-suite/ocr-frq/mb-exams/source-pdfs/marking-guides/pc_18_jun_mg.pdf,[24],[],"Question 6 3 marks 106 In the binomial expansion of 9 3 2 2 , x x   −     determine and simplify the 6th term. Note: A calculator is not required for the remaining test questions."
2018,jun,June 2018,7,frq,1,/home/max/testgen-suite/ocr-frq/mb-exams/source-pdfs/student-booklets/pc_18_jun_sb1.pdf,[15],1,1.0,1 mark,no-calculator,,R1,marking-guide-heading,/home/max/testgen-suite/ocr-frq/mb-exams/source-pdfs/marking-guides/pc_18_jun_mg.pdf,[26],[],"Question 7 1 mark 107 Given that ( ) ( ) ( ) ( ) ( ) { } 1, 0 , 0, 2 , 1, 3 , 2, 4 , f x = − − evaluate ( ) ( ) 0 . f f"
2018,jun,June 2018,8,frq,1,/home/max/testgen-suite/ocr-frq/mb-exams/source-pdfs/student-booklets/pc_18_jun_sb1.pdf,[16],1,1.0,1 mark,no-calculator,,T2,marking-guide-heading,/home/max/testgen-suite/ocr-frq/mb-exams/source-pdfs/marking-guides/pc_18_jun_mg.pdf,[28],[],"Question 8 1 mark 108 The point 5 , 6 b   −     is on the unit circle and is in quadrant III. Determine the exact value of b."
2018,jun,June 2018,9,frq,1,/home/max/testgen-suite/ocr-frq/mb-exams/source-pdfs/student-booklets/pc_18_jun_sb1.pdf,[17],1,1.0,1 mark,no-calculator,,P4,marking-guide-heading,/home/max/testgen-suite/ocr-frq/mb-exams/source-pdfs/marking-guides/pc_18_jun_mg.pdf,[32],[],"Question 9 1 mark 109 Given the following row of Pascal’s Triangle, determine the values of the next row. 1 6 15 20 15 6 1"
2018,jun,June 2018,10,frq,1,/home/max/testgen-suite/ocr-frq/mb-exams/source-pdfs/student-booklets/pc_18_jun_sb1.pdf,[18],1,3.0,3 marks,no-calculator,,"R3, R5",marking-guide-heading,/home/max/testgen-suite/ocr-frq/mb-exams/source-pdfs/marking-guides/pc_18_jun_mg.pdf,[34],[],"Question 10 3 marks 110 The following transformations are applied to ( ), f x resulting in a new function, ( ). g x  reflection over the x-axis  vertical stretch by a factor of 3  horizontal stretch by a factor of 4 State the equation of ( ) g x in terms of ( ). f x ( ) __________________________"
2018,jun,June 2018,11,frq,1,/home/max/testgen-suite/ocr-frq/mb-exams/source-pdfs/student-booklets/pc_18_jun_sb1.pdf,[19],1,3.0,3 marks,no-calculator,,R4,marking-guide-heading,/home/max/testgen-suite/ocr-frq/mb-exams/source-pdfs/marking-guides/pc_18_jun_mg.pdf,[36],[],"Question 11 3 marks 111 Given the graph of ( ), f x sketch the graph of ( ) 1 2 3 . y f x + = − The graph of ( ) f x has already been drawn for your reference. No marks will be awarded for the graph of ( ) f x y x ( ) f x 1 1 − y x ( ) f x 1 1 −"
2018,jun,June 2018,12,frq,1,/home/max/testgen-suite/ocr-frq/mb-exams/source-pdfs/student-booklets/pc_18_jun_sb1.pdf,[20],1,1.0,1 mark,no-calculator,,R14,marking-guide-heading,/home/max/testgen-suite/ocr-frq/mb-exams/source-pdfs/marking-guides/pc_18_jun_mg.pdf,[40],[],Question 12 1 mark 112 State the equation of the horizontal asymptote of ( ) 2 2 2 3 5 . 4 2 7 x x f x x x − + = + −
2018,jun,June 2018,13,frq,1,/home/max/testgen-suite/ocr-frq/mb-exams/source-pdfs/student-booklets/pc_18_jun_sb1.pdf,[21],1,2.0,2 marks,no-calculator,,R11,marking-guide-heading,/home/max/testgen-suite/ocr-frq/mb-exams/source-pdfs/marking-guides/pc_18_jun_mg.pdf,[42],[],"Question 13 2 marks 113 Given that ( ) 4 x + is one of the factors of ( ) 3 2 6 32, p x x x = + − express ( ) p x in completely factored form. ( ) ______________________________ p x ="
2018,jun,June 2018,14,frq,1,/home/max/testgen-suite/ocr-frq/mb-exams/source-pdfs/student-booklets/pc_18_jun_sb1.pdf,[22],1,3.0,3 marks,no-calculator,,T6,marking-guide-heading,/home/max/testgen-suite/ocr-frq/mb-exams/source-pdfs/marking-guides/pc_18_jun_mg.pdf,"[46, 47, 48]",[],Question 14 3 marks 114 Prove the identity for all permissible values of . θ 2 2cos sin 2 1 cot tan 1 = − − θ θ θ θ Left-Hand Side Right-Hand Side
2018,jun,June 2018,15,frq,1,/home/max/testgen-suite/ocr-frq/mb-exams/source-pdfs/student-booklets/pc_18_jun_sb1.pdf,[23],1,1.0,1 mark,no-calculator,,P1,marking-guide-heading,/home/max/testgen-suite/ocr-frq/mb-exams/source-pdfs/marking-guides/pc_18_jun_mg.pdf,[52],[],"Question 15 1 mark 115 Restaurant A has 5 types of hamburgers, 2 types of french fries, and 10 types of drinks. Restaurant B has 4 types of hamburgers, 5 types of french fries, and 6 types of drinks. If a meal is made up of a hamburger, french fries, and a drink, justify which restaurant offers a gr"
2018,jun,June 2018,16,frq,1,/home/max/testgen-suite/ocr-frq/mb-exams/source-pdfs/student-booklets/pc_18_jun_sb1.pdf,[24],1,2.0,2 marks,no-calculator,,R8,marking-guide-heading,/home/max/testgen-suite/ocr-frq/mb-exams/source-pdfs/marking-guides/pc_18_jun_mg.pdf,[54],[],Question 16 2 marks 116 Express ( ) 7 7 log 2 5 2log 3 x − + as a single logarithm.
2018,jun,June 2018,17,frq,1,/home/max/testgen-suite/ocr-frq/mb-exams/source-pdfs/student-booklets/pc_18_jun_sb1.pdf,[25],1,1.0,1 mark,no-calculator,,P2,marking-guide-heading,/home/max/testgen-suite/ocr-frq/mb-exams/source-pdfs/marking-guides/pc_18_jun_mg.pdf,[56],[],Question 17 1 mark 117 Explain why 11! is not the total number of 11-letter arrangements that can be made from the word CELEBRATION.
2018,jun,June 2018,18,mcq,2,/home/max/testgen-suite/ocr-frq/mb-exams/source-pdfs/student-booklets/pc_18_jun_sb2.pdf,[5],1,1.0,1 mark,no-calculator,C,R13,answer-key,/home/max/testgen-suite/ocr-frq/mb-exams/source-pdfs/marking-guides/pc_18_jun_mg.pdf,[61],[],"Question 18 1 mark Given  1, f x x   identify a point on the graph of . y f x  a)   0, 1  b)   3,2 c)   1,0 d)   0,1 "
2018,jun,June 2018,19,mcq,2,/home/max/testgen-suite/ocr-frq/mb-exams/source-pdfs/student-booklets/pc_18_jun_sb2.pdf,[5],1,1.0,1 mark,no-calculator,B,P2,answer-key,/home/max/testgen-suite/ocr-frq/mb-exams/source-pdfs/marking-guides/pc_18_jun_mg.pdf,[61],[],Question 19 1 mark Identify the total number of possible arrangements of 6 adults and 4 children seated in a row if the children must sit together. a) 6!4! b) 7!4! c) 10! d) 6! 
2018,jun,June 2018,20,mcq,2,/home/max/testgen-suite/ocr-frq/mb-exams/source-pdfs/student-booklets/pc_18_jun_sb2.pdf,[5],1,1.0,1 mark,no-calculator,D,T3,answer-key,/home/max/testgen-suite/ocr-frq/mb-exams/source-pdfs/marking-guides/pc_18_jun_mg.pdf,[61],[],Question 20 1 mark Identify the exact value of 7 sec . 3         a) 2  b) 2 3  c) 2 3 d) 2
2018,jun,June 2018,21,mcq,2,/home/max/testgen-suite/ocr-frq/mb-exams/source-pdfs/student-booklets/pc_18_jun_sb2.pdf,[6],1,1.0,1 mark,no-calculator,D,R7,answer-key,/home/max/testgen-suite/ocr-frq/mb-exams/source-pdfs/marking-guides/pc_18_jun_mg.pdf,[62],[],"Question 21 1 mark Given 1 log 2, 25 x       identify the value of x. a) 5  b) 1 5  c) 1 5 d) 5 "
2018,jun,June 2018,22,mcq,2,/home/max/testgen-suite/ocr-frq/mb-exams/source-pdfs/student-booklets/pc_18_jun_sb2.pdf,[6],1,1.0,1 mark,no-calculator,C,T4,answer-key,/home/max/testgen-suite/ocr-frq/mb-exams/source-pdfs/marking-guides/pc_18_jun_mg.pdf,[62],[],"Question 22 1 mark Identify the equation for all of the asymptotes on the graph of tan . y x  a) , x k k   b) 2 , x k k    c) , 2 x k k     d) 2 , 2 x k k      "
2018,jun,June 2018,23,mcq,2,/home/max/testgen-suite/ocr-frq/mb-exams/source-pdfs/student-booklets/pc_18_jun_sb2.pdf,[6],1,1.0,1 mark,no-calculator,A,R12,answer-key,/home/max/testgen-suite/ocr-frq/mb-exams/source-pdfs/marking-guides/pc_18_jun_mg.pdf,[62],[],"Question 23 1 mark If   2 3 1 p x m x   is a cubic function with a y-intercept of 12,  identify the missing factor, m. a) 4 m x   b) 4 m x   c) 12 m x   d) 12 m x  "
2018,jun,June 2018,24,mcq,2,/home/max/testgen-suite/ocr-frq/mb-exams/source-pdfs/student-booklets/pc_18_jun_sb2.pdf,[7],1,1.0,1 mark,no-calculator,B,P4,answer-key,/home/max/testgen-suite/ocr-frq/mb-exams/source-pdfs/marking-guides/pc_18_jun_mg.pdf,[63],[],Question 24 1 mark Identify the number of negative terms in the binomial expansion of  5. x y  a) 2 b) 3 c) 5 d) 6 
2018,jun,June 2018,25,mcq,2,/home/max/testgen-suite/ocr-frq/mb-exams/source-pdfs/student-booklets/pc_18_jun_sb2.pdf,[7],1,1.0,1 mark,no-calculator,A,R2,answer-key,/home/max/testgen-suite/ocr-frq/mb-exams/source-pdfs/marking-guides/pc_18_jun_mg.pdf,[63],[],"Question 25 1 mark Given  2, f x x  identify which equation represents the graph of  y f x  after a translation of 5 units to the left. a)   2 5 y x   b)  2 5 y x   c) 2 5 y x   d) 2 5 y x   "
2018,jun,June 2018,26,mcq,2,/home/max/testgen-suite/ocr-frq/mb-exams/source-pdfs/student-booklets/pc_18_jun_sb2.pdf,[7],1,1.0,1 mark,no-calculator,B,R11,answer-key,/home/max/testgen-suite/ocr-frq/mb-exams/source-pdfs/marking-guides/pc_18_jun_mg.pdf,[63],[],"Question 26 1 mark When a polynomial, , p x is divided by   7 , x  the remainder is 24. Identify the only statement that must be true. a) 7 x  is a zero of  p x b)  7 24 p  c) 24 x  is a zero of  p x d) the y-intercept is 24"
2018,jun,June 2018,27,frq,2,/home/max/testgen-suite/ocr-frq/mb-exams/source-pdfs/student-booklets/pc_18_jun_sb2.pdf,[8],1,1.0,1 mark,no-calculator,,R14,marking-guide-heading,/home/max/testgen-suite/ocr-frq/mb-exams/source-pdfs/marking-guides/pc_18_jun_mg.pdf,[64],[],"Question 27 1 mark 118 Given        2 1 8 , 8 4 x x f x x x      state the equation(s) of the vertical asymptote(s)."
2018,jun,June 2018,28,frq,2,/home/max/testgen-suite/ocr-frq/mb-exams/source-pdfs/student-booklets/pc_18_jun_sb2.pdf,[9],1,2.0,2 marks,no-calculator,,R1,marking-guide-heading,/home/max/testgen-suite/ocr-frq/mb-exams/source-pdfs/marking-guides/pc_18_jun_mg.pdf,[66],[],"Question 28 2 marks 119 Given the graph of   f g x and , g x sketch the graph of . f x y   f g x x 1 1  g x y x 1 1 y x 1 1"
2018,jun,June 2018,29,frq,2,/home/max/testgen-suite/ocr-frq/mb-exams/source-pdfs/student-booklets/pc_18_jun_sb2.pdf,[10],1,1.0,1 mark,no-calculator,,R11,marking-guide-heading,/home/max/testgen-suite/ocr-frq/mb-exams/source-pdfs/marking-guides/pc_18_jun_mg.pdf,[70],[],Question 29 1 mark 120 Brian was asked to state the zeros of the polynomial      2 5 1 . p x x x x     Brian’s response: Explain why his response is incorrect.
2018,jun,June 2018,30,frq,2,/home/max/testgen-suite/ocr-frq/mb-exams/source-pdfs/student-booklets/pc_18_jun_sb2.pdf,[11],1,2.0,2 marks,no-calculator,,P3,marking-guide-heading,/home/max/testgen-suite/ocr-frq/mb-exams/source-pdfs/marking-guides/pc_18_jun_mg.pdf,[72],[],Question 30 2 marks 121 Simplify 3 2. n C 
2018,jun,June 2018,31,frq,2,/home/max/testgen-suite/ocr-frq/mb-exams/source-pdfs/student-booklets/pc_18_jun_sb2.pdf,[12],1,2.0,2 marks,no-calculator,,T5,marking-guide-heading,/home/max/testgen-suite/ocr-frq/mb-exams/source-pdfs/marking-guides/pc_18_jun_mg.pdf,[76],[],Question 31 2 marks 122 Verify that the equation 2 2cos sin 1 x x   is true for . 6 x  
2018,jun,June 2018,32,frq,2,/home/max/testgen-suite/ocr-frq/mb-exams/source-pdfs/student-booklets/pc_18_jun_sb2.pdf,[13],1,3.0,a) 2 marks; b) 1 mark,no-calculator,,R12,marking-guide-heading,/home/max/testgen-suite/ocr-frq/mb-exams/source-pdfs/marking-guides/pc_18_jun_mg.pdf,[80],[],"Question 32 a) 2 marks b) 1 mark 123 124 The height of a fish jumping out of the water can be modelled by the function      1 4 5 h t t t t t     where  h t is the height of the fish above or below the water in cm, and t is the time in seconds, 0. t  a) Sketch a graph representing th"
2018,jun,June 2018,33,frq,2,/home/max/testgen-suite/ocr-frq/mb-exams/source-pdfs/student-booklets/pc_18_jun_sb2.pdf,[14],1,1.0,1 mark,no-calculator,,R9,marking-guide-heading,/home/max/testgen-suite/ocr-frq/mb-exams/source-pdfs/marking-guides/pc_18_jun_mg.pdf,[84],[],Question 33 1 mark 125 Describe the behaviour of the graph of 5 4 x y   as it approaches 4. y 
2018,jun,June 2018,34,frq,2,/home/max/testgen-suite/ocr-frq/mb-exams/source-pdfs/student-booklets/pc_18_jun_sb2.pdf,[15],1,1.0,1 mark,no-calculator,,T1,marking-guide-heading,/home/max/testgen-suite/ocr-frq/mb-exams/source-pdfs/marking-guides/pc_18_jun_mg.pdf,[86],[],Question 34 1 mark 126 Sketch the angle of 6 radians in standard position. y x
2018,jun,June 2018,35,frq,2,/home/max/testgen-suite/ocr-frq/mb-exams/source-pdfs/student-booklets/pc_18_jun_sb2.pdf,[16],1,4.0,4 marks,no-calculator,,T4,marking-guide-heading,/home/max/testgen-suite/ocr-frq/mb-exams/source-pdfs/marking-guides/pc_18_jun_mg.pdf,[88],[],"Question 35 4 marks 127 Sketch the graph of the function 4sin 2 3 y x          over the domain   3,6 .  y x"
2018,jun,June 2018,36,frq,2,/home/max/testgen-suite/ocr-frq/mb-exams/source-pdfs/student-booklets/pc_18_jun_sb2.pdf,[17],1,2.0,a) 1 mark; b) 1 mark,no-calculator,,"R1, R14",marking-guide-heading,/home/max/testgen-suite/ocr-frq/mb-exams/source-pdfs/marking-guides/pc_18_jun_mg.pdf,[92],[],"Question 36 a) 1 mark b) 1 mark 128 129 Given   3 12 and 4, f x x g x x     a) determine the equation of  . f h x x g        ______________________________ h x  b) describe what the non-permissible value represents on the graph of . h x"
2018,jun,June 2018,37,frq,2,/home/max/testgen-suite/ocr-frq/mb-exams/source-pdfs/student-booklets/pc_18_jun_sb2.pdf,[18],1,2.0,2 marks,no-calculator,,R13,marking-guide-heading,/home/max/testgen-suite/ocr-frq/mb-exams/source-pdfs/marking-guides/pc_18_jun_mg.pdf,[94],[],"Question 37 2 marks 130 Determine an equation of a radical function, , f x with a domain of 5 x  and a range of 2. y   ______________________________ f x "
2018,jun,June 2018,38,frq,2,/home/max/testgen-suite/ocr-frq/mb-exams/source-pdfs/student-booklets/pc_18_jun_sb2.pdf,[19],1,3.0,3 marks,no-calculator,,T6,marking-guide-heading,/home/max/testgen-suite/ocr-frq/mb-exams/source-pdfs/marking-guides/pc_18_jun_mg.pdf,[96],[],Question 38 3 marks 131 Determine the exact value of 17 cos . 12       
2018,jun,June 2018,39,frq,2,/home/max/testgen-suite/ocr-frq/mb-exams/source-pdfs/student-booklets/pc_18_jun_sb2.pdf,[20],1,4.0,4 marks,no-calculator,,R13,marking-guide-heading,/home/max/testgen-suite/ocr-frq/mb-exams/source-pdfs/marking-guides/pc_18_jun_mg.pdf,[100],[],Question 39 4 marks 132 Sketch the graph of 1 1. 2 y x    y x 1 1
2018,jun,June 2018,40,frq,2,/home/max/testgen-suite/ocr-frq/mb-exams/source-pdfs/student-booklets/pc_18_jun_sb2.pdf,[21],1,2.0,2 marks,no-calculator,,R6,marking-guide-heading,/home/max/testgen-suite/ocr-frq/mb-exams/source-pdfs/marking-guides/pc_18_jun_mg.pdf,[104],[],"Question 40 2 marks 133 Given  3 9, 4 x f x   determine the equation of  1 . f x "
2018,jun,June 2018,41,frq,2,/home/max/testgen-suite/ocr-frq/mb-exams/source-pdfs/student-booklets/pc_18_jun_sb2.pdf,[22],1,1.0,1 mark,no-calculator,,R12,marking-guide-heading,/home/max/testgen-suite/ocr-frq/mb-exams/source-pdfs/marking-guides/pc_18_jun_mg.pdf,[106],[],Question 41 1 mark 134 Describe the end behaviour of the polynomial function     2 2 3 . p x x x   
2018,jun,June 2018,42,frq,2,/home/max/testgen-suite/ocr-frq/mb-exams/source-pdfs/student-booklets/pc_18_jun_sb2.pdf,[23],1,3.0,a) 2 marks; b) 1 mark,no-calculator,,T3,marking-guide-heading,/home/max/testgen-suite/ocr-frq/mb-exams/source-pdfs/marking-guides/pc_18_jun_mg.pdf,[108],[],"Question 42 a) 2 marks b) 1 mark 135 136 Given csc 4  and  is in quadrant IV, a) determine the exact value of cos b) determine the exact value of cot"
2018,jun,June 2018,43,frq,2,/home/max/testgen-suite/ocr-frq/mb-exams/source-pdfs/student-booklets/pc_18_jun_sb2.pdf,[24],1,2.0,2 marks,no-calculator,,R14,marking-guide-heading,/home/max/testgen-suite/ocr-frq/mb-exams/source-pdfs/marking-guides/pc_18_jun_mg.pdf,[112],[],Question 43 2 marks 137 Sketch the graph of the function  2 10 . 2 f x x   y x
2018,jun,June 2018,44,frq,2,/home/max/testgen-suite/ocr-frq/mb-exams/source-pdfs/student-booklets/pc_18_jun_sb2.pdf,[25],1,1.0,1 mark,no-calculator,,R10,marking-guide-heading,/home/max/testgen-suite/ocr-frq/mb-exams/source-pdfs/marking-guides/pc_18_jun_mg.pdf,[116],[],Question 44 1 mark 138 Explain why only one of the following equations could be solved algebraically without using logarithms. 4 5 5 2 1 2 3 1 3 6 or 16 2 x x x x          
2018,jun,June 2018,45,frq,2,/home/max/testgen-suite/ocr-frq/mb-exams/source-pdfs/student-booklets/pc_18_jun_sb2.pdf,[26],1,1.0,1 mark,no-calculator,,R1,marking-guide-heading,/home/max/testgen-suite/ocr-frq/mb-exams/source-pdfs/marking-guides/pc_18_jun_mg.pdf,[118],[],"Question 45 1 mark 139 Given a graph of , y f x  describe how to sketch the graph of . y f x "
2018,jun,June 2018,46,frq,2,/home/max/testgen-suite/ocr-frq/mb-exams/source-pdfs/student-booklets/pc_18_jun_sb2.pdf,[27],1,2.0,2 marks,no-calculator,,R9,marking-guide-heading,/home/max/testgen-suite/ocr-frq/mb-exams/source-pdfs/marking-guides/pc_18_jun_mg.pdf,[120],[],Question 46 2 marks 140 Sketch the graph of   3 log 4 . y x   y x 1 1
2018,jun,June 2018,47,frq,2,/home/max/testgen-suite/ocr-frq/mb-exams/source-pdfs/student-booklets/pc_18_jun_sb2.pdf,[28],1,3.0,3 marks,no-calculator,,R10,marking-guide-heading,/home/max/testgen-suite/ocr-frq/mb-exams/source-pdfs/marking-guides/pc_18_jun_mg.pdf,[124],[],"Question 47 3 marks 141 Solve, algebraically.   log log4 log 2 log5 x x    "
2018,jun,June 2018,48,frq,2,/home/max/testgen-suite/ocr-frq/mb-exams/source-pdfs/student-booklets/pc_18_jun_sb2.pdf,[29],1,2.0,2 marks,no-calculator,,T5,marking-guide-heading,/home/max/testgen-suite/ocr-frq/mb-exams/source-pdfs/marking-guides/pc_18_jun_mg.pdf,[128],[],"Question 48 2 marks 142 Given 1 sin , 2   determine all possible values of  over the interval   2 ,2 .  "
2019,jan,January 2019,1,frq,1,/home/max/testgen-suite/ocr-frq/mb-exams/source-pdfs/student-booklets/pc_19_jan_sb1.pdf,[9],1,2.0,2 marks,calculator-active,,T1,marking-guide-heading,/home/max/testgen-suite/ocr-frq/mb-exams/source-pdfs/marking-guides/pc_19_jan_mg.pdf,[10],[],"Question 1 2 marks 101 Determine the length of the radius, r, given an arc length of 20 metres and a central angle of 160 .° r 20 m"
2019,jan,January 2019,2,frq,1,/home/max/testgen-suite/ocr-frq/mb-exams/source-pdfs/student-booklets/pc_19_jan_sb1.pdf,[10],1,1.0,1 mark,calculator-active,,P1,marking-guide-heading,/home/max/testgen-suite/ocr-frq/mb-exams/source-pdfs/marking-guides/pc_19_jan_mg.pdf,[14],[],Question 2 1 mark 102 There are eight cars parked in a row. Determine the number of possible arrangements of these eight cars if Mrs. Jones must always park in the third spot and Mr. Rodriguez must always park in the last spot.
2019,jan,January 2019,3,frq,1,/home/max/testgen-suite/ocr-frq/mb-exams/source-pdfs/student-booklets/pc_19_jan_sb1.pdf,[11],1,3.0,3 marks,calculator-active,,R10,marking-guide-heading,/home/max/testgen-suite/ocr-frq/mb-exams/source-pdfs/marking-guides/pc_19_jan_mg.pdf,[16],[],"Question 3 3 marks 103 Bill wins $1 300 000 in a lottery and invests the entire amount at an annual interest rate of 2.5% compounded quarterly. He will withdraw $10 000 at the end of every three months. Determine, algebraically, the total number of withdrawals, including the partial amount, that Bil"
2019,jan,January 2019,4,frq,1,/home/max/testgen-suite/ocr-frq/mb-exams/source-pdfs/student-booklets/pc_19_jan_sb1.pdf,[12],1,3.0,3 marks,calculator-active,,P4,marking-guide-heading,/home/max/testgen-suite/ocr-frq/mb-exams/source-pdfs/marking-guides/pc_19_jan_mg.pdf,[20],[],Question 4 3 marks 104 Determine and simplify the 12th term in the binomial expansion of 12 3 2 1 . 2 x x   −    
2019,jan,January 2019,5,frq,1,/home/max/testgen-suite/ocr-frq/mb-exams/source-pdfs/student-booklets/pc_19_jan_sb1.pdf,[13],1,3.0,3 marks,calculator-active,,R10,marking-guide-heading,/home/max/testgen-suite/ocr-frq/mb-exams/source-pdfs/marking-guides/pc_19_jan_mg.pdf,[24],[],"Question 5 3 marks 105 Solve, algebraically. 2 3 1 7 x x e − + = Note: A calculator is not required for the remaining test questions."
2019,jan,January 2019,6,frq,1,/home/max/testgen-suite/ocr-frq/mb-exams/source-pdfs/student-booklets/pc_19_jan_sb1.pdf,[14],1,1.0,1 mark,no-calculator,,T1,marking-guide-heading,/home/max/testgen-suite/ocr-frq/mb-exams/source-pdfs/marking-guides/pc_19_jan_mg.pdf,[26],[],Question 6 1 mark 106 Sketch the angle 3 7π in standard position. y x
2019,jan,January 2019,7,frq,1,/home/max/testgen-suite/ocr-frq/mb-exams/source-pdfs/student-booklets/pc_19_jan_sb1.pdf,[15],1,3.0,3 marks,no-calculator,,R11,marking-guide-heading,/home/max/testgen-suite/ocr-frq/mb-exams/source-pdfs/marking-guides/pc_19_jan_mg.pdf,[30],[],"Question 7 3 marks 107 Determine, algebraically, all of the zeros of the polynomial function ( ) 4 3 2 5 4 20 . P x x x x x = − − +"
2019,jan,January 2019,8,frq,1,/home/max/testgen-suite/ocr-frq/mb-exams/source-pdfs/student-booklets/pc_19_jan_sb1.pdf,[16],1,1.0,1 mark,no-calculator,,P4,marking-guide-heading,/home/max/testgen-suite/ocr-frq/mb-exams/source-pdfs/marking-guides/pc_19_jan_mg.pdf,[34],[],Question 8 1 mark 108 Justify why four of the terms in the binomial expansion of ( )6 x y −+ are positive.
2019,jan,January 2019,9,frq,1,/home/max/testgen-suite/ocr-frq/mb-exams/source-pdfs/student-booklets/pc_19_jan_sb1.pdf,[17],1,2.0,2 marks,no-calculator,,R4,marking-guide-heading,/home/max/testgen-suite/ocr-frq/mb-exams/source-pdfs/marking-guides/pc_19_jan_mg.pdf,[36],[],Question 9 2 marks 109 Determine the equation of ( ) g x in terms of ( ). f x ( ) g x = y x 1 1 ( ) f x ( ) g x
2019,jan,January 2019,10,frq,1,/home/max/testgen-suite/ocr-frq/mb-exams/source-pdfs/student-booklets/pc_19_jan_sb1.pdf,[18],1,3.0,3 marks,no-calculator,,T6,marking-guide-heading,/home/max/testgen-suite/ocr-frq/mb-exams/source-pdfs/marking-guides/pc_19_jan_mg.pdf,"[38, 39]",[],Question 10 3 marks 110 Prove the identity for all permissible values of x. 2 sin tan sin cot csc cos x x x x x x + = + Left-Hand Side Right-Hand Side
2019,jan,January 2019,11,frq,1,/home/max/testgen-suite/ocr-frq/mb-exams/source-pdfs/student-booklets/pc_19_jan_sb1.pdf,[19],1,1.0,1 mark,no-calculator,,R3,marking-guide-heading,/home/max/testgen-suite/ocr-frq/mb-exams/source-pdfs/marking-guides/pc_19_jan_mg.pdf,[44],[],"Question 11 1 mark 111 Given that the point ( ) 2,1 − is on the graph of ( ), y f x = describe how the coordinates of the corresponding point on the graph of ( ) 4 y f x = are different."
2019,jan,January 2019,12,frq,1,/home/max/testgen-suite/ocr-frq/mb-exams/source-pdfs/student-booklets/pc_19_jan_sb1.pdf,[20],1,3.0,3 marks,no-calculator,,R8,marking-guide-heading,/home/max/testgen-suite/ocr-frq/mb-exams/source-pdfs/marking-guides/pc_19_jan_mg.pdf,[46],[],"Question 12 3 marks 112 Using the laws of logarithms, completely expand the expression: 2 log 1 x y w       −   "
2019,jan,January 2019,13,frq,1,/home/max/testgen-suite/ocr-frq/mb-exams/source-pdfs/student-booklets/pc_19_jan_sb1.pdf,[20],1,1.0,1 mark,no-calculator,,T3,marking-guide-heading,/home/max/testgen-suite/ocr-frq/mb-exams/source-pdfs/marking-guides/pc_19_jan_mg.pdf,[48],[],"Question 13 1 mark 113 Given 5 sec 4 θ = − and tan 0, θ > state the quadrant in which θ terminates. Justify your answer."
2019,jan,January 2019,14,frq,1,/home/max/testgen-suite/ocr-frq/mb-exams/source-pdfs/student-booklets/pc_19_jan_sb1.pdf,[21],1,2.0,2 marks,no-calculator,,R14,marking-guide-heading,/home/max/testgen-suite/ocr-frq/mb-exams/source-pdfs/marking-guides/pc_19_jan_mg.pdf,[50],[],Question 14 2 marks 114 State an equation of a rational function that has a vertical asymptote at 8 x = − and a horizontal asymptote at 9. y = 
2019,jan,January 2019,15,frq,1,/home/max/testgen-suite/ocr-frq/mb-exams/source-pdfs/student-booklets/pc_19_jan_sb1.pdf,[21],1,1.0,1 mark,no-calculator,,R5,marking-guide-heading,/home/max/testgen-suite/ocr-frq/mb-exams/source-pdfs/marking-guides/pc_19_jan_mg.pdf,[52],[],"Question 15 1 mark 115 Given the point ( ) 5,1 , state the coordinates of the corresponding point after a reflection across the line . y x ="
2019,jan,January 2019,16,frq,1,/home/max/testgen-suite/ocr-frq/mb-exams/source-pdfs/student-booklets/pc_19_jan_sb1.pdf,[22],1,1.0,1 mark,no-calculator,,P2,marking-guide-heading,/home/max/testgen-suite/ocr-frq/mb-exams/source-pdfs/marking-guides/pc_19_jan_mg.pdf,[54],[],Question 16 1 mark 116 Simplify. ( ) ( ) 13 ! 12 ! n n − −
2019,jan,January 2019,17,frq,1,/home/max/testgen-suite/ocr-frq/mb-exams/source-pdfs/student-booklets/pc_19_jan_sb1.pdf,[23],1,2.0,a) 1 mark; b) 1 mark,no-calculator,,R1,marking-guide-heading,/home/max/testgen-suite/ocr-frq/mb-exams/source-pdfs/marking-guides/pc_19_jan_mg.pdf,[56],[],"Question 17 a) 1 mark b) 1 mark 117 118 Given the graphs of ( ) y f x = and ( ), y g x = a) determine the value of ( ) ( ) 2 . f g b) determine the value of ( )( ) 3 . g f − − y x 1 1 ( ) f x y x 1 1 ( ) g x"
2019,jan,January 2019,18,mcq,2,/home/max/testgen-suite/ocr-frq/mb-exams/source-pdfs/student-booklets/pc_19_jan_sb2.pdf,[5],1,1.0,1 mark,no-calculator,D,R11,answer-key,/home/max/testgen-suite/ocr-frq/mb-exams/source-pdfs/marking-guides/pc_19_jan_mg.pdf,[61],[],Question 18 1 mark Identify the remainder when ( ) 3 2 3 1 P x x x = − + is divided by ( ) 2 . x − a) 27 − b) 19 − c) 11 d) 21 
2019,jan,January 2019,19,mcq,2,/home/max/testgen-suite/ocr-frq/mb-exams/source-pdfs/student-booklets/pc_19_jan_sb2.pdf,[5],1,1.0,1 mark,no-calculator,C,R7,answer-key,/home/max/testgen-suite/ocr-frq/mb-exams/source-pdfs/marking-guides/pc_19_jan_mg.pdf,[61],[],Question 19 1 mark Identify the logarithmic form of 1 2 4 x = . a) 2 1 log 4 x = b) 1 log 2 4 x = c) 2 1 log 4 x  =     d) 1 log 2 4 x  =     
2019,jan,January 2019,20,mcq,2,/home/max/testgen-suite/ocr-frq/mb-exams/source-pdfs/student-booklets/pc_19_jan_sb2.pdf,[5],1,1.0,1 mark,no-calculator,A,P3,answer-key,/home/max/testgen-suite/ocr-frq/mb-exams/source-pdfs/marking-guides/pc_19_jan_mg.pdf,[61],[],"Question 20 1 mark Leah’s Pizzeria offers 9 different pizza toppings. Identify the expression that represents the number of different types of pizzas, with 3 different toppings, that can be made. a) 9 3 C b) 9 3 P c) 9! 3! d) 9!3!"
2019,jan,January 2019,21,mcq,2,/home/max/testgen-suite/ocr-frq/mb-exams/source-pdfs/student-booklets/pc_19_jan_sb2.pdf,[6],1,1.0,1 mark,no-calculator,B,R1,answer-key,/home/max/testgen-suite/ocr-frq/mb-exams/source-pdfs/marking-guides/pc_19_jan_mg.pdf,[62],[],"Question 21 1 mark Given ( ) 5, 4 − is a point on the graph of ( ), y f x = identify the corresponding point on the graph of ( ) 1 . y f x = a) 1 , 4 5   −     b) 1 5, 4   −     c) 1 1 , 5 4   −     d) ( ) 4,5 − "
2019,jan,January 2019,22,mcq,2,/home/max/testgen-suite/ocr-frq/mb-exams/source-pdfs/student-booklets/pc_19_jan_sb2.pdf,[6],1,1.0,1 mark,no-calculator,C,T6,answer-key,/home/max/testgen-suite/ocr-frq/mb-exams/source-pdfs/marking-guides/pc_19_jan_mg.pdf,[62],[],"Question 22 1 mark Identify the non-permissible value of x for 1 sec x + over [ ]. 0,π a) 0 b) 4 π c) 2 π d) π "
2019,jan,January 2019,23,mcq,2,/home/max/testgen-suite/ocr-frq/mb-exams/source-pdfs/student-booklets/pc_19_jan_sb2.pdf,[6],1,1.0,1 mark,no-calculator,A,P4,answer-key,/home/max/testgen-suite/ocr-frq/mb-exams/source-pdfs/marking-guides/pc_19_jan_mg.pdf,[62],[],Question 23 1 mark Indicate the combination that represents the circled term in the given row of Pascal’s triangle. 1 4 6 4 1 a) 4 3 C b) 4 4 C c) 5 3 C d) 5 4 C
2019,jan,January 2019,24,mcq,2,/home/max/testgen-suite/ocr-frq/mb-exams/source-pdfs/student-booklets/pc_19_jan_sb2.pdf,[7],1,1.0,1 mark,no-calculator,A,R13,answer-key,/home/max/testgen-suite/ocr-frq/mb-exams/source-pdfs/marking-guides/pc_19_jan_mg.pdf,[63],[],Question 24 1 mark Identify the x-intercept on the graph of ( ) ( ) 2 5 . f x x = + a) 5 − b) 0 c) 10 d) 5 
2019,jan,January 2019,25,mcq,2,/home/max/testgen-suite/ocr-frq/mb-exams/source-pdfs/student-booklets/pc_19_jan_sb2.pdf,[7],1,1.0,1 mark,no-calculator,D,T1,answer-key,/home/max/testgen-suite/ocr-frq/mb-exams/source-pdfs/marking-guides/pc_19_jan_mg.pdf,[63],[],Question 25 1 mark Identify the coterminal angle of 5 π over the interval 4 . θ −π ≤ ≤ π a) 5 9π − b) 5 π − c) 5 3π d) 5 11π 
2019,jan,January 2019,26,mcq,2,/home/max/testgen-suite/ocr-frq/mb-exams/source-pdfs/student-booklets/pc_19_jan_sb2.pdf,[7],1,1.0,1 mark,no-calculator,C,R1,answer-key,/home/max/testgen-suite/ocr-frq/mb-exams/source-pdfs/marking-guides/pc_19_jan_mg.pdf,[63],[],"Question 26 1 mark Given ( ) ( ) ( ) ( ) ( ) { } 2,6 , 3,2 , 3,4 , 6,5 , f x = identify the value of ( ) ( ) 2 . f f a) 3 b) 4 c) 5 d) 6"
2019,jan,January 2019,27,mcq,2,/home/max/testgen-suite/ocr-frq/mb-exams/source-pdfs/student-booklets/pc_19_jan_sb2.pdf,[8],1,1.0,1 mark,no-calculator,A,R2,answer-key,/home/max/testgen-suite/ocr-frq/mb-exams/source-pdfs/marking-guides/pc_19_jan_mg.pdf,[64],[],"Question 27 1 mark The graph of ( ) ( )2 1 f x x = − is translated 2 units to the left and 3 units up. Identify the equation of the transformed graph, ( ). g x a) ( ) ( )2 1 3 g x x = + + b) ( ) ( )2 3 3 g x x = − + c) ( ) ( )2 2 3 g x x = + + d) ( ) ( )2 2 3 g x x = − +"
2019,jan,January 2019,28,frq,2,/home/max/testgen-suite/ocr-frq/mb-exams/source-pdfs/student-booklets/pc_19_jan_sb2.pdf,[9],1,2.0,2 marks,no-calculator,,T6,marking-guide-heading,/home/max/testgen-suite/ocr-frq/mb-exams/source-pdfs/marking-guides/pc_19_jan_mg.pdf,[66],[],"Question 28 2 marks 119 Given 8 csc , 5 θ = − determine the exact value of cos 2 . θ"
2019,jan,January 2019,29,frq,2,/home/max/testgen-suite/ocr-frq/mb-exams/source-pdfs/student-booklets/pc_19_jan_sb2.pdf,[10],1,1.0,1 mark,no-calculator,,T4,marking-guide-heading,/home/max/testgen-suite/ocr-frq/mb-exams/source-pdfs/marking-guides/pc_19_jan_mg.pdf,[70],[],"Question 29 1 mark 120 Determine the period of the sinusoidal function, ( ) ( ) 6cos 1 5. 6 f x x π   = − + +    "
2019,jan,January 2019,30,frq,2,/home/max/testgen-suite/ocr-frq/mb-exams/source-pdfs/student-booklets/pc_19_jan_sb2.pdf,[11],1,2.0,2 marks,no-calculator,,R12,marking-guide-heading,/home/max/testgen-suite/ocr-frq/mb-exams/source-pdfs/marking-guides/pc_19_jan_mg.pdf,[72],[],"Question 30 2 marks 121 Determine, algebraically, the equation of ( ), P x given the graph of the polynomial function ( ). P x ( ) ______________________________ P x = y 3 2 − 1 ( ) P x 36 − x"
2019,jan,January 2019,31,frq,2,/home/max/testgen-suite/ocr-frq/mb-exams/source-pdfs/student-booklets/pc_19_jan_sb2.pdf,[12],1,4.0,4 marks,no-calculator,,T5,marking-guide-heading,/home/max/testgen-suite/ocr-frq/mb-exams/source-pdfs/marking-guides/pc_19_jan_mg.pdf,[74],[],Question 31 4 marks 122 Solve 2 2sin 7sin 4 0 where . θ − θ θ − = ∈
2019,jan,January 2019,32,frq,2,/home/max/testgen-suite/ocr-frq/mb-exams/source-pdfs/student-booklets/pc_19_jan_sb2.pdf,[13],1,1.0,1 mark,no-calculator,,R12,marking-guide-heading,/home/max/testgen-suite/ocr-frq/mb-exams/source-pdfs/marking-guides/pc_19_jan_mg.pdf,[78],[],Question 32 1 mark 123 Justify that the shapes of the graphs of ( ) ( ) ( ) 2 1 1 f x x x = + − and ( ) ( ) ( ) 2 3 1 1 g x x x = + − are different as they approach the x-intercept at 1. x =
2019,jan,January 2019,33,frq,2,/home/max/testgen-suite/ocr-frq/mb-exams/source-pdfs/student-booklets/pc_19_jan_sb2.pdf,[14],1,2.0,2 marks,no-calculator,,T2,marking-guide-heading,/home/max/testgen-suite/ocr-frq/mb-exams/source-pdfs/marking-guides/pc_19_jan_mg.pdf,[80],[],Question 33 2 marks 124 Determine the exact value of cotθ if 4 cos and sin 7 = − θ θ is positive.
2019,jan,January 2019,34,frq,2,/home/max/testgen-suite/ocr-frq/mb-exams/source-pdfs/student-booklets/pc_19_jan_sb2.pdf,[15],1,3.0,3 marks,no-calculator,,R9,marking-guide-heading,/home/max/testgen-suite/ocr-frq/mb-exams/source-pdfs/marking-guides/pc_19_jan_mg.pdf,[84],[],Question 34 3 marks 125 Sketch the graph of ( ) ( ) 2 log 2. f x x = − + y x 1 1
2019,jan,January 2019,35,frq,2,/home/max/testgen-suite/ocr-frq/mb-exams/source-pdfs/student-booklets/pc_19_jan_sb2.pdf,[16],1,1.0,1 mark,no-calculator,,R13,marking-guide-heading,/home/max/testgen-suite/ocr-frq/mb-exams/source-pdfs/marking-guides/pc_19_jan_mg.pdf,[88],[],Question 35 1 mark 126 State the range of ( ) 4. f x x = + Range:
2019,jan,January 2019,36,frq,2,/home/max/testgen-suite/ocr-frq/mb-exams/source-pdfs/student-booklets/pc_19_jan_sb2.pdf,[17],1,1.0,1 mark,no-calculator,,R10,marking-guide-heading,/home/max/testgen-suite/ocr-frq/mb-exams/source-pdfs/marking-guides/pc_19_jan_mg.pdf,[90],[],"Question 36 1 mark 127 Sophie correctly solved the logarithmic equation, ( ) ( ) 7 7 log 1 log 2 2 . x x − = − Explain why 1 x = is an extraneous root."
2019,jan,January 2019,37,frq,2,/home/max/testgen-suite/ocr-frq/mb-exams/source-pdfs/student-booklets/pc_19_jan_sb2.pdf,[18],1,3.0,3 marks,no-calculator,,R13,marking-guide-heading,/home/max/testgen-suite/ocr-frq/mb-exams/source-pdfs/marking-guides/pc_19_jan_mg.pdf,[92],[],Question 37 3 marks 128 Sketch the graph of ( ) 4 1. f x x = − y x 1 1
2019,jan,January 2019,38,frq,2,/home/max/testgen-suite/ocr-frq/mb-exams/source-pdfs/student-booklets/pc_19_jan_sb2.pdf,[19],1,3.0,3 marks,no-calculator,,P3,marking-guide-heading,/home/max/testgen-suite/ocr-frq/mb-exams/source-pdfs/marking-guides/pc_19_jan_mg.pdf,[94],[],"Question 38 3 marks 129 Solve, algebraically. 2 2 7 nC n = +"
2019,jan,January 2019,39,frq,2,/home/max/testgen-suite/ocr-frq/mb-exams/source-pdfs/student-booklets/pc_19_jan_sb2.pdf,[20],1,1.0,1 mark,no-calculator,,R1,marking-guide-heading,/home/max/testgen-suite/ocr-frq/mb-exams/source-pdfs/marking-guides/pc_19_jan_mg.pdf,[98],[],"Question 39 1 mark 130 Given ( ) 2 1 f x x = − and ( ) 3, g x x = − explain why the domain of ( ) ( ) ( ) f x h x g x = has a restriction when 3. x ="
2019,jan,January 2019,40,frq,2,/home/max/testgen-suite/ocr-frq/mb-exams/source-pdfs/student-booklets/pc_19_jan_sb2.pdf,[21],1,3.0,3 marks,no-calculator,,T3,marking-guide-heading,/home/max/testgen-suite/ocr-frq/mb-exams/source-pdfs/marking-guides/pc_19_jan_mg.pdf,[100],[],Question 40 3 marks 131 Evaluate. cot sin 6 3 2 cos 3 11π 4π     −         π      
2019,jan,January 2019,41,frq,2,/home/max/testgen-suite/ocr-frq/mb-exams/source-pdfs/student-booklets/pc_19_jan_sb2.pdf,[22],1,1.0,1 mark,no-calculator,,R10,marking-guide-heading,/home/max/testgen-suite/ocr-frq/mb-exams/source-pdfs/marking-guides/pc_19_jan_mg.pdf,[104],[],"Question 41 1 mark 132 Solve, algebraically. ( ) 2 3 log log 2 x ="
2019,jan,January 2019,42,frq,2,/home/max/testgen-suite/ocr-frq/mb-exams/source-pdfs/student-booklets/pc_19_jan_sb2.pdf,[23],1,4.0,4 marks,no-calculator,,T4,marking-guide-heading,/home/max/testgen-suite/ocr-frq/mb-exams/source-pdfs/marking-guides/pc_19_jan_mg.pdf,[106],[],"Question 42 4 marks 133 Sketch the graph of the function 5sin 1 4 y x π   = +     over the domain [ ]. 4,8 − y x"
2019,jan,January 2019,43,frq,2,/home/max/testgen-suite/ocr-frq/mb-exams/source-pdfs/student-booklets/pc_19_jan_sb2.pdf,[24],1,2.0,2 marks,no-calculator,,"R1, R5",marking-guide-heading,/home/max/testgen-suite/ocr-frq/mb-exams/source-pdfs/marking-guides/pc_19_jan_mg.pdf,[112],[],"Question 43 2 marks 134 Given the graph of ( ), y f x = sketch the graph of ( ) . y f x = − y x 1 1 ( ) f x y x 1 1 ( ) f x The graph of has already been drawn for your reference. No marks will be awarded for the graph of"
2019,jan,January 2019,44,frq,2,/home/max/testgen-suite/ocr-frq/mb-exams/source-pdfs/student-booklets/pc_19_jan_sb2.pdf,[25],1,1.0,1 mark,no-calculator,,R13,marking-guide-heading,/home/max/testgen-suite/ocr-frq/mb-exams/source-pdfs/marking-guides/pc_19_jan_mg.pdf,[116],[],Question 44 1 mark 135 Savannah used the graph of ( ) y f x = to sketch the graph of ( ). y f x = Her solution is given below. Describe her error. ( ) f x y x 1 1
2019,jan,January 2019,45,frq,2,/home/max/testgen-suite/ocr-frq/mb-exams/source-pdfs/student-booklets/pc_19_jan_sb2.pdf,[26],1,3.0,3 marks,no-calculator,,T6,marking-guide-heading,/home/max/testgen-suite/ocr-frq/mb-exams/source-pdfs/marking-guides/pc_19_jan_mg.pdf,[118],[],Question 45 3 marks 136 Determine the exact value of 13 sin . 12 π      
2019,jan,January 2019,46,frq,2,/home/max/testgen-suite/ocr-frq/mb-exams/source-pdfs/student-booklets/pc_19_jan_sb2.pdf,[27],1,1.0,1 mark,no-calculator,,R14,marking-guide-heading,/home/max/testgen-suite/ocr-frq/mb-exams/source-pdfs/marking-guides/pc_19_jan_mg.pdf,[122],[],Question 46 1 mark 137 State the equation of the horizontal asymptote of ( ) 3 . 1 x f x x = −
2019,jan,January 2019,47,frq,2,/home/max/testgen-suite/ocr-frq/mb-exams/source-pdfs/student-booklets/pc_19_jan_sb2.pdf,[28],1,4.0,4 marks,no-calculator,,R14,marking-guide-heading,/home/max/testgen-suite/ocr-frq/mb-exams/source-pdfs/marking-guides/pc_19_jan_mg.pdf,[124],[],Question 47 4 marks 138 Sketch the graph of ( ) 2 5 10 . 6 x f x x x − = + − y x 1 1
2019,jan,January 2019,48,frq,2,/home/max/testgen-suite/ocr-frq/mb-exams/source-pdfs/student-booklets/pc_19_jan_sb2.pdf,[29],1,2.0,2 marks,no-calculator,,R6,marking-guide-heading,/home/max/testgen-suite/ocr-frq/mb-exams/source-pdfs/marking-guides/pc_19_jan_mg.pdf,[128],[],"Question 48 2 marks 139 Determine, algebraically, the inverse of ( ) 3 4. f x x = +"
2019,jan,January 2019,49,frq,2,/home/max/testgen-suite/ocr-frq/mb-exams/source-pdfs/student-booklets/pc_19_jan_sb2.pdf,[30],1,2.0,2 marks,no-calculator,,R12,marking-guide-heading,/home/max/testgen-suite/ocr-frq/mb-exams/source-pdfs/marking-guides/pc_19_jan_mg.pdf,[130],[],Question 49 2 marks 140 Sketch the graph of ( ) ( )( )( ) 1 2 3 . P x x x x = − + − + y x
2019,jun,June 2019,1,frq,1,/home/max/testgen-suite/ocr-frq/mb-exams/source-pdfs/student-booklets/pc_19_jun_sb1.pdf,[9],1,2.0,2 marks,calculator-active,,P2,marking-guide-heading,/home/max/testgen-suite/ocr-frq/mb-exams/source-pdfs/marking-guides/pc_19_jun_mg.pdf,[10],[],"Question 1 2 marks 101 Avery has 4 adventure books, 5 mystery books, and 1 comic book. Determine the number of ways he can arrange all of the books on his shelf if each type of book must be grouped together."
2019,jun,June 2019,2,frq,1,/home/max/testgen-suite/ocr-frq/mb-exams/source-pdfs/student-booklets/pc_19_jun_sb1.pdf,[10],1,4.0,4 marks,calculator-active,,"T5, T6",marking-guide-heading,/home/max/testgen-suite/ocr-frq/mb-exams/source-pdfs/marking-guides/pc_19_jun_mg.pdf,[12],[],"Question 2 4 marks 102 Solve the following equation, algebraically, over the interval [ ]. 0,2π 2 2 5cos cos sin 0 θ θ θ − − ="
2019,jun,June 2019,3,frq,1,/home/max/testgen-suite/ocr-frq/mb-exams/source-pdfs/student-booklets/pc_19_jun_sb1.pdf,[11],1,3.0,3 marks,calculator-active,,P4,marking-guide-heading,/home/max/testgen-suite/ocr-frq/mb-exams/source-pdfs/marking-guides/pc_19_jun_mg.pdf,[16],[],"Question 3 3 marks 103 Given that 2 5 6048x y − is the sixth term in the expansion of ( )7 3 , x m − determine m."
2019,jun,June 2019,4,frq,1,/home/max/testgen-suite/ocr-frq/mb-exams/source-pdfs/student-booklets/pc_19_jun_sb1.pdf,[12],1,3.0,a) 2 marks; b) 1 mark,calculator-active,,R10,marking-guide-heading,/home/max/testgen-suite/ocr-frq/mb-exams/source-pdfs/marking-guides/pc_19_jun_mg.pdf,[20],[],"Question 4 a) 2 marks b) 1 mark 104 105 A series of blood tests measures the concentration of a prescribed drug. This concentration decreases according to the formula rt A Pe = where: The initial concentration is 3.8900 units/mL. Three hours later, the concentration is 1.7505 units/mL. a) Determine "
2019,jun,June 2019,5,frq,1,/home/max/testgen-suite/ocr-frq/mb-exams/source-pdfs/student-booklets/pc_19_jun_sb1.pdf,[13],1,1.0,1 mark,no-calculator,,T1,marking-guide-heading,/home/max/testgen-suite/ocr-frq/mb-exams/source-pdfs/marking-guides/pc_19_jun_mg.pdf,[24],[],Question 5 1 mark 106 Ariane uses the formula s r θ = to determine the arc length of a circle that has a central angle of 20° and a radius of 15 cm. Below is Ariane’s work: Describe her error.
2019,jun,June 2019,6,frq,1,/home/max/testgen-suite/ocr-frq/mb-exams/source-pdfs/student-booklets/pc_19_jun_sb1.pdf,[14],1,1.0,1 mark,no-calculator,,R13,marking-guide-heading,/home/max/testgen-suite/ocr-frq/mb-exams/source-pdfs/marking-guides/pc_19_jun_mg.pdf,[26],[],"Question 6 1 mark 107 Using the graphs below, state the solution of the equation 2 3 2 1. x x + = − − 1 1"
2019,jun,June 2019,7,frq,1,/home/max/testgen-suite/ocr-frq/mb-exams/source-pdfs/student-booklets/pc_19_jun_sb1.pdf,[15],1,3.0,3 marks,no-calculator,,R10,marking-guide-heading,/home/max/testgen-suite/ocr-frq/mb-exams/source-pdfs/marking-guides/pc_19_jun_mg.pdf,[28],[],"Question 7 3 marks 108 Solve, algebraically. ( ) ( ) 2 2 log 3 5 log 1 x x + = − −"
2019,jun,June 2019,8,frq,1,/home/max/testgen-suite/ocr-frq/mb-exams/source-pdfs/student-booklets/pc_19_jun_sb1.pdf,[16],1,1.0,1 mark,no-calculator,,P3,marking-guide-heading,/home/max/testgen-suite/ocr-frq/mb-exams/source-pdfs/marking-guides/pc_19_jun_mg.pdf,[32],[],"Question 8 1 mark 109 Explain why the value of n must be greater than or equal to the value of r, when using . n r C "
2019,jun,June 2019,9,frq,1,/home/max/testgen-suite/ocr-frq/mb-exams/source-pdfs/student-booklets/pc_19_jun_sb1.pdf,[16],1,3.0,3 marks,no-calculator,,"R2, R3, R5",marking-guide-heading,/home/max/testgen-suite/ocr-frq/mb-exams/source-pdfs/marking-guides/pc_19_jun_mg.pdf,[34],[],"Question 9 3 marks 110 Given that , y x = determine the equation of the resulting function, ( ), g x after the following transformations:  reflection in the x-axis  vertical translation 5 units down  horizontal stretch by a factor of 3 ( ) ______________________________ g x ="
2019,jun,June 2019,10,frq,1,/home/max/testgen-suite/ocr-frq/mb-exams/source-pdfs/student-booklets/pc_19_jun_sb1.pdf,[17],1,1.0,1 mark,no-calculator,,R14,marking-guide-heading,/home/max/testgen-suite/ocr-frq/mb-exams/source-pdfs/marking-guides/pc_19_jun_mg.pdf,[36],[],Question 10 1 mark 111 Explain why the graph of 2 1 6 x y x x − = + − has a horizontal asymptote at 0. y = 
2019,jun,June 2019,11,frq,1,/home/max/testgen-suite/ocr-frq/mb-exams/source-pdfs/student-booklets/pc_19_jun_sb1.pdf,[17],1,1.0,1 mark,no-calculator,,R1,marking-guide-heading,/home/max/testgen-suite/ocr-frq/mb-exams/source-pdfs/marking-guides/pc_19_jun_mg.pdf,[38],[],"Question 11 1 mark 112 Given the graphs of ( ) f x and ( ), g x evaluate ( ) ( ) 2 . g f y x 1 1 ( ) g x ( ) f x"
2019,jun,June 2019,12,frq,1,/home/max/testgen-suite/ocr-frq/mb-exams/source-pdfs/student-booklets/pc_19_jun_sb1.pdf,[18],1,1.0,1 mark,no-calculator,,T5,marking-guide-heading,/home/max/testgen-suite/ocr-frq/mb-exams/source-pdfs/marking-guides/pc_19_jun_mg.pdf,[40],[],Question 12 1 mark 113 Kennedy was asked to solve the equation tan 1 θ = over all real numbers. Below is Kennedy’s solution: Describe her error.
2019,jun,June 2019,13,frq,1,/home/max/testgen-suite/ocr-frq/mb-exams/source-pdfs/student-booklets/pc_19_jun_sb1.pdf,[19],1,3.0,3 marks,no-calculator,,"P2, P3",marking-guide-heading,/home/max/testgen-suite/ocr-frq/mb-exams/source-pdfs/marking-guides/pc_19_jun_mg.pdf,[42],[],"Question 13 3 marks 114 Solve, algebraically. ( ) 3 2 3 n n C P ="
2019,jun,June 2019,14,frq,1,/home/max/testgen-suite/ocr-frq/mb-exams/source-pdfs/student-booklets/pc_19_jun_sb1.pdf,[20],1,2.0,2 marks,no-calculator,,R13,marking-guide-heading,/home/max/testgen-suite/ocr-frq/mb-exams/source-pdfs/marking-guides/pc_19_jun_mg.pdf,[46],[],"Question 14 2 marks 115 Given the graph of ( ), y f x = sketch the graph of ( ). y f x = The graph of has already been drawn for your reference. No marks will be awarded for the graph of y x ( ) f x 1 1 y x ( ) f x 1 1"
2019,jun,June 2019,15,frq,1,/home/max/testgen-suite/ocr-frq/mb-exams/source-pdfs/student-booklets/pc_19_jun_sb1.pdf,[21],1,3.0,3 marks,no-calculator,,T6,marking-guide-heading,/home/max/testgen-suite/ocr-frq/mb-exams/source-pdfs/marking-guides/pc_19_jun_mg.pdf,"[48, 49]",[],Question 15 3 marks 116 Prove the identity for all permissible values of . θ 2 sec tan sin csc 1 tan sin θ − θ θ θ θ θ = − Left-Hand Side Right-Hand Side
2019,jun,June 2019,16,frq,1,/home/max/testgen-suite/ocr-frq/mb-exams/source-pdfs/student-booklets/pc_19_jun_sb1.pdf,[22],1,1.0,1 mark,no-calculator,,T1,marking-guide-heading,/home/max/testgen-suite/ocr-frq/mb-exams/source-pdfs/marking-guides/pc_19_jun_mg.pdf,[52],[],Question 16 1 mark 117 Sketch the angle of 12 π − radians in standard position. 
2019,jun,June 2019,17,frq,1,/home/max/testgen-suite/ocr-frq/mb-exams/source-pdfs/student-booklets/pc_19_jun_sb1.pdf,[22],1,1.0,1 mark,no-calculator,,R1,marking-guide-heading,/home/max/testgen-suite/ocr-frq/mb-exams/source-pdfs/marking-guides/pc_19_jun_mg.pdf,[56],[],"Question 17 1 mark 118 Given that ( ) 2 2 7 15, h x x x = − − determine possible equations of the functions ( ) f x and ( ) g x if ( ) ( ) ( ). h x f x g x =  ( ) ______________________________ f x = ( ) ______________________________ g x = y x"
2019,jun,June 2019,18,mcq,2,/home/max/testgen-suite/ocr-frq/mb-exams/source-pdfs/student-booklets/pc_19_jun_sb2.pdf,[5],1,1.0,1 mark,no-calculator,C,R3,answer-key,/home/max/testgen-suite/ocr-frq/mb-exams/source-pdfs/marking-guides/pc_19_jun_mg.pdf,[61],[],Question 18 1 mark The range of ( ) y f x = is 6 12. y −≤ ≤ The range of the transformed function ( ) y a f x = is 2 4. y −≤ ≤ Identify the value of a. a) 3 − b) 1 3 − c) 1 3 d) 3 
2019,jun,June 2019,19,mcq,2,/home/max/testgen-suite/ocr-frq/mb-exams/source-pdfs/student-booklets/pc_19_jun_sb2.pdf,[5],1,1.0,1 mark,no-calculator,B,R8,answer-key,/home/max/testgen-suite/ocr-frq/mb-exams/source-pdfs/marking-guides/pc_19_jun_mg.pdf,[61],[],Question 19 1 mark Identify the expression which is equivalent to 1 3log log log . 2 y x z − +  a) 3 log y xz         b) 3 log y z x         c) 3 2 log y x z         d) 3 2 log y z x         
2019,jun,June 2019,20,mcq,2,/home/max/testgen-suite/ocr-frq/mb-exams/source-pdfs/student-booklets/pc_19_jun_sb2.pdf,[5],1,1.0,1 mark,no-calculator,B,T1,answer-key,/home/max/testgen-suite/ocr-frq/mb-exams/source-pdfs/marking-guides/pc_19_jun_mg.pdf,[61],[],Question 20 1 mark Identify the measure of the angle 2 9 π − in degrees. a) 400 − ° b) 40 − ° c) 40° d) 320°
2019,jun,June 2019,21,mcq,2,/home/max/testgen-suite/ocr-frq/mb-exams/source-pdfs/student-booklets/pc_19_jun_sb2.pdf,[6],1,1.0,1 mark,no-calculator,D,R6,answer-key,/home/max/testgen-suite/ocr-frq/mb-exams/source-pdfs/marking-guides/pc_19_jun_mg.pdf,[62],[],"Question 21 1 mark If ( ) y f x = has a domain of [ ] 2,5 and a range of [ ], 6,10 identify the domain of ( ) 1 . y f x − = a) 1 1 , 2 5       b) [ ] 5, 2 − − c) [ ] 10, 6 − − d) [ ] 6,10 "
2019,jun,June 2019,22,mcq,2,/home/max/testgen-suite/ocr-frq/mb-exams/source-pdfs/student-booklets/pc_19_jun_sb2.pdf,[6],1,1.0,1 mark,no-calculator,A,R12,answer-key,/home/max/testgen-suite/ocr-frq/mb-exams/source-pdfs/marking-guides/pc_19_jun_mg.pdf,[62],[],Question 22 1 mark Identify which of the following is a polynomial function. a) ( ) ( ) ( ) 3 1 2 3 2 p x x x = − + − b) ( ) 1 2 2 3 p x x x = + − c) ( ) 4 2 3 6 p x x x − = + − d) ( ) 2 3 x p x = + 
2019,jun,June 2019,23,mcq,2,/home/max/testgen-suite/ocr-frq/mb-exams/source-pdfs/student-booklets/pc_19_jun_sb2.pdf,[6],1,1.0,1 mark,no-calculator,C,P4,answer-key,/home/max/testgen-suite/ocr-frq/mb-exams/source-pdfs/marking-guides/pc_19_jun_mg.pdf,[62],[],Question 23 1 mark Identify the total number of terms in the expansion of ( )9. x y − a) 8 b) 9 c) 10 d) 11
2019,jun,June 2019,24,mcq,2,/home/max/testgen-suite/ocr-frq/mb-exams/source-pdfs/student-booklets/pc_19_jun_sb2.pdf,[7],1,1.0,1 mark,no-calculator,C,T6,answer-key,/home/max/testgen-suite/ocr-frq/mb-exams/source-pdfs/marking-guides/pc_19_jun_mg.pdf,[63],[],Question 24 1 mark Identify the exact value of ( ) 2 15 2cos 1. ° − a) 1 b) 1 2 c) 3 2 d) 3 
2019,jun,June 2019,25,mcq,2,/home/max/testgen-suite/ocr-frq/mb-exams/source-pdfs/student-booklets/pc_19_jun_sb2.pdf,[7],1,1.0,1 mark,no-calculator,B,R2,answer-key,/home/max/testgen-suite/ocr-frq/mb-exams/source-pdfs/marking-guides/pc_19_jun_mg.pdf,[63],[],Question 25 1 mark The zeros of the function ( ) y f x = are 2 x = − and 3. x = Identify the zeros of the function ( ) ( ) 2 4 . g x f x = − a) 6 and 1 x x = − = − b) 2 and 7 x x = = c) 4 and 6 x x = − = d) 0 and 10 x x = = 
2019,jun,June 2019,26,mcq,2,/home/max/testgen-suite/ocr-frq/mb-exams/source-pdfs/student-booklets/pc_19_jun_sb2.pdf,[7],1,1.0,1 mark,no-calculator,B,R7,answer-key,/home/max/testgen-suite/ocr-frq/mb-exams/source-pdfs/marking-guides/pc_19_jun_mg.pdf,[63],[],Question 26 1 mark Identify the value of 4 1 log . 4       a) 16 − b) 1 − c) 1 d) 16
2019,jun,June 2019,27,frq,2,/home/max/testgen-suite/ocr-frq/mb-exams/source-pdfs/student-booklets/pc_19_jun_sb2.pdf,[8],1,4.0,4 marks,no-calculator,,T4,marking-guide-heading,/home/max/testgen-suite/ocr-frq/mb-exams/source-pdfs/marking-guides/pc_19_jun_mg.pdf,[64],[],Question 27 4 marks 119 Sketch the graph of at least one period of the function cos 3. 4 y x π   = − + +     y x
2019,jun,June 2019,28,frq,2,/home/max/testgen-suite/ocr-frq/mb-exams/source-pdfs/student-booklets/pc_19_jun_sb2.pdf,[9],1,1.0,1 mark,no-calculator,,R11,marking-guide-heading,/home/max/testgen-suite/ocr-frq/mb-exams/source-pdfs/marking-guides/pc_19_jun_mg.pdf,[68],[],Question 28 1 mark 120 Justify that ( ) 5 x − is not a possible factor of the function ( ) 3 2 3 4 12. P x x x x = − − +
2019,jun,June 2019,29,frq,2,/home/max/testgen-suite/ocr-frq/mb-exams/source-pdfs/student-booklets/pc_19_jun_sb2.pdf,[10],1,4.0,4 marks,no-calculator,,R14,marking-guide-heading,/home/max/testgen-suite/ocr-frq/mb-exams/source-pdfs/marking-guides/pc_19_jun_mg.pdf,[70],[],Question 29 4 marks 121 Sketch the graph of ( ) ( )( ) 6 2 3 f x x x = + − and state the y-intercept. y-intercept: ____________________________
2019,jun,June 2019,30,frq,2,/home/max/testgen-suite/ocr-frq/mb-exams/source-pdfs/student-booklets/pc_19_jun_sb2.pdf,[11],1,2.0,2 marks,no-calculator,,P2,marking-guide-heading,/home/max/testgen-suite/ocr-frq/mb-exams/source-pdfs/marking-guides/pc_19_jun_mg.pdf,[74],[],"Question 30 2 marks 122 Determine how many 3-digit odd numbers less than 300 are possible using the digits 1, 2, 3, 4, 5, 6 if repetition is not allowed."
2019,jun,June 2019,31,frq,2,/home/max/testgen-suite/ocr-frq/mb-exams/source-pdfs/student-booklets/pc_19_jun_sb2.pdf,[12],1,3.0,3 marks,no-calculator,,T6,marking-guide-heading,/home/max/testgen-suite/ocr-frq/mb-exams/source-pdfs/marking-guides/pc_19_jun_mg.pdf,[76],[],"Question 31 3 marks 123 Given that 5 cos 13 α = − and 2 sin , 3 β = where α and β terminate in the same quadrant, determine the exact value of ( ) cos . α β −"
2019,jun,June 2019,32,frq,2,/home/max/testgen-suite/ocr-frq/mb-exams/source-pdfs/student-booklets/pc_19_jun_sb2.pdf,[13],1,3.0,3 marks,no-calculator,,R9,marking-guide-heading,/home/max/testgen-suite/ocr-frq/mb-exams/source-pdfs/marking-guides/pc_19_jun_mg.pdf,[80],[],"Question 32 3 marks 124 Given the graph of 4 ,x y = sketch the graph of ( ) 3 2 4 1. x y − = + The graph of has already been drawn for your reference. No marks will be awarded for the graph of 4x y = 4x y = x x y y 1 1 1 1"
2019,jun,June 2019,33,frq,2,/home/max/testgen-suite/ocr-frq/mb-exams/source-pdfs/student-booklets/pc_19_jun_sb2.pdf,[14],1,1.0,1 mark,no-calculator,,T1,marking-guide-heading,/home/max/testgen-suite/ocr-frq/mb-exams/source-pdfs/marking-guides/pc_19_jun_mg.pdf,[84],[],"Question 33 1 mark 125 Determine the coterminal angle of 5 π over the interval [ ]. 2 ,0 −π "
2019,jun,June 2019,34,frq,2,/home/max/testgen-suite/ocr-frq/mb-exams/source-pdfs/student-booklets/pc_19_jun_sb2.pdf,[14],1,1.0,1 mark,no-calculator,,R9,marking-guide-heading,/home/max/testgen-suite/ocr-frq/mb-exams/source-pdfs/marking-guides/pc_19_jun_mg.pdf,[86],[],Question 34 1 mark 126 State the domain of the graph of ( ) log 4 8. y x = − −
2019,jun,June 2019,35,frq,2,/home/max/testgen-suite/ocr-frq/mb-exams/source-pdfs/student-booklets/pc_19_jun_sb2.pdf,[15],1,1.0,1 mark,no-calculator,,T4,marking-guide-heading,/home/max/testgen-suite/ocr-frq/mb-exams/source-pdfs/marking-guides/pc_19_jun_mg.pdf,[88],[],"Question 35 1 mark 127 Given the graph of 5sin 2 3, 4 y x  π    = − +         determine the exact value of the x-coordinate in the point P. ( ) Q , 2 π ( ) P , 8 x − x y"
2019,jun,June 2019,36,frq,2,/home/max/testgen-suite/ocr-frq/mb-exams/source-pdfs/student-booklets/pc_19_jun_sb2.pdf,[16],1,2.0,2 marks,no-calculator,,T6,marking-guide-heading,/home/max/testgen-suite/ocr-frq/mb-exams/source-pdfs/marking-guides/pc_19_jun_mg.pdf,[90],[],Question 36 2 marks 128 Verify that the following equation is true for 5 . 6 x π = cos 1 sin 1 sin cos x x x x + = − Left-Hand Side Right-Hand Side
2019,jun,June 2019,37,frq,2,/home/max/testgen-suite/ocr-frq/mb-exams/source-pdfs/student-booklets/pc_19_jun_sb2.pdf,[17],1,2.0,2 marks,no-calculator,,R11,marking-guide-heading,/home/max/testgen-suite/ocr-frq/mb-exams/source-pdfs/marking-guides/pc_19_jun_mg.pdf,[94],[],"Question 37 2 marks 129 Given that ( ) 1 x + is one of the factors of ( ) 3 2 8, P x x x kx = − + − determine the value of k."
2019,jun,June 2019,38,frq,2,/home/max/testgen-suite/ocr-frq/mb-exams/source-pdfs/student-booklets/pc_19_jun_sb2.pdf,[18],1,1.0,1 mark,no-calculator,,R13,marking-guide-heading,/home/max/testgen-suite/ocr-frq/mb-exams/source-pdfs/marking-guides/pc_19_jun_mg.pdf,[96],[],"Question 38 1 mark 130 Given the function ( ) , f x x = describe how to use transformations to determine the domain of the function ( ) ( ) 2 1. g x f x = + +"
2019,jun,June 2019,39,frq,2,/home/max/testgen-suite/ocr-frq/mb-exams/source-pdfs/student-booklets/pc_19_jun_sb2.pdf,[19],1,1.0,1 mark,no-calculator,,R1,marking-guide-heading,/home/max/testgen-suite/ocr-frq/mb-exams/source-pdfs/marking-guides/pc_19_jun_mg.pdf,[98],[],"Question 39 1 mark 131 Given the graph of ( ), y f x = state the equation of the vertical asymptote of ( ) 1 . y f x = ( ) f x y x 1 1"
2019,jun,June 2019,40,frq,2,/home/max/testgen-suite/ocr-frq/mb-exams/source-pdfs/student-booklets/pc_19_jun_sb2.pdf,[20],1,2.0,2 marks,no-calculator,,R10,marking-guide-heading,/home/max/testgen-suite/ocr-frq/mb-exams/source-pdfs/marking-guides/pc_19_jun_mg.pdf,[100],[],"Question 40 2 marks 132 Solve, algebraically. 2 1 16 64 x x− ="
2019,jun,June 2019,41,frq,2,/home/max/testgen-suite/ocr-frq/mb-exams/source-pdfs/student-booklets/pc_19_jun_sb2.pdf,[21],1,2.0,2 marks,no-calculator,,R11,marking-guide-heading,/home/max/testgen-suite/ocr-frq/mb-exams/source-pdfs/marking-guides/pc_19_jun_mg.pdf,[104],[],"Question 41 2 marks 133 Given one of the factors of ( ) 3 2 2 5 6 P x x x x = + − − is ( ) 3 , x + express ( ) P x in completely factored form. ( ) ______________________________ P x ="
2019,jun,June 2019,42,frq,2,/home/max/testgen-suite/ocr-frq/mb-exams/source-pdfs/student-booklets/pc_19_jun_sb2.pdf,[22],1,3.0,3 marks,no-calculator,,R12,marking-guide-heading,/home/max/testgen-suite/ocr-frq/mb-exams/source-pdfs/marking-guides/pc_19_jun_mg.pdf,[106],[],Question 42 3 marks 134 Sketch the graph of ( ) ( ) ( ) 2 2 3 1 2 . p x x x = + − y x
2019,jun,June 2019,43,frq,2,/home/max/testgen-suite/ocr-frq/mb-exams/source-pdfs/student-booklets/pc_19_jun_sb2.pdf,[23],1,2.0,2 marks,no-calculator,,R1,marking-guide-heading,/home/max/testgen-suite/ocr-frq/mb-exams/source-pdfs/marking-guides/pc_19_jun_mg.pdf,[108],[],"Question 43 2 marks 135 Given that ( ) 2 4 f x x = − and ( ) , g x x = determine ( ) ( ) f g x and state its domain. ( ) ( ) ___________________________ f g x ="
2019,jun,June 2019,44,frq,2,/home/max/testgen-suite/ocr-frq/mb-exams/source-pdfs/student-booklets/pc_19_jun_sb2.pdf,[24],1,3.0,3 marks,no-calculator,,R13,marking-guide-heading,/home/max/testgen-suite/ocr-frq/mb-exams/source-pdfs/marking-guides/pc_19_jun_mg.pdf,[110],[],Question 44 3 marks 136 Determine a possible equation of the function ( ). f x ( ) ________________________________ f x = y x 1 1 ( ) f x
2019,jun,June 2019,45,frq,2,/home/max/testgen-suite/ocr-frq/mb-exams/source-pdfs/student-booklets/pc_19_jun_sb2.pdf,[25],1,1.0,1 mark,no-calculator,,R9,marking-guide-heading,/home/max/testgen-suite/ocr-frq/mb-exams/source-pdfs/marking-guides/pc_19_jun_mg.pdf,[112],[],Question 45 1 mark 137 Explain why the graph of 2 log y x = does not have a y-intercept.
2019,jun,June 2019,46,frq,2,/home/max/testgen-suite/ocr-frq/mb-exams/source-pdfs/student-booklets/pc_19_jun_sb2.pdf,[26],1,3.0,3 marks,no-calculator,,T3,marking-guide-heading,/home/max/testgen-suite/ocr-frq/mb-exams/source-pdfs/marking-guides/pc_19_jun_mg.pdf,[114],[],Question 46 3 marks 138 Evaluate. 2 17 sin cos sec 3 6 6 π π π       − +            
2019,jun,June 2019,47,frq,2,/home/max/testgen-suite/ocr-frq/mb-exams/source-pdfs/student-booklets/pc_19_jun_sb2.pdf,[27],1,1.0,1 mark,no-calculator,,R14,marking-guide-heading,/home/max/testgen-suite/ocr-frq/mb-exams/source-pdfs/marking-guides/pc_19_jun_mg.pdf,[118],[],Question 47 1 mark 139 Determine the coordinates of the point of discontinuity (hole) on the graph of 2 3 . x x y x − =
2019,jun,June 2019,48,frq,2,/home/max/testgen-suite/ocr-frq/mb-exams/source-pdfs/student-booklets/pc_19_jun_sb2.pdf,[28],1,2.0,2 marks,no-calculator,,R1,marking-guide-heading,/home/max/testgen-suite/ocr-frq/mb-exams/source-pdfs/marking-guides/pc_19_jun_mg.pdf,[120],[],"Question 48 2 marks 140 Given the graphs of ( ) f x and ( ), g x sketch the graph of ( ) ( ) ( ). h x f x g x = + y x 1 1 y x 1 1 ( ) g x ( ) f x"
2019,jun,June 2019,49,frq,2,/home/max/testgen-suite/ocr-frq/mb-exams/source-pdfs/student-booklets/pc_19_jun_sb2.pdf,[29],1,2.0,2 marks,no-calculator,,T2,marking-guide-heading,/home/max/testgen-suite/ocr-frq/mb-exams/source-pdfs/marking-guides/pc_19_jun_mg.pdf,[124],[],"Question 49 2 marks 141 Given that 4 csc 7 θ = − and cos 0, θ > determine the exact value of tan . θ"
2020,jan,January 2020,1,frq,1,/home/max/testgen-suite/ocr-frq/mb-exams/source-pdfs/student-booklets/pc_20_jan_sb1.pdf,[9],1,3.0,3 marks,calculator-active,,P4,marking-guide-heading,/home/max/testgen-suite/ocr-frq/mb-exams/source-pdfs/marking-guides/pc_20_jan_mg.pdf,[10],[],Question 1 3 marks 101 Determine and simplify the 8th term in the binomial expansion of 10 3 2 . x x   −    
2020,jan,January 2020,2,frq,1,/home/max/testgen-suite/ocr-frq/mb-exams/source-pdfs/student-booklets/pc_20_jan_sb1.pdf,[10],1,2.0,2 marks,calculator-active,,R10,marking-guide-heading,/home/max/testgen-suite/ocr-frq/mb-exams/source-pdfs/marking-guides/pc_20_jan_mg.pdf,[12],[],"Question 2 2 marks 102 The temperature of hot chocolate is recorded as it cools down. The data shows that the temperature cools according to the equation: ( ) 82 0.87 16 t T = + where T is the temperature of the hot chocolate, in degrees Celsius after t minutes and t is the time, in minutes, after t"
2020,jan,January 2020,3,frq,1,/home/max/testgen-suite/ocr-frq/mb-exams/source-pdfs/student-booklets/pc_20_jan_sb1.pdf,[11],1,3.0,3 marks,calculator-active,,T5,marking-guide-heading,/home/max/testgen-suite/ocr-frq/mb-exams/source-pdfs/marking-guides/pc_20_jan_mg.pdf,[14],[],"Question 3 3 marks 103 Solve for , θ algebraically, over the interval [ ]. 0,2π 2 3sin 6sin 2 0 θ θ + + ="
2020,jan,January 2020,4,frq,1,/home/max/testgen-suite/ocr-frq/mb-exams/source-pdfs/student-booklets/pc_20_jan_sb1.pdf,[12],1,3.0,3 marks,calculator-active,,P3,marking-guide-heading,/home/max/testgen-suite/ocr-frq/mb-exams/source-pdfs/marking-guides/pc_20_jan_mg.pdf,[16],[],Question 4 3 marks 104 A committee of 4 people is to be selected from 6 high school students and 5 middle years students. Determine the number of possible committees if the committee must have at least 3 high school students. Note: A calculator is not required for the remaining test questions.
2020,jan,January 2020,5,frq,1,/home/max/testgen-suite/ocr-frq/mb-exams/source-pdfs/student-booklets/pc_20_jan_sb1.pdf,[13],1,2.0,2 marks,no-calculator,,"R1, R5",marking-guide-heading,/home/max/testgen-suite/ocr-frq/mb-exams/source-pdfs/marking-guides/pc_20_jan_mg.pdf,[18],[],"Question 5 2 marks 105 Given the graph of ( ), y f x = sketch the graph of ( ) . y f x = − The graph of has already been drawn for your reference. No marks will be awarded for the graph of y x 1 1 y x 1 1 ( ) f x ( ) f x"
2020,jan,January 2020,6,frq,1,/home/max/testgen-suite/ocr-frq/mb-exams/source-pdfs/student-booklets/pc_20_jan_sb1.pdf,[14],1,3.0,3 marks,no-calculator,,"R2, R3",marking-guide-heading,/home/max/testgen-suite/ocr-frq/mb-exams/source-pdfs/marking-guides/pc_20_jan_mg.pdf,[20],[],Question 6 3 marks 106 Describe the transformations used to obtain the graph of the function 4 3 2 x y f   = −     from the graph of ( ). y f x =
2020,jan,January 2020,7,frq,1,/home/max/testgen-suite/ocr-frq/mb-exams/source-pdfs/student-booklets/pc_20_jan_sb1.pdf,[15],1,2.0,2 marks,no-calculator,,R8,marking-guide-heading,/home/max/testgen-suite/ocr-frq/mb-exams/source-pdfs/marking-guides/pc_20_jan_mg.pdf,[22],[],"Question 7 2 marks 107 If log4 m = and log3 ,n = express log48 in terms of m and n."
2020,jan,January 2020,8,frq,1,/home/max/testgen-suite/ocr-frq/mb-exams/source-pdfs/student-booklets/pc_20_jan_sb1.pdf,[16],1,2.0,2 marks,no-calculator,,R13,marking-guide-heading,/home/max/testgen-suite/ocr-frq/mb-exams/source-pdfs/marking-guides/pc_20_jan_mg.pdf,[24],[],"Question 8 2 marks 108 State the domain and range of the radical function, ( ) 3 8 1. f x x = − − + Domain:_____________________________ Range: ______________________________"
2020,jan,January 2020,9,frq,1,/home/max/testgen-suite/ocr-frq/mb-exams/source-pdfs/student-booklets/pc_20_jan_sb1.pdf,[17],1,1.0,1 mark,no-calculator,,T4,marking-guide-heading,/home/max/testgen-suite/ocr-frq/mb-exams/source-pdfs/marking-guides/pc_20_jan_mg.pdf,[26],[],Question 9 1 mark 109 Explain why the graph of tan y x = does not have an amplitude.
2020,jan,January 2020,10,frq,1,/home/max/testgen-suite/ocr-frq/mb-exams/source-pdfs/student-booklets/pc_20_jan_sb1.pdf,[18],1,3.0,3 marks,no-calculator,,T6,marking-guide-heading,/home/max/testgen-suite/ocr-frq/mb-exams/source-pdfs/marking-guides/pc_20_jan_mg.pdf,"[28, 29]",[],Question 10 3 marks 110 Prove the following identity for all permissible values of . θ 2 2 sec sin sec csc 1 tan sin θ θ θ θ θ θ − = − Left-Hand Side Right-Hand Side
2020,jan,January 2020,11,frq,1,/home/max/testgen-suite/ocr-frq/mb-exams/source-pdfs/student-booklets/pc_20_jan_sb1.pdf,[19],1,2.0,2 marks,no-calculator,,R11,marking-guide-heading,/home/max/testgen-suite/ocr-frq/mb-exams/source-pdfs/marking-guides/pc_20_jan_mg.pdf,[34],[],"Question 11 2 marks 111 Given that 3 x = is one of the zeros of ( ) 3 7 6, p x x x = − − express ( ) p x in completely factored form. ( ) p x ="
2020,jan,January 2020,12,frq,1,/home/max/testgen-suite/ocr-frq/mb-exams/source-pdfs/student-booklets/pc_20_jan_sb1.pdf,[20],1,3.0,3 marks,no-calculator,,P2,marking-guide-heading,/home/max/testgen-suite/ocr-frq/mb-exams/source-pdfs/marking-guides/pc_20_jan_mg.pdf,[36],[],"Question 12 3 marks 112 Solve, algebraically. 1 2 6 n P + ="
2020,jan,January 2020,13,frq,1,/home/max/testgen-suite/ocr-frq/mb-exams/source-pdfs/student-booklets/pc_20_jan_sb1.pdf,[21],1,2.0,2 marks,no-calculator,,R8,marking-guide-heading,/home/max/testgen-suite/ocr-frq/mb-exams/source-pdfs/marking-guides/pc_20_jan_mg.pdf,[40],[],Question 13 2 marks 113 Express ( ) log 3 1 log log9 x x − − + as a single logarithm.
2020,jan,January 2020,14,frq,1,/home/max/testgen-suite/ocr-frq/mb-exams/source-pdfs/student-booklets/pc_20_jan_sb1.pdf,[22],1,3.0,3 marks,no-calculator,,R12,marking-guide-heading,/home/max/testgen-suite/ocr-frq/mb-exams/source-pdfs/marking-guides/pc_20_jan_mg.pdf,[42],[],Question 14 3 marks 114 Sketch the graph of ( ) ( ) ( ) 2 2 3 . P x x x = − − + y x
2020,jan,January 2020,15,mcq,2,/home/max/testgen-suite/ocr-frq/mb-exams/source-pdfs/student-booklets/pc_20_jan_sb2.pdf,[5],1,1.0,1 mark,no-calculator,B,R1,answer-key,/home/max/testgen-suite/ocr-frq/mb-exams/source-pdfs/marking-guides/pc_20_jan_mg.pdf,[47],[],"Question 15 1 mark Given ( ) 2 5 f x x = − − and ( ) 7, g x x = + identify the equation of ( ) ( ) ( ). h x f g x = a) ( ) 2 2 35 h x x = − − b) ( ) 2 19 h x x = − − c) ( ) 2 2 19 35 h x x x = − − − d) ( ) 2 2 h x x = − + "
2020,jan,January 2020,16,mcq,2,/home/max/testgen-suite/ocr-frq/mb-exams/source-pdfs/student-booklets/pc_20_jan_sb2.pdf,[5],1,1.0,1 mark,no-calculator,D,R6,answer-key,/home/max/testgen-suite/ocr-frq/mb-exams/source-pdfs/marking-guides/pc_20_jan_mg.pdf,[47],[],"Question 16 1 mark The function ( ) y f x = has a domain of [ ] 2,5 and a range of [ ]. 6,3 − Identify the range of the function ( ) 1 . y f x − = a) [ ] 6,3 − b) [ ] 5,2 − c) [ ] 3,6 − d) [ ] 2,5 "
2020,jan,January 2020,17,mcq,2,/home/max/testgen-suite/ocr-frq/mb-exams/source-pdfs/student-booklets/pc_20_jan_sb2.pdf,[5],1,1.0,1 mark,no-calculator,A,R14,answer-key,/home/max/testgen-suite/ocr-frq/mb-exams/source-pdfs/marking-guides/pc_20_jan_mg.pdf,[47],[],Question 17 1 mark Identify the function that has a graph with a point of discontinuity (hole) at 3. x = − a) 2 3 9 x y x + = − b) 2 3 9 x y x − = − c) 2 9 3 x y x − = − d) 2 9 3 x y x + = +
2020,jan,January 2020,18,mcq,2,/home/max/testgen-suite/ocr-frq/mb-exams/source-pdfs/student-booklets/pc_20_jan_sb2.pdf,[6],1,1.0,1 mark,no-calculator,C,R7,answer-key,/home/max/testgen-suite/ocr-frq/mb-exams/source-pdfs/marking-guides/pc_20_jan_mg.pdf,[48],[],Question 18 1 mark Identify the value of ln .e a) 0 b) loge c) 1 d) e 
2020,jan,January 2020,19,mcq,2,/home/max/testgen-suite/ocr-frq/mb-exams/source-pdfs/student-booklets/pc_20_jan_sb2.pdf,[6],1,1.0,1 mark,no-calculator,A,R11,answer-key,/home/max/testgen-suite/ocr-frq/mb-exams/source-pdfs/marking-guides/pc_20_jan_mg.pdf,[48],[],"Question 19 1 mark When the polynomial function, ( ), p x is divided by ( ) 4 x − the remainder is 17. Identify which statement is true. a) ( ) 4 17 p = b) ( ) 4 17 p − = c) ( ) 4 0 p = d) ( ) 4 0 p − = "
2020,jan,January 2020,20,mcq,2,/home/max/testgen-suite/ocr-frq/mb-exams/source-pdfs/student-booklets/pc_20_jan_sb2.pdf,[6],1,1.0,1 mark,no-calculator,B,P2,answer-key,/home/max/testgen-suite/ocr-frq/mb-exams/source-pdfs/marking-guides/pc_20_jan_mg.pdf,[48],[],Question 20 1 mark Identify the expression equivalent to ( ) ( ) 6 !. 4 ! n n − − a) ( )( ) 4 5 n n − − b) ( )( ) 1 4 5 n n − − c) ( )( ) 6 5 n n − − d) ( )( ) 1 6 5 n n − −
2020,jan,January 2020,21,mcq,2,/home/max/testgen-suite/ocr-frq/mb-exams/source-pdfs/student-booklets/pc_20_jan_sb2.pdf,[7],1,1.0,1 mark,no-calculator,B,T3,answer-key,/home/max/testgen-suite/ocr-frq/mb-exams/source-pdfs/marking-guides/pc_20_jan_mg.pdf,[49],[],Question 21 1 mark Identify the quadrant in which θ terminates if 4 sec 3 θ = − and sin 0. θ > a) I b) II c) III d) IV 
2020,jan,January 2020,22,mcq,2,/home/max/testgen-suite/ocr-frq/mb-exams/source-pdfs/student-booklets/pc_20_jan_sb2.pdf,[7],1,1.0,1 mark,no-calculator,C,T1,answer-key,/home/max/testgen-suite/ocr-frq/mb-exams/source-pdfs/marking-guides/pc_20_jan_mg.pdf,[49],[],"Question 22 1 mark Identify the expression that represents all angles that are coterminal with π . 3 a) π π , 3 k k + ∈ b) π π , 3 k k + ∈ c) π 2π , 3 k k + ∈ d) π 2π , 3 k k + ∈"
2020,jan,January 2020,23,frq,2,/home/max/testgen-suite/ocr-frq/mb-exams/source-pdfs/student-booklets/pc_20_jan_sb2.pdf,[8],1,1.0,1 mark,no-calculator,,R13,marking-guide-heading,/home/max/testgen-suite/ocr-frq/mb-exams/source-pdfs/marking-guides/pc_20_jan_mg.pdf,[50],[],"Question 23 1 mark 115 Given ( ) 1 3, 2 f x x = − state the coordinates of an invariant (unchanged) point when sketching the graph of ( ). y f x ="
2020,jan,January 2020,24,frq,2,/home/max/testgen-suite/ocr-frq/mb-exams/source-pdfs/student-booklets/pc_20_jan_sb2.pdf,[9],1,2.0,2 marks,no-calculator,,R10,marking-guide-heading,/home/max/testgen-suite/ocr-frq/mb-exams/source-pdfs/marking-guides/pc_20_jan_mg.pdf,[54],[],"Question 24 2 marks 116 Solve, algebraically. 3 4 1 125 5 x x+   =    "
2020,jan,January 2020,25,frq,2,/home/max/testgen-suite/ocr-frq/mb-exams/source-pdfs/student-booklets/pc_20_jan_sb2.pdf,[10],1,2.0,2 marks,no-calculator,,T6,marking-guide-heading,/home/max/testgen-suite/ocr-frq/mb-exams/source-pdfs/marking-guides/pc_20_jan_mg.pdf,[58],[],"Question 25 2 marks 117 Given 2 sin 2 θ = − and 2 cos , 2 θ = − justify that the value of ( ) tan 2θ is undefined."
2020,jan,January 2020,26,frq,2,/home/max/testgen-suite/ocr-frq/mb-exams/source-pdfs/student-booklets/pc_20_jan_sb2.pdf,[11],1,3.0,3 marks,no-calculator,,R9,marking-guide-heading,/home/max/testgen-suite/ocr-frq/mb-exams/source-pdfs/marking-guides/pc_20_jan_mg.pdf,[62],[],Question 26 3 marks 118 Sketch the graph of 3 2log . y x = − y x
2020,jan,January 2020,27,frq,2,/home/max/testgen-suite/ocr-frq/mb-exams/source-pdfs/student-booklets/pc_20_jan_sb2.pdf,[12],1,2.0,2 marks,no-calculator,,T3,marking-guide-heading,/home/max/testgen-suite/ocr-frq/mb-exams/source-pdfs/marking-guides/pc_20_jan_mg.pdf,[66],[],Question 27 2 marks 119 Evaluate. π cos π sin 6     −         
2020,jan,January 2020,28,frq,2,/home/max/testgen-suite/ocr-frq/mb-exams/source-pdfs/student-booklets/pc_20_jan_sb2.pdf,[13],1,2.0,a) 1 mark; b) 1 mark,no-calculator,,R1,marking-guide-heading,/home/max/testgen-suite/ocr-frq/mb-exams/source-pdfs/marking-guides/pc_20_jan_mg.pdf,[70],[],"Question 28 a) 1 mark b) 1 mark 120 121 a) Given ( ) 2, f x x = −+ sketch the graph of ( ) ( ) ( ). h x f f x = b) Explain why the domain of ( ) ( ) ( ) h x f f x = does not have any restrictions. y x 1 1"
2020,jan,January 2020,29,frq,2,/home/max/testgen-suite/ocr-frq/mb-exams/source-pdfs/student-booklets/pc_20_jan_sb2.pdf,[14],1,4.0,a) 3 marks; b) 1 mark,no-calculator,,R14,marking-guide-heading,/home/max/testgen-suite/ocr-frq/mb-exams/source-pdfs/marking-guides/pc_20_jan_mg.pdf,[74],[],Question 29 a) 3 marks b) 1 mark 122 123 a) Sketch the graph of ( ) 3 5 . 2 4 x f x x − = + b) State the range of ( ). f x Range: y x 1 1
2020,jan,January 2020,30,frq,2,/home/max/testgen-suite/ocr-frq/mb-exams/source-pdfs/student-booklets/pc_20_jan_sb2.pdf,[15],1,2.0,2 marks,no-calculator,,R12,marking-guide-heading,/home/max/testgen-suite/ocr-frq/mb-exams/source-pdfs/marking-guides/pc_20_jan_mg.pdf,[78],[],"Question 30 2 marks 124 Determine, algebraically, the equation of ( ) p x that satisfies all of the following conditions:  ( ) p x is a polynomial function of degree 4  ( ) p x has a zero at 3 with a multiplicity of 2  ( ) p x has zeroes at 1 − and 2 −  ( ) p x passes through the point ( ) 2,24 "
2020,jan,January 2020,31,frq,2,/home/max/testgen-suite/ocr-frq/mb-exams/source-pdfs/student-booklets/pc_20_jan_sb2.pdf,[16],1,3.0,3 marks,no-calculator,,T5,marking-guide-heading,/home/max/testgen-suite/ocr-frq/mb-exams/source-pdfs/marking-guides/pc_20_jan_mg.pdf,[80],[],"Question 31 3 marks 125 Verify, by substitution, that the equation cos cot 1 sin cot θ θ θ θ + = + is true for 2π . 3 θ = Left-Hand Side Right-Hand Side"
2020,jan,January 2020,32,frq,2,/home/max/testgen-suite/ocr-frq/mb-exams/source-pdfs/student-booklets/pc_20_jan_sb2.pdf,[17],1,1.0,1 mark,no-calculator,,R14,marking-guide-heading,/home/max/testgen-suite/ocr-frq/mb-exams/source-pdfs/marking-guides/pc_20_jan_mg.pdf,[84],[],Question 32 1 mark 126 Jyugo was asked to state the equation of the vertical asymptote(s) on the graph of ( ) 2 3 15 . 5 x f x x x − = − His solution: Explain why his solution is incorrect.
2020,jan,January 2020,33,frq,2,/home/max/testgen-suite/ocr-frq/mb-exams/source-pdfs/student-booklets/pc_20_jan_sb2.pdf,[18],1,3.0,3 marks,no-calculator,,T4,marking-guide-heading,/home/max/testgen-suite/ocr-frq/mb-exams/source-pdfs/marking-guides/pc_20_jan_mg.pdf,[86],[],"Question 33 3 marks 127 Sketch the graph of 1 sin 1 2 y x   = −     over the interval [ ]. 2π,2π − y x"
2020,jan,January 2020,34,frq,2,/home/max/testgen-suite/ocr-frq/mb-exams/source-pdfs/student-booklets/pc_20_jan_sb2.pdf,[19],1,4.0,4 marks,no-calculator,,R13,marking-guide-heading,/home/max/testgen-suite/ocr-frq/mb-exams/source-pdfs/marking-guides/pc_20_jan_mg.pdf,[90],[],Question 34 4 marks 128 Sketch the graph of 2 6. y x = − + y x 1 1
2020,jan,January 2020,35,frq,2,/home/max/testgen-suite/ocr-frq/mb-exams/source-pdfs/student-booklets/pc_20_jan_sb2.pdf,[20],1,2.0,2 marks,no-calculator,,T1,marking-guide-heading,/home/max/testgen-suite/ocr-frq/mb-exams/source-pdfs/marking-guides/pc_20_jan_mg.pdf,[94],[],"Question 35 2 marks 129 Determine the measure of angle R, in radians. "
2020,jan,January 2020,36,frq,2,/home/max/testgen-suite/ocr-frq/mb-exams/source-pdfs/student-booklets/pc_20_jan_sb2.pdf,[20],1,1.0,1 mark,no-calculator,,R5,marking-guide-heading,/home/max/testgen-suite/ocr-frq/mb-exams/source-pdfs/marking-guides/pc_20_jan_mg.pdf,[96],[],"Question 36 1 mark 130 Given ( ) 4, f x x = − state the equation of the resulting function, ( ), g x after a reflection over the x-axis. ( ) g x = 110° 9 π R Q P"
2020,jan,January 2020,37,frq,2,/home/max/testgen-suite/ocr-frq/mb-exams/source-pdfs/student-booklets/pc_20_jan_sb2.pdf,[21],1,4.0,a) 1 mark; b) 3 marks,no-calculator,,"T1, T6",marking-guide-heading,/home/max/testgen-suite/ocr-frq/mb-exams/source-pdfs/marking-guides/pc_20_jan_mg.pdf,[98],[],"Question 37 a) 1 mark b) 3 marks 131 132 a) Determine the coterminal angle of 29π 12 over the interval [ ]. 0,2π b) Determine the exact value of 29π sin . 12      "
2020,jan,January 2020,38,frq,2,/home/max/testgen-suite/ocr-frq/mb-exams/source-pdfs/student-booklets/pc_20_jan_sb2.pdf,[22],1,2.0,2 marks,no-calculator,,R1,marking-guide-heading,/home/max/testgen-suite/ocr-frq/mb-exams/source-pdfs/marking-guides/pc_20_jan_mg.pdf,[102],[],"Question 38 2 marks 133 Given the graphs of ( ) f x and ( ), g x sketch the graph of ( ) ( ) ( ). h x f x g x = − y x 1 1 y x 1 1 ( ) f x y x 1 1 ( ) g x"
2020,jan,January 2020,39,frq,2,/home/max/testgen-suite/ocr-frq/mb-exams/source-pdfs/student-booklets/pc_20_jan_sb2.pdf,[23],1,3.0,3 marks,no-calculator,,T4,marking-guide-heading,/home/max/testgen-suite/ocr-frq/mb-exams/source-pdfs/marking-guides/pc_20_jan_mg.pdf,[106],[],Question 39 3 marks 134 Determine an equation of a sinusoidal function that has the following characteristics: • an amplitude of 3 • a period of 6 • a minimum value of 5 −
2020,jan,January 2020,40,frq,2,/home/max/testgen-suite/ocr-frq/mb-exams/source-pdfs/student-booklets/pc_20_jan_sb2.pdf,[24],1,1.0,1 mark,no-calculator,,R5,marking-guide-heading,/home/max/testgen-suite/ocr-frq/mb-exams/source-pdfs/marking-guides/pc_20_jan_mg.pdf,[108],[],"Question 40 1 mark 135 Given the graph of ( ), y f x = sketch the graph after a reflection over the line . y x = The graph of has already been drawn for your reference. No marks will be awarded for the graph of y x 1 1 y x 1 1 ( ) f x ( ) f x"
2020,jan,January 2020,41,frq,2,/home/max/testgen-suite/ocr-frq/mb-exams/source-pdfs/student-booklets/pc_20_jan_sb2.pdf,[25],1,2.0,a) 1 mark; b) 1 mark,no-calculator,,R11,marking-guide-heading,/home/max/testgen-suite/ocr-frq/mb-exams/source-pdfs/marking-guides/pc_20_jan_mg.pdf,[112],[],Question 41 a) 1 mark b) 1 mark 136 137 a) Determine the remainder when 3 2 3 5 13 3 x x x + − − is divided by ( ) 3 . x + b) Is ( ) 3 x + a factor of 3 2 3 5 13 3? x x x + − − Explain your reasoning.
2020,jan,January 2020,42,frq,2,/home/max/testgen-suite/ocr-frq/mb-exams/source-pdfs/student-booklets/pc_20_jan_sb2.pdf,[26],1,3.0,3 marks,no-calculator,,R9,marking-guide-heading,/home/max/testgen-suite/ocr-frq/mb-exams/source-pdfs/marking-guides/pc_20_jan_mg.pdf,[114],[],"Question 42 3 marks 138 State the range, the y-intercept, and the equation of the asymptote of the exponential function, ( ) 1 3 2. x f x − = + Range:______________________________ -intercept:__________________________ Equation of the asymptote:______________ y "
2020,jan,January 2020,43,frq,2,/home/max/testgen-suite/ocr-frq/mb-exams/source-pdfs/student-booklets/pc_20_jan_sb2.pdf,[26],1,1.0,1 mark,no-calculator,,T5,marking-guide-heading,/home/max/testgen-suite/ocr-frq/mb-exams/source-pdfs/marking-guides/pc_20_jan_mg.pdf,[116],[],"Question 43 1 mark 139 The graph of ( ) 2cos 3 1 y x = − below can be used to solve the equation ( ) 0 2cos 3 1 x = − over the interval [ ]. 0,2π Indicate on the graph where to find at least one solution to the equation ( ) 0 2cos 3 1. x = − y x"
2024,jan,January 2024,1,frq,1,/home/max/testgen-suite/ocr-frq/mb-exams/source-pdfs/student-booklets/pc_24_jan_sb1.pdf,[9],1,2.0,2 marks,calculator-active,,T1,marking-guide-heading,/home/max/testgen-suite/ocr-frq/mb-exams/source-pdfs/marking-guides/pc_24_jan_mg.pdf,[10],[],Question 1 2 marks 101  A pendulum that is 35cm long swings through an angle of 50 . through which the pendulum swings. Determine the length of the arc 35 cm 50 Pre-Calculus Mathematics: Booklet 1 (January 2024) 1
2024,jan,January 2024,2,frq,1,/home/max/testgen-suite/ocr-frq/mb-exams/source-pdfs/student-booklets/pc_24_jan_sb1.pdf,[10],1,4.0,4 marks,calculator-active,,T5,marking-guide-heading,/home/max/testgen-suite/ocr-frq/mb-exams/source-pdfs/marking-guides/pc_24_jan_mg.pdf,[12],[],"Question 2 4 marks 102 ≤ ≤π Solve algebraically, where 0 θ 2 . 2 2 2cos θ = sin θ −2cosθ Pre-Calculus Mathematics: Booklet 1 (January 2024) 2"
2024,jan,January 2024,3,frq,1,/home/max/testgen-suite/ocr-frq/mb-exams/source-pdfs/student-booklets/pc_24_jan_sb1.pdf,[11],1,2.0,2 marks,calculator-active,,P2,marking-guide-heading,/home/max/testgen-suite/ocr-frq/mb-exams/source-pdfs/marking-guides/pc_24_jan_mg.pdf,[16],[],Question 3 2 marks 103 Determine the number of arrangements of the letters in the word ATTENTION which begin with the letter A. Pre-Calculus Mathematics: Booklet 1 (January 2024) 3
2024,jan,January 2024,4,frq,1,/home/max/testgen-suite/ocr-frq/mb-exams/source-pdfs/student-booklets/pc_24_jan_sb1.pdf,[12],1,3.0,3 marks,calculator-active,,R10,marking-guide-heading,/home/max/testgen-suite/ocr-frq/mb-exams/source-pdfs/marking-guides/pc_24_jan_mg.pdf,[18],[],"Question 4 3 marks 104 Solve for x, algebraically. 2 1 + x e x = 5 Pre-Calculus Mathematics: Booklet 1 (January 2024) 4"
2024,jan,January 2024,5,frq,1,/home/max/testgen-suite/ocr-frq/mb-exams/source-pdfs/student-booklets/pc_24_jan_sb1.pdf,[13],1,2.0,2 marks,calculator-active,,P3,marking-guide-heading,/home/max/testgen-suite/ocr-frq/mb-exams/source-pdfs/marking-guides/pc_24_jan_mg.pdf,[22],[],"Question 5 2 marks 105 There are 10 teachers and 17 students who would like to attend a field trip. Determine the number of ways that 3 teachers and 9 students can be selected given that Mr. Jones and Mrs. Carol, two of the teachers, must be selected to attend the field trip. Note: A calculator is n"
2024,jan,January 2024,6,frq,1,/home/max/testgen-suite/ocr-frq/mb-exams/source-pdfs/student-booklets/pc_24_jan_sb1.pdf,[14],1,2.0,2 marks,no-calculator,,"R4, R5",marking-guide-heading,/home/max/testgen-suite/ocr-frq/mb-exams/source-pdfs/marking-guides/pc_24_jan_mg.pdf,[24],[],"Question 6 2 marks 106 Given the graph of f x ( ), sketch the graph of y = − (2 .) f x y The graph of has already been drawn for your reference. No marks will be awarded for the graph of ( ) f x ( ) f x Pre-Calculus Mathematics: Booklet 1 (January 2024) 6"
2024,jan,January 2024,7,frq,1,/home/max/testgen-suite/ocr-frq/mb-exams/source-pdfs/student-booklets/pc_24_jan_sb1.pdf,[15],1,1.0,1 mark,no-calculator,,P1,marking-guide-heading,/home/max/testgen-suite/ocr-frq/mb-exams/source-pdfs/marking-guides/pc_24_jan_mg.pdf,[28],[],"Question 7 1 mark 107 There are 5 roads between Anneville and Berrybourg, and 2 roads between Berrybourg and Carriton. Determine how many ways Blake can travel from Anneville to Carriton and back to Anneville, given the following conditions: • he must travel through Berrybourg in both directions • h"
2024,jan,January 2024,8,frq,1,/home/max/testgen-suite/ocr-frq/mb-exams/source-pdfs/student-booklets/pc_24_jan_sb1.pdf,[16],1,2.0,2 marks,no-calculator,,P4,marking-guide-heading,/home/max/testgen-suite/ocr-frq/mb-exams/source-pdfs/marking-guides/pc_24_jan_mg.pdf,[30],[],Question 8 2 marks 108 6 0  2 1  Determine which term contains x in the binomial expansion of x + .    x  Pre-Calculus Mathematics: Booklet 1 (January 2024) 8
2024,jan,January 2024,9,frq,1,/home/max/testgen-suite/ocr-frq/mb-exams/source-pdfs/student-booklets/pc_24_jan_sb1.pdf,[17],1,2.0,2 marks,no-calculator,,R6,marking-guide-heading,/home/max/testgen-suite/ocr-frq/mb-exams/source-pdfs/marking-guides/pc_24_jan_mg.pdf,[32],[],"Question 9 2 marks 109 3 −1 Given f x( ) = x +1, determine the equation of f ( x). Pre-Calculus Mathematics: Booklet 1 (January 2024) 9"
2024,jan,January 2024,10,frq,1,/home/max/testgen-suite/ocr-frq/mb-exams/source-pdfs/student-booklets/pc_24_jan_sb1.pdf,[18],1,1.0,1 mark,no-calculator,,P2,marking-guide-heading,/home/max/testgen-suite/ocr-frq/mb-exams/source-pdfs/marking-guides/pc_24_jan_mg.pdf,[34],[],"Question 10 1 mark 110 Guillermo was asked to determine the number of ways to select a president, a vice president, and a treasurer from a group of 11 people. His solution: C3. 11 Explain why he should have used a permutation instead of a combination. Pre-Calculus Mathematics: Booklet 1 (January 202"
2024,jan,January 2024,11,frq,1,/home/max/testgen-suite/ocr-frq/mb-exams/source-pdfs/student-booklets/pc_24_jan_sb1.pdf,[19],1,3.0,3 marks,no-calculator,,T6,marking-guide-heading,/home/max/testgen-suite/ocr-frq/mb-exams/source-pdfs/marking-guides/pc_24_jan_mg.pdf,[36],[],Question 11 3 marks 111 Prove the following identity for all permissible values of x. 2 csc xsec x = csc x tan x + cot x Left-Hand Side Right-Hand Side Pre-Calculus Mathematics: Booklet 1 (January 2024) 11
2024,jan,January 2024,12,frq,1,/home/max/testgen-suite/ocr-frq/mb-exams/source-pdfs/student-booklets/pc_24_jan_sb1.pdf,[20],1,3.0,3 marks,no-calculator,,"R8, R10",marking-guide-heading,/home/max/testgen-suite/ocr-frq/mb-exams/source-pdfs/marking-guides/pc_24_jan_mg.pdf,[40],[],"Question 12 3 marks 112 Determine the value of x, algebraically. 1 5log 2 − log 16 = log x a a a 4 Pre-Calculus Mathematics: Booklet 1 (January 2024) 12"
2024,jan,January 2024,13,frq,1,/home/max/testgen-suite/ocr-frq/mb-exams/source-pdfs/student-booklets/pc_24_jan_sb1.pdf,[21],1,1.0,1 mark,no-calculator,,R11,marking-guide-heading,/home/max/testgen-suite/ocr-frq/mb-exams/source-pdfs/marking-guides/pc_24_jan_mg.pdf,[44],[],Question 13 1 mark 113 4 3 2 Tamara must determine the factors of x −13x + 2x −14x + 24. Explain why the coefficients Tamara used to set up her synthetic division are not written correctly. Pre-Calculus Mathematics: Booklet 1 (January 2024) 13
2024,jan,January 2024,14,frq,1,/home/max/testgen-suite/ocr-frq/mb-exams/source-pdfs/student-booklets/pc_24_jan_sb1.pdf,[22],1,3.0,3 marks,no-calculator,,"R4, R5",marking-guide-heading,/home/max/testgen-suite/ocr-frq/mb-exams/source-pdfs/marking-guides/pc_24_jan_mg.pdf,[46],[],Question 14 3 marks 114 Determine the equation of the graph of g x( ) in terms of f x( ). y x 1 1 ( ) f x ( ) g x g x ( ) = Pre-Calculus Mathematics: Booklet 1 (January 2024) 14
2024,jan,January 2024,15,frq,1,/home/max/testgen-suite/ocr-frq/mb-exams/source-pdfs/student-booklets/pc_24_jan_sb1.pdf,[23],1,2.0,2 marks,no-calculator,,R8,marking-guide-heading,/home/max/testgen-suite/ocr-frq/mb-exams/source-pdfs/marking-guides/pc_24_jan_mg.pdf,[48],[],"Question 15 2 marks 115 Expand, using the laws of logarithms. ( x −1)( x − 2) log 2    x  Pre-Calculus Mathematics: Booklet 1 (January 2024) 15"
2024,jan,January 2024,16,mcq,2,/home/max/testgen-suite/ocr-frq/mb-exams/source-pdfs/student-booklets/pc_24_jan_sb2.pdf,[5],1,1.0,1 mark,no-calculator,D,R3,answer-key,/home/max/testgen-suite/ocr-frq/mb-exams/source-pdfs/marking-guides/pc_24_jan_mg.pdf,[53],[],"Question 16 1 mark Identify the range of the function g x( ) = 1 f x( +1 ,) given that the range of the function y = f x( ) 2 is [−6,4]. a) [−12,8] b) [−7,3] c) [−5,5] d) [−3,2] "
2024,jan,January 2024,17,mcq,2,/home/max/testgen-suite/ocr-frq/mb-exams/source-pdfs/student-booklets/pc_24_jan_sb2.pdf,[5],1,1.0,1 mark,no-calculator,A,P4,answer-key,/home/max/testgen-suite/ocr-frq/mb-exams/source-pdfs/marking-guides/pc_24_jan_mg.pdf,[53],[],"Question 17 1 mark ( ) 2a Identify the value of a, given that there are 11 terms in the expansion of 3x4 − y . a) 5 b) 6 c) 10 d) 11 Pre-Calculus Mathematics: Booklet 2 (January 2024) 1"
2024,jan,January 2024,18,mcq,2,/home/max/testgen-suite/ocr-frq/mb-exams/source-pdfs/student-booklets/pc_24_jan_sb2.pdf,[6],1,1.0,1 mark,no-calculator,C,T1,answer-key,/home/max/testgen-suite/ocr-frq/mb-exams/source-pdfs/marking-guides/pc_24_jan_mg.pdf,[54],[],Question 18 1 mark 6π Identify the angle that best represents θ = − . 5 a) x y b) x y c) x y d) x y Pre-Calculus Mathematics: Booklet 2 (January 2024) 2
2024,jan,January 2024,19,mcq,2,/home/max/testgen-suite/ocr-frq/mb-exams/source-pdfs/student-booklets/pc_24_jan_sb2.pdf,[7],1,1.0,1 mark,no-calculator,C,R12,answer-key,/home/max/testgen-suite/ocr-frq/mb-exams/source-pdfs/marking-guides/pc_24_jan_mg.pdf,[55],[],"Question 19 1 mark 1 2 n Identify a possible value for n, given the graph of y = − x + 2 x −1 . ( ) ( ) 2 a) 1 b) 2 c) 3 d) 4 y x y x 1 1 "
2024,jan,January 2024,20,mcq,2,/home/max/testgen-suite/ocr-frq/mb-exams/source-pdfs/student-booklets/pc_24_jan_sb2.pdf,[7],1,1.0,1 mark,no-calculator,B,R14,answer-key,/home/max/testgen-suite/ocr-frq/mb-exams/source-pdfs/marking-guides/pc_24_jan_mg.pdf,[55],[],"Question 20 1 mark 2 8x Identify the statement that is false, given ( ) g x = . 2 x −16 a) the graph of ( ) g x has one x-intercept. b) the graph of ( ) g x has a point of discontinuity (hole) at c) the graph of ( ) g x has two vertical asymptotes. d) the graph of ( ) g x has a horizontal asymptote "
2024,jan,January 2024,21,mcq,2,/home/max/testgen-suite/ocr-frq/mb-exams/source-pdfs/student-booklets/pc_24_jan_sb2.pdf,[7],1,1.0,1 mark,no-calculator,A,R7,answer-key,/home/max/testgen-suite/ocr-frq/mb-exams/source-pdfs/marking-guides/pc_24_jan_mg.pdf,[55],[],Question 21 1 mark 1  Identify the equivalent form of log a  2 . x  a) −2log x a b) 1−2log x a c) 2log x a 1   d) −2log   a x   Pre-Calculus Mathematics: Booklet 2 (January 2024) 3
2024,jan,January 2024,22,mcq,2,/home/max/testgen-suite/ocr-frq/mb-exams/source-pdfs/student-booklets/pc_24_jan_sb2.pdf,[8],1,1.0,1 mark,no-calculator,B,P3,answer-key,/home/max/testgen-suite/ocr-frq/mb-exams/source-pdfs/marking-guides/pc_24_jan_mg.pdf,[56],[],Question 22 1 mark Identify which one of the following expressions is equivalent to C6. 13 a) P 13 6 b) C 13 7 c) P 12 7 d) C 12 6 
2024,jan,January 2024,23,mcq,2,/home/max/testgen-suite/ocr-frq/mb-exams/source-pdfs/student-booklets/pc_24_jan_sb2.pdf,[8],1,1.0,1 mark,no-calculator,B,R1,answer-key,/home/max/testgen-suite/ocr-frq/mb-exams/source-pdfs/marking-guides/pc_24_jan_mg.pdf,[56],[],"Question 23 1 mark Identify the equation of ( h x) ( = f x ) ( −g x ), given ( f x) = x 5 + and ( g x) 4x = +1. a) ( h x) 3 = x − + 6 b) ( h x) 3 = x − + 4 c) ( h x) 3x = + 6 d) ( h x) 3x = −4 Pre-Calculus Mathematics: Booklet 2 (January 2024) 4"
2024,jan,January 2024,24,frq,2,/home/max/testgen-suite/ocr-frq/mb-exams/source-pdfs/student-booklets/pc_24_jan_sb2.pdf,[9],1,3.0,3 marks,no-calculator,,R13,marking-guide-heading,/home/max/testgen-suite/ocr-frq/mb-exams/source-pdfs/marking-guides/pc_24_jan_mg.pdf,[58],[],Question 24 3 marks 116 Determine the equation of the radical function represented by the graph. y x 1 1 y = ____________________________ Pre-Calculus Mathematics: Booklet 2 (January 2024) 5
2024,jan,January 2024,25,frq,2,/home/max/testgen-suite/ocr-frq/mb-exams/source-pdfs/student-booklets/pc_24_jan_sb2.pdf,[10],1,2.0,2 marks,no-calculator,,T3,marking-guide-heading,/home/max/testgen-suite/ocr-frq/mb-exams/source-pdfs/marking-guides/pc_24_jan_mg.pdf,[60],[],Question 25 2 marks 117 Determine the exact value of x.  2π   5π  sec sin − ( x) = 3  3   3  Pre-Calculus Mathematics: Booklet 2 (January 2024) 6
2024,jan,January 2024,26,frq,2,/home/max/testgen-suite/ocr-frq/mb-exams/source-pdfs/student-booklets/pc_24_jan_sb2.pdf,[11],1,3.0,3 marks,no-calculator,,R9,marking-guide-heading,/home/max/testgen-suite/ocr-frq/mb-exams/source-pdfs/marking-guides/pc_24_jan_mg.pdf,[62],[],Question 26 3 marks 118 Sketch the graph of y = 2−x− 3. y x 1 Pre-Calculus Mathematics: Booklet 2 (January 2024) 7 1 1
2024,jan,January 2024,27,frq,2,/home/max/testgen-suite/ocr-frq/mb-exams/source-pdfs/student-booklets/pc_24_jan_sb2.pdf,[12],1,3.0,3 marks,no-calculator,,R1,marking-guide-heading,/home/max/testgen-suite/ocr-frq/mb-exams/source-pdfs/marking-guides/pc_24_jan_mg.pdf,[64],[],"Question 27 3 marks 119 Given the graph of ( ), y = g x sketch the graph of y = 1 . ( ) g x y x 1 1 The graph of has already been drawn for your reference. No marks will be awarded for the graph of y x 1 1 Pre-Calculus Mathematics: Booklet 2 (January 2024) 8"
2024,jan,January 2024,28,frq,2,/home/max/testgen-suite/ocr-frq/mb-exams/source-pdfs/student-booklets/pc_24_jan_sb2.pdf,[13],1,2.0,2 marks,no-calculator,,T6,marking-guide-heading,/home/max/testgen-suite/ocr-frq/mb-exams/source-pdfs/marking-guides/pc_24_jan_mg.pdf,[68],[],Question 28 2 marks 120 π  Determine the exact value of tan .   12  Pre-Calculus Mathematics: Booklet 2 (January 2024) 9
2024,jan,January 2024,29,frq,2,/home/max/testgen-suite/ocr-frq/mb-exams/source-pdfs/student-booklets/pc_24_jan_sb2.pdf,[14],1,1.0,1 mark,no-calculator,,R14,marking-guide-heading,/home/max/testgen-suite/ocr-frq/mb-exams/source-pdfs/marking-guides/pc_24_jan_mg.pdf,[72],[],Question 29 1 mark 121 Explain why the graph of g x( ) = 3 does not have a vertical asymptote. 2 x + 4 Pre-Calculus Mathematics: Booklet 2 (January 2024) 10
2024,jan,January 2024,30,frq,2,/home/max/testgen-suite/ocr-frq/mb-exams/source-pdfs/student-booklets/pc_24_jan_sb2.pdf,[15],1,3.0,3 marks,no-calculator,,R10,marking-guide-heading,/home/max/testgen-suite/ocr-frq/mb-exams/source-pdfs/marking-guides/pc_24_jan_mg.pdf,[74],[],"Question 30 3 marks 122 Solve, algebraically. log3 x + log3 ( x + 8) = 2 Pre-Calculus Mathematics: Booklet 2 (January 2024) 11"
2024,jan,January 2024,31,frq,2,/home/max/testgen-suite/ocr-frq/mb-exams/source-pdfs/student-booklets/pc_24_jan_sb2.pdf,[16],1,4.0,4 marks,no-calculator,,T4,marking-guide-heading,/home/max/testgen-suite/ocr-frq/mb-exams/source-pdfs/marking-guides/pc_24_jan_mg.pdf,[78],[],Question 31 4 marks 123 Sketch at least one period of the graph of the function y = sin 3 x + ° −1. ( ( 30 )) y Pre-Calculus Mathematics: Booklet 2 (January 2024) x 12
2024,jan,January 2024,32,frq,2,/home/max/testgen-suite/ocr-frq/mb-exams/source-pdfs/student-booklets/pc_24_jan_sb2.pdf,[17],1,1.0,1 mark,no-calculator,,R9,marking-guide-heading,/home/max/testgen-suite/ocr-frq/mb-exams/source-pdfs/marking-guides/pc_24_jan_mg.pdf,[82],[],"Question 32 1 mark 124 Explain why the domain of the function, f x( ) = log ( x − 3), is x > 3. Pre-Calculus Mathematics: Booklet 2 (January 2024) 13"
2024,jan,January 2024,33,frq,2,/home/max/testgen-suite/ocr-frq/mb-exams/source-pdfs/student-booklets/pc_24_jan_sb2.pdf,[18],1,3.0,3 marks,no-calculator,,R12,marking-guide-heading,/home/max/testgen-suite/ocr-frq/mb-exams/source-pdfs/marking-guides/pc_24_jan_mg.pdf,[84],[],Question 33 3 marks 125 2 Sketch the graph of p x( ) = −( x − 3)( x +1) ( x − 5 .) y Pre-Calculus Mathematics: Booklet 2 (January 2024) x 14
2024,jan,January 2024,34,frq,2,/home/max/testgen-suite/ocr-frq/mb-exams/source-pdfs/student-booklets/pc_24_jan_sb2.pdf,[19],1,2.0,2 marks,no-calculator,,T6,marking-guide-heading,/home/max/testgen-suite/ocr-frq/mb-exams/source-pdfs/marking-guides/pc_24_jan_mg.pdf,[88],[],"Question 34 2 marks 126 2 Given that sinθ = − and tanθ > 0, determine the exact value of sin 2θ. 3 Pre-Calculus Mathematics: Booklet 2 (January 2024) 15"
2024,jan,January 2024,35,frq,2,/home/max/testgen-suite/ocr-frq/mb-exams/source-pdfs/student-booklets/pc_24_jan_sb2.pdf,[20],1,1.0,1 mark,no-calculator,,T1,marking-guide-heading,/home/max/testgen-suite/ocr-frq/mb-exams/source-pdfs/marking-guides/pc_24_jan_mg.pdf,[90],[],Question 35 1 mark 127 5π 11π Justify whether and − are coterminal angles. 8 4 Pre-Calculus Mathematics: Booklet 2 (January 2024) 16
2024,jan,January 2024,36,frq,2,/home/max/testgen-suite/ocr-frq/mb-exams/source-pdfs/student-booklets/pc_24_jan_sb2.pdf,[21],1,2.0,2 marks,no-calculator,,R14,marking-guide-heading,/home/max/testgen-suite/ocr-frq/mb-exams/source-pdfs/marking-guides/pc_24_jan_mg.pdf,[92],[],Question 36 2 marks 128 Sketch the graph of 2 − ( x x + )( 1 x − 3) ( ) f x = . 2x y x 1 1 Pre-Calculus Mathematics: Booklet 2 (January 2024) 17 1 1
2024,jan,January 2024,37,frq,2,/home/max/testgen-suite/ocr-frq/mb-exams/source-pdfs/student-booklets/pc_24_jan_sb2.pdf,[22],1,2.0,2 marks,no-calculator,,"T5, T6",marking-guide-heading,/home/max/testgen-suite/ocr-frq/mb-exams/source-pdfs/marking-guides/pc_24_jan_mg.pdf,[94],[],"Question 37 2 marks 129 sinθ + cosθ cscθ Given , determine the non-permissible values of θ , where θ ∈ . sinθ Pre-Calculus Mathematics: Booklet 2 (January 2024) 18"
2024,jan,January 2024,38,frq,2,/home/max/testgen-suite/ocr-frq/mb-exams/source-pdfs/student-booklets/pc_24_jan_sb2.pdf,[23],1,2.0,2 marks,no-calculator,,R14,marking-guide-heading,/home/max/testgen-suite/ocr-frq/mb-exams/source-pdfs/marking-guides/pc_24_jan_mg.pdf,[96],[],Question 38 2 marks 130 Write an equation of a rational function that has a horizontal asymptote at y = 0 and a vertical asymptote at x = 6. Pre-Calculus Mathematics: Booklet 2 (January 2024) 19
2024,jan,January 2024,39,frq,2,/home/max/testgen-suite/ocr-frq/mb-exams/source-pdfs/student-booklets/pc_24_jan_sb2.pdf,[24],1,3.0,a) 1 mark; b) 2 marks,no-calculator,,R1,marking-guide-heading,/home/max/testgen-suite/ocr-frq/mb-exams/source-pdfs/marking-guides/pc_24_jan_mg.pdf,[98],[],"Question 39 a) 1 mark b) 2 marks 132 2 Given the functions f x( ) = x −1 and g x( ) = x , a) state the equation of g f x ). ( ( ) ( ( ) ____________________________ g f x ) = b) sketch the graph of g f x( )). ( y x 1 1 Pre-Calculus Mathematics: Booklet 2 (January 2024) 20"
2024,jan,January 2024,40,frq,2,/home/max/testgen-suite/ocr-frq/mb-exams/source-pdfs/student-booklets/pc_24_jan_sb2.pdf,[25],1,1.0,1 mark,no-calculator,,T3,marking-guide-heading,/home/max/testgen-suite/ocr-frq/mb-exams/source-pdfs/marking-guides/pc_24_jan_mg.pdf,[102],[],"Question 40 1 mark 133 8 Suzanne was asked to determine the value of tanθ , given that secθ = − and θ terminates in 3 quadrant II. Her solution: Describe her error. Pre-Calculus Mathematics: Booklet 2 (January 2024) 21"
2024,jan,January 2024,41,frq,2,/home/max/testgen-suite/ocr-frq/mb-exams/source-pdfs/student-booklets/pc_24_jan_sb2.pdf,[26],1,2.0,2 marks,no-calculator,,R13,marking-guide-heading,/home/max/testgen-suite/ocr-frq/mb-exams/source-pdfs/marking-guides/pc_24_jan_mg.pdf,[104],[],"Question 41 2 marks 134 Given the graph of y = f x ( ), sketch the graph of y = ( ). f x y x 1 1 ( ) f x y The graph of has already been drawn for your reference. No marks will be awarded for the graph of x 1 1 ( ) f x Pre-Calculus Mathematics: Booklet 2 (January 2024) 22 f ( x) f ( x)"
2024,jan,January 2024,42,frq,2,/home/max/testgen-suite/ocr-frq/mb-exams/source-pdfs/student-booklets/pc_24_jan_sb2.pdf,[27],1,1.0,1 mark,no-calculator,,T1,marking-guide-heading,/home/max/testgen-suite/ocr-frq/mb-exams/source-pdfs/marking-guides/pc_24_jan_mg.pdf,[108],[],"Question 42 1 mark 135 The point P(θ ) = (0,−1) lies on the unit circle. State the angle θ , over the interval [2π,4π]. Pre-Calculus Mathematics: Booklet 2 (January 2024) 23"
2024,jan,January 2024,43,frq,2,/home/max/testgen-suite/ocr-frq/mb-exams/source-pdfs/student-booklets/pc_24_jan_sb2.pdf,[28],1,1.0,1 mark,no-calculator,,R2,marking-guide-heading,/home/max/testgen-suite/ocr-frq/mb-exams/source-pdfs/marking-guides/pc_24_jan_mg.pdf,[110],[],Question 43 1 mark 136 Describe how the transformations of f x( ) on the graphs of g x( ) = f (3x − 6) and h x( ) = f (3( x − 6)) are different. Pre-Calculus Mathematics: Booklet 2 (January 2024) 24
2024,jan,January 2024,44,frq,2,/home/max/testgen-suite/ocr-frq/mb-exams/source-pdfs/student-booklets/pc_24_jan_sb2.pdf,[29],1,2.0,a) 1 mark; b) 1 mark,no-calculator,,R13,marking-guide-heading,/home/max/testgen-suite/ocr-frq/mb-exams/source-pdfs/marking-guides/pc_24_jan_mg.pdf,[112],[],Question 44 a) 1 mark b) 1 mark 138 a) Solve. 2x + − = 5 3 0 b) Describe how the solution in a) relates to the graph of y = 2x 5 + −3. Pre-Calculus Mathematics: Booklet 2 (January 2024) 25
2024,jan,January 2024,45,frq,2,/home/max/testgen-suite/ocr-frq/mb-exams/source-pdfs/student-booklets/pc_24_jan_sb2.pdf,[30],1,3.0,3 marks,no-calculator,,R11,marking-guide-heading,/home/max/testgen-suite/ocr-frq/mb-exams/source-pdfs/marking-guides/pc_24_jan_mg.pdf,[114],[],Question 45 3 marks 139 3 2 Determine all of the zeros of the function p x( ) = x − 2x − 9x +18. Pre-Calculus Mathematics: Booklet 2 (January 2024) 26
2024,jan,January 2024,46,frq,2,/home/max/testgen-suite/ocr-frq/mb-exams/source-pdfs/student-booklets/pc_24_jan_sb2.pdf,[31],1,1.0,1 mark,no-calculator,,T2,marking-guide-heading,/home/max/testgen-suite/ocr-frq/mb-exams/source-pdfs/marking-guides/pc_24_jan_mg.pdf,[116],[],"Question 46 1 mark 140  23  Given that the point  , y  is on the unit circle, determine the exact value(s) of y. 6   Pre-Calculus Mathematics: Booklet 2 (January 2024) 27"
2024,jan,January 2024,47,frq,2,/home/max/testgen-suite/ocr-frq/mb-exams/source-pdfs/student-booklets/pc_24_jan_sb2.pdf,[32],1,1.0,1 mark,no-calculator,,T4,marking-guide-heading,/home/max/testgen-suite/ocr-frq/mb-exams/source-pdfs/marking-guides/pc_24_jan_mg.pdf,[118],[],Question 47 1 mark 141 State one zero of the function y = tan x. Pre-Calculus Mathematics: Booklet 2 (January 2024) 28
2024,jun,June 2024,1,frq,1,/home/max/testgen-suite/ocr-frq/mb-exams/source-pdfs/student-booklets/pc_24_jun_sb1.pdf,[9],1,1.0,1 mark,calculator-active,,P1,marking-guide-heading,/home/max/testgen-suite/ocr-frq/mb-exams/source-pdfs/marking-guides/pc_24_jun_mg.pdf,[10],[],Question 1 1 mark 101 A soccer team consists of 14 players. Determine the number of ways a captain and an assistant captain can be selected.
2024,jun,June 2024,2,frq,1,/home/max/testgen-suite/ocr-frq/mb-exams/source-pdfs/student-booklets/pc_24_jun_sb1.pdf,[10],1,2.0,2 marks,calculator-active,,R10,marking-guide-heading,/home/max/testgen-suite/ocr-frq/mb-exams/source-pdfs/marking-guides/pc_24_jun_mg.pdf,[12],[],"Question 2 2 marks 102 The pH of a person’s blood can be found using the formula pH 6.1 log B C   = +     where B represents the concentration of bicarbonate in the blood, in mEq/L C represents the concentration of carbonic acid in the blood, in mEq/L Kansas has a blood pH of 7.41. In her bloo"
2024,jun,June 2024,3,frq,1,/home/max/testgen-suite/ocr-frq/mb-exams/source-pdfs/student-booklets/pc_24_jun_sb1.pdf,[11],1,3.0,3 marks,calculator-active,,T5,marking-guide-heading,/home/max/testgen-suite/ocr-frq/mb-exams/source-pdfs/marking-guides/pc_24_jun_mg.pdf,[16],[],Question 3 3 marks 103 Solve ( )( ) 2tan 1 tan 1 0 x x − + = where . x∈
2024,jun,June 2024,4,frq,1,/home/max/testgen-suite/ocr-frq/mb-exams/source-pdfs/student-booklets/pc_24_jun_sb1.pdf,[12],1,3.0,3 marks,calculator-active,,P4,marking-guide-heading,/home/max/testgen-suite/ocr-frq/mb-exams/source-pdfs/marking-guides/pc_24_jun_mg.pdf,[20],[],Question 4 3 marks 104 Determine and simplify the 7th term in the binomial expansion of 9 2 2 3 . x x   +    
2024,jun,June 2024,5,frq,1,/home/max/testgen-suite/ocr-frq/mb-exams/source-pdfs/student-booklets/pc_24_jun_sb1.pdf,[13],1,2.0,2 marks,calculator-active,,T1,marking-guide-heading,/home/max/testgen-suite/ocr-frq/mb-exams/source-pdfs/marking-guides/pc_24_jun_mg.pdf,[24],[],"Question 5 2 marks 105 A winch, with a diameter of 14 cm, is used to pull a boat out of the water. As the winch rotates, it pulls in a cable. Determine the length of cable that is pulled in if the winch rotates 526 . Note: A calculator is not required for the remaining test questions."
2024,jun,June 2024,6,frq,1,/home/max/testgen-suite/ocr-frq/mb-exams/source-pdfs/student-booklets/pc_24_jun_sb1.pdf,[14],1,3.0,3 marks,no-calculator,,R13,marking-guide-heading,/home/max/testgen-suite/ocr-frq/mb-exams/source-pdfs/marking-guides/pc_24_jun_mg.pdf,[26],[],Question 6 3 marks 106 Sketch the graph of ( ) 1 1. 3 f x x = − 1 1 y x
2024,jun,June 2024,7,frq,1,/home/max/testgen-suite/ocr-frq/mb-exams/source-pdfs/student-booklets/pc_24_jun_sb1.pdf,[15],1,3.0,3 marks,no-calculator,,"R2, R3, R5",marking-guide-heading,/home/max/testgen-suite/ocr-frq/mb-exams/source-pdfs/marking-guides/pc_24_jun_mg.pdf,[28],[],"Question 7 3 marks 107 Given ( ), y f x = determine the equation of the resulting function, ( ), g x after the following transformations: • reflection over the y-axis • vertical stretch by a factor of 3 • horizontal translation 2 units left ( ) g x ="
2024,jun,June 2024,8,frq,1,/home/max/testgen-suite/ocr-frq/mb-exams/source-pdfs/student-booklets/pc_24_jun_sb1.pdf,[16],1,1.0,1 mark,no-calculator,,R14,marking-guide-heading,/home/max/testgen-suite/ocr-frq/mb-exams/source-pdfs/marking-guides/pc_24_jun_mg.pdf,[30],[],Question 8 1 mark 108 Explain why the graph of 6 7 3 5 x y x + = + has a horizontal asymptote at 2 y = .
2024,jun,June 2024,9,frq,1,/home/max/testgen-suite/ocr-frq/mb-exams/source-pdfs/student-booklets/pc_24_jun_sb1.pdf,[17],1,3.0,3 marks,no-calculator,,"R4, R5, R13",marking-guide-heading,/home/max/testgen-suite/ocr-frq/mb-exams/source-pdfs/marking-guides/pc_24_jun_mg.pdf,[32],[],"Question 9 3 marks 109 Given the graph of ( ), y f x = sketch the graph of ( ) 2. y f x = − + y x 1 1 y x 1 1 The graph of has already been drawn for your reference. No marks will be awarded for the graph of ( ) f x ( ) f x"
2024,jun,June 2024,10,frq,1,/home/max/testgen-suite/ocr-frq/mb-exams/source-pdfs/student-booklets/pc_24_jun_sb1.pdf,[18],1,3.0,3 marks,no-calculator,,R8,marking-guide-heading,/home/max/testgen-suite/ocr-frq/mb-exams/source-pdfs/marking-guides/pc_24_jun_mg.pdf,[36],[],"Question 10 3 marks 110 Using the laws of logarithms, completely expand the given expression. 4 3 log A B C         "
2024,jun,June 2024,11,frq,1,/home/max/testgen-suite/ocr-frq/mb-exams/source-pdfs/student-booklets/pc_24_jun_sb1.pdf,[19],1,3.0,3 marks,no-calculator,,T6,marking-guide-heading,/home/max/testgen-suite/ocr-frq/mb-exams/source-pdfs/marking-guides/pc_24_jun_mg.pdf,[38],[],Question 11 3 marks 111 Prove the following identity for all permissible values of . θ 2cos2 cot tan sin 2 θ θ θ θ − = Left-Hand Side Right-Hand Side
2024,jun,June 2024,12,frq,1,/home/max/testgen-suite/ocr-frq/mb-exams/source-pdfs/student-booklets/pc_24_jun_sb1.pdf,[20],1,3.0,3 marks,no-calculator,,R11,marking-guide-heading,/home/max/testgen-suite/ocr-frq/mb-exams/source-pdfs/marking-guides/pc_24_jun_mg.pdf,[42],[],Question 12 3 marks 112 Express ( ) 3 2 2 13 6 p x x x x = − + + + in completely factored form. ( ) p x =
2024,jun,June 2024,13,frq,1,/home/max/testgen-suite/ocr-frq/mb-exams/source-pdfs/student-booklets/pc_24_jun_sb1.pdf,[21],1,1.0,1 mark,no-calculator,,R12,marking-guide-heading,/home/max/testgen-suite/ocr-frq/mb-exams/source-pdfs/marking-guides/pc_24_jun_mg.pdf,[46],[],"Question 13 1 mark 113 Kaitlyn was asked to sketch the graph of the polynomial function, ( ) ( )( )3 1 3 . p x x x = − − + Kaitlyn’s graph: Describe an error on her graph."
2024,jun,June 2024,14,frq,1,/home/max/testgen-suite/ocr-frq/mb-exams/source-pdfs/student-booklets/pc_24_jun_sb1.pdf,[22],1,1.0,1 mark,no-calculator,,T1,marking-guide-heading,/home/max/testgen-suite/ocr-frq/mb-exams/source-pdfs/marking-guides/pc_24_jun_mg.pdf,[48],[],Question 14 1 mark 114 Sketch the angle of 5 − radians in standard position. y x
2024,jun,June 2024,15,frq,1,/home/max/testgen-suite/ocr-frq/mb-exams/source-pdfs/student-booklets/pc_24_jun_sb1.pdf,[23],1,1.0,1 mark,no-calculator,,T4,marking-guide-heading,/home/max/testgen-suite/ocr-frq/mb-exams/source-pdfs/marking-guides/pc_24_jun_mg.pdf,[50],[],Question 15 1 mark 115 The graph of a sinusoidal function is sketched below. The point A is a maximum and the point B is a minimum. State the value of k if the amplitude of the function is 6. y x
2024,jun,June 2024,16,frq,1,/home/max/testgen-suite/ocr-frq/mb-exams/source-pdfs/student-booklets/pc_24_jun_sb1.pdf,[24],1,1.0,1 mark,no-calculator,,R1,marking-guide-heading,/home/max/testgen-suite/ocr-frq/mb-exams/source-pdfs/marking-guides/pc_24_jun_mg.pdf,[52],[],"Question 16 1 mark 116 Given the graphs of ( ) f x and ( ), g x state the domain of ( )( ). f g x + Domain: y x 1 1 y x 1 1 ( ) f x ( ) g x"
2024,jun,June 2024,17,mcq,2,/home/max/testgen-suite/ocr-frq/mb-exams/source-pdfs/student-booklets/pc_24_jun_sb2.pdf,[5],1,1.0,1 mark,no-calculator,B,"R2, R6",answer-key,/home/max/testgen-suite/ocr-frq/mb-exams/source-pdfs/marking-guides/pc_24_jun_mg.pdf,[57],[],"Question 17 1 mark Given that the point ( ) 13,7 − is on the graph of ( ), y f x = identify the corresponding point on the graph of ( ) 1 2 . y f x − = + a) ( ) 7, 11 − b) ( ) 5, 13 − c) ( ) 7, 15 − d) ( ) 9, 13 − "
2024,jun,June 2024,18,mcq,2,/home/max/testgen-suite/ocr-frq/mb-exams/source-pdfs/student-booklets/pc_24_jun_sb2.pdf,[5],1,1.0,1 mark,no-calculator,C,R12,answer-key,/home/max/testgen-suite/ocr-frq/mb-exams/source-pdfs/marking-guides/pc_24_jun_mg.pdf,[57],[],"Question 18 1 mark Given that 0, 1, 2 x x x = = = and 3 x = − are zeros of the polynomial function ( ), p x identify a possible equation for ( ). p x a) ( ) ( )( ) 3 1 2 = − + − p x x x x b) ( ) ( )( )( )2 1 2 3 p x x x x = + + − c) ( ) ( ) ( )( ) 2 3 1 2 p x x x x x = + − − d) ( ) ( )( ) ( ) 3 2 1 "
2024,jun,June 2024,19,mcq,2,/home/max/testgen-suite/ocr-frq/mb-exams/source-pdfs/student-booklets/pc_24_jun_sb2.pdf,[5],1,1.0,1 mark,no-calculator,B,T3,answer-key,/home/max/testgen-suite/ocr-frq/mb-exams/source-pdfs/marking-guides/pc_24_jun_mg.pdf,[57],[],"Question 19 1 mark Identify the interval where the angle, θ, could exist if 4 cos 5 θ = − and 5 csc . 3 θ = a) 0, 2 π       b) , 2 π   π     c) 3 , 2 π   π     d) 3 ,2 2 π   π    "
2024,jun,June 2024,20,mcq,2,/home/max/testgen-suite/ocr-frq/mb-exams/source-pdfs/student-booklets/pc_24_jun_sb2.pdf,[6],1,1.0,1 mark,no-calculator,A,T6,answer-key,/home/max/testgen-suite/ocr-frq/mb-exams/source-pdfs/marking-guides/pc_24_jun_mg.pdf,[58],[],"Question 20 1 mark Identify a non-permissible value of θ in the identity, cot cos . csc θ θ θ = a) π b) 4 π c) 2 3π d) 2 π "
2024,jun,June 2024,21,mcq,2,/home/max/testgen-suite/ocr-frq/mb-exams/source-pdfs/student-booklets/pc_24_jun_sb2.pdf,[6],1,1.0,1 mark,no-calculator,C,R10,answer-key,/home/max/testgen-suite/ocr-frq/mb-exams/source-pdfs/marking-guides/pc_24_jun_mg.pdf,[58],[],"Question 21 1 mark Identify the solution of the equation, 2 16. x e = a) ln8 x = b) 8 x = c) ln16 2 x = d) log16 2 x = "
2024,jun,June 2024,22,mcq,2,/home/max/testgen-suite/ocr-frq/mb-exams/source-pdfs/student-booklets/pc_24_jun_sb2.pdf,[6],1,1.0,1 mark,no-calculator,D,P3,answer-key,/home/max/testgen-suite/ocr-frq/mb-exams/source-pdfs/marking-guides/pc_24_jun_mg.pdf,[58],[],"Question 22 1 mark A committee of 6 people is to be selected from 90 students. Identify an expression that represents the number of possible committees if two of the students, Evelyn and Wayne, must be on the committee. a) 90 4 C b) 90 6 C c) 88 6 C d) 88 4 C"
2024,jun,June 2024,23,mcq,2,/home/max/testgen-suite/ocr-frq/mb-exams/source-pdfs/student-booklets/pc_24_jun_sb2.pdf,[7],1,1.0,1 mark,no-calculator,D,P2,answer-key,/home/max/testgen-suite/ocr-frq/mb-exams/source-pdfs/marking-guides/pc_24_jun_mg.pdf,[59],[],Question 23 1 mark Identify the expression for the number of arrangements of the letters in the word RUSSELL. a) 7! 4! b) 7! c) 7! 2! d) 7! 2!2! 
2024,jun,June 2024,24,mcq,2,/home/max/testgen-suite/ocr-frq/mb-exams/source-pdfs/student-booklets/pc_24_jun_sb2.pdf,[7],1,1.0,1 mark,no-calculator,B,P4,answer-key,/home/max/testgen-suite/ocr-frq/mb-exams/source-pdfs/marking-guides/pc_24_jun_mg.pdf,[59],[],"Question 24 1 mark Given the row of Pascal’s triangle below, identify the third value of the next row. 1 7 21 35 35 21 7 1 a) 8 b) 28 c) 56 d) 70 "
2024,jun,June 2024,25,mcq,2,/home/max/testgen-suite/ocr-frq/mb-exams/source-pdfs/student-booklets/pc_24_jun_sb2.pdf,[7],1,1.0,1 mark,no-calculator,B,R9,answer-key,/home/max/testgen-suite/ocr-frq/mb-exams/source-pdfs/marking-guides/pc_24_jun_mg.pdf,[59],[],"Question 25 1 mark Identify the equation represented by the graph sketched below. a) 1 1 2 x y   = +     b) 1 2 1 x y − = + c) 1 2 1 x y + = + d) 1 1 1 2 x y +   = +     y x 1 1 ( ) 2,3 ( ) 1,2"
2024,jun,June 2024,26,frq,2,/home/max/testgen-suite/ocr-frq/mb-exams/source-pdfs/student-booklets/pc_24_jun_sb2.pdf,[8],1,2.0,2 marks,no-calculator,,R14,marking-guide-heading,/home/max/testgen-suite/ocr-frq/mb-exams/source-pdfs/marking-guides/pc_24_jun_mg.pdf,[60],[],Question 26 2 marks 117 Match the following functions with their correct graphs. ( ) 1 2 f x x = − ( ) 2 x g x x − = − ( ) 2 1 x h x x = − ( ) 2 1 x k x x = + Place the appropriate letter in this column. C. D. A. B. y x 1 1 y x 1 1 x y 1 1 x y 1 1
2024,jun,June 2024,27,frq,2,/home/max/testgen-suite/ocr-frq/mb-exams/source-pdfs/student-booklets/pc_24_jun_sb2.pdf,[9],1,3.0,3 marks,no-calculator,,T3,marking-guide-heading,/home/max/testgen-suite/ocr-frq/mb-exams/source-pdfs/marking-guides/pc_24_jun_mg.pdf,[62],[],Question 27 3 marks 118 Evaluate. 2 11 sin cot csc 3 4 6 π π 11π       +            
2024,jun,June 2024,28,frq,2,/home/max/testgen-suite/ocr-frq/mb-exams/source-pdfs/student-booklets/pc_24_jun_sb2.pdf,[10],1,3.0,3 marks,no-calculator,,R9,marking-guide-heading,/home/max/testgen-suite/ocr-frq/mb-exams/source-pdfs/marking-guides/pc_24_jun_mg.pdf,[66],[],Question 28 3 marks 119 Sketch the graph of ( ) 2 log 2 . y x = − −     1 1 y x
2024,jun,June 2024,29,frq,2,/home/max/testgen-suite/ocr-frq/mb-exams/source-pdfs/student-booklets/pc_24_jun_sb2.pdf,[11],1,1.0,1 mark,no-calculator,,P3,marking-guide-heading,/home/max/testgen-suite/ocr-frq/mb-exams/source-pdfs/marking-guides/pc_24_jun_mg.pdf,[70],[],Question 29 1 mark 120 Justify that 12 7 12 5. C C =
2024,jun,June 2024,30,frq,2,/home/max/testgen-suite/ocr-frq/mb-exams/source-pdfs/student-booklets/pc_24_jun_sb2.pdf,[12],1,2.0,2 marks,no-calculator,,R10,marking-guide-heading,/home/max/testgen-suite/ocr-frq/mb-exams/source-pdfs/marking-guides/pc_24_jun_mg.pdf,[72],[],"Question 30 2 marks 121 Solve, algebraically. 3 3 1 8 4 x x−   =    "
2024,jun,June 2024,31,frq,2,/home/max/testgen-suite/ocr-frq/mb-exams/source-pdfs/student-booklets/pc_24_jun_sb2.pdf,[13],1,2.0,2 marks,no-calculator,,R13,marking-guide-heading,/home/max/testgen-suite/ocr-frq/mb-exams/source-pdfs/marking-guides/pc_24_jun_mg.pdf,[74],[],Question 31 2 marks 122 State the domain and range of the function 5 4. y x = − − + Domain: _____________________________ Range: ______________________________
2024,jun,June 2024,32,frq,2,/home/max/testgen-suite/ocr-frq/mb-exams/source-pdfs/student-booklets/pc_24_jun_sb2.pdf,[14],1,4.0,4 marks,no-calculator,,T4,marking-guide-heading,/home/max/testgen-suite/ocr-frq/mb-exams/source-pdfs/marking-guides/pc_24_jun_mg.pdf,[76],[],Question 32 4 marks 123 Sketch at least one period of the graph of 4cos 3 2. 6 y x  π    = + +         y x
2024,jun,June 2024,33,frq,2,/home/max/testgen-suite/ocr-frq/mb-exams/source-pdfs/student-booklets/pc_24_jun_sb2.pdf,[15],1,2.0,2 marks,no-calculator,,R12,marking-guide-heading,/home/max/testgen-suite/ocr-frq/mb-exams/source-pdfs/marking-guides/pc_24_jun_mg.pdf,[80],[],"Question 33 2 marks 124 Determine, algebraically, the equation of ( ) p x that satisfies all of the following conditions: • ( ) p x is a polynomial function of degree 4 • ( ) p x has zeros at 5 − and 1 • all zeros of ( ) p x have a multiplicity of 2 • the graph of ( ) p x has a y-intercept at 75 ( )"
2024,jun,June 2024,34,frq,2,/home/max/testgen-suite/ocr-frq/mb-exams/source-pdfs/student-booklets/pc_24_jun_sb2.pdf,[16],1,1.0,1 mark,no-calculator,,R8,marking-guide-heading,/home/max/testgen-suite/ocr-frq/mb-exams/source-pdfs/marking-guides/pc_24_jun_mg.pdf,[82],[],Question 34 1 mark 125 Vitaly was asked to solve the exponential equation 2 7 5 3 7 . x x + =  Vitaly’s work: Describe his error.
2024,jun,June 2024,35,frq,2,/home/max/testgen-suite/ocr-frq/mb-exams/source-pdfs/student-booklets/pc_24_jun_sb2.pdf,[17],1,3.0,a) 1 mark; b) 1 mark; c) 1 mark,no-calculator,,"R1, R3, R5",marking-guide-heading,/home/max/testgen-suite/ocr-frq/mb-exams/source-pdfs/marking-guides/pc_24_jun_mg.pdf,[84],[],"Question 35 a) 1 mark b) 1 mark c) 1 mark 126 127 128 Given the graph of ( ), f x a) sketch the graph of b) sketch the graph of ( ) ( ) . k x f x = c) sketch the graph of ( ) ( ) 2 . r x f x = 1 1 y x 1 1 y x 1 1 y x 1 1 y x"
2024,jun,June 2024,36,frq,2,/home/max/testgen-suite/ocr-frq/mb-exams/source-pdfs/student-booklets/pc_24_jun_sb2.pdf,[18],1,3.0,3 marks,no-calculator,,T6,marking-guide-heading,/home/max/testgen-suite/ocr-frq/mb-exams/source-pdfs/marking-guides/pc_24_jun_mg.pdf,[88],[],Question 36 3 marks 129 Determine the exact value of 17 sin . 12 π      
2024,jun,June 2024,37,frq,2,/home/max/testgen-suite/ocr-frq/mb-exams/source-pdfs/student-booklets/pc_24_jun_sb2.pdf,[19],1,2.0,a) 1 mark; b) 1 mark,no-calculator,,R1,marking-guide-heading,/home/max/testgen-suite/ocr-frq/mb-exams/source-pdfs/marking-guides/pc_24_jun_mg.pdf,[90],[],"Question 37 a) 1 mark b) 1 mark 130 131 Given ( ) 3 f x x = + and ( ) 8, g x x = − a) determine the value of ( ) ( ) 1 . g f b) justify that the value of ( )( ) 5 f g − − is undefined."
2024,jun,June 2024,38,frq,2,/home/max/testgen-suite/ocr-frq/mb-exams/source-pdfs/student-booklets/pc_24_jun_sb2.pdf,[20],1,3.0,3 marks,no-calculator,,"P2, P3",marking-guide-heading,/home/max/testgen-suite/ocr-frq/mb-exams/source-pdfs/marking-guides/pc_24_jun_mg.pdf,[94],[],"Question 38 3 marks 132 Solve, algebraically. ( ) ( ) 4 4 1 48 n n C P + ="
2024,jun,June 2024,39,frq,2,/home/max/testgen-suite/ocr-frq/mb-exams/source-pdfs/student-booklets/pc_24_jun_sb2.pdf,[21],1,2.0,2 marks,no-calculator,,R12,marking-guide-heading,/home/max/testgen-suite/ocr-frq/mb-exams/source-pdfs/marking-guides/pc_24_jun_mg.pdf,[98],[],Question 39 2 marks 133 Sketch the graph of ( ) ( )( )( ) 1 2 4 . p x x x x = + + − y x
2024,jun,June 2024,40,frq,2,/home/max/testgen-suite/ocr-frq/mb-exams/source-pdfs/student-booklets/pc_24_jun_sb2.pdf,[22],1,1.0,1 mark,no-calculator,,R7,marking-guide-heading,/home/max/testgen-suite/ocr-frq/mb-exams/source-pdfs/marking-guides/pc_24_jun_mg.pdf,[102],[],Question 40 1 mark 134 Evaluate. ( ) 5 2 log log 32
2024,jun,June 2024,41,frq,2,/home/max/testgen-suite/ocr-frq/mb-exams/source-pdfs/student-booklets/pc_24_jun_sb2.pdf,[23],1,1.0,1 mark,no-calculator,,R13,marking-guide-heading,/home/max/testgen-suite/ocr-frq/mb-exams/source-pdfs/marking-guides/pc_24_jun_mg.pdf,[104],[],Question 41 1 mark 135 Describe how to use the graph to solve the equation 1 1 y x
2024,jun,June 2024,42,frq,2,/home/max/testgen-suite/ocr-frq/mb-exams/source-pdfs/student-booklets/pc_24_jun_sb2.pdf,[24],1,3.0,3 marks,no-calculator,,T5,marking-guide-heading,/home/max/testgen-suite/ocr-frq/mb-exams/source-pdfs/marking-guides/pc_24_jun_mg.pdf,[106],[],"Question 42 3 marks 136 Verify, by substitution, that the equation sec sin 2 tan cot θ θ θ θ = + is true for . 3 θ π = Left-Hand Side Right-Hand Side"
2024,jun,June 2024,43,frq,2,/home/max/testgen-suite/ocr-frq/mb-exams/source-pdfs/student-booklets/pc_24_jun_sb2.pdf,[25],1,1.0,1 mark,no-calculator,,R9,marking-guide-heading,/home/max/testgen-suite/ocr-frq/mb-exams/source-pdfs/marking-guides/pc_24_jun_mg.pdf,[110],[],Question 43 1 mark 137 Describe the transformation(s) to the graph of 3 = x y which results in a graph with a y-intercept of –2.
2024,jun,June 2024,44,frq,2,/home/max/testgen-suite/ocr-frq/mb-exams/source-pdfs/student-booklets/pc_24_jun_sb2.pdf,[26],1,2.0,2 marks,no-calculator,,R14,marking-guide-heading,/home/max/testgen-suite/ocr-frq/mb-exams/source-pdfs/marking-guides/pc_24_jun_mg.pdf,[112],[],Question 44 2 marks 138 Determine the equation of the rational function represented by the graph. ( ) ______________________________ f x = 1 1 y x
2024,jun,June 2024,45,frq,2,/home/max/testgen-suite/ocr-frq/mb-exams/source-pdfs/student-booklets/pc_24_jun_sb2.pdf,[27],1,2.0,2 marks,no-calculator,,R6,marking-guide-heading,/home/max/testgen-suite/ocr-frq/mb-exams/source-pdfs/marking-guides/pc_24_jun_mg.pdf,[114],[],Question 45 2 marks 139 Justify that ( ) 3 2 f x x = + and ( ) 3 2 x g x − = are not inverses of each other.
2024,jun,June 2024,46,frq,2,/home/max/testgen-suite/ocr-frq/mb-exams/source-pdfs/student-booklets/pc_24_jun_sb2.pdf,[28],1,2.0,2 marks,no-calculator,,T2,marking-guide-heading,/home/max/testgen-suite/ocr-frq/mb-exams/source-pdfs/marking-guides/pc_24_jun_mg.pdf,[116],[],"Question 46 2 marks 140 The terminal arm of an angle, θ, in standard position passes through the point ( ) 3,6 − and intersects the unit circle at the point . Determine the coordinates of the point . ( ) P θ ( ) P θ"
2024,jun,June 2024,47,frq,2,/home/max/testgen-suite/ocr-frq/mb-exams/source-pdfs/student-booklets/pc_24_jun_sb2.pdf,[29],1,2.0,2 marks,no-calculator,,"T3, T6",marking-guide-heading,/home/max/testgen-suite/ocr-frq/mb-exams/source-pdfs/marking-guides/pc_24_jun_mg.pdf,[118],[],Question 47 2 marks 141 Determine the exact value of 2sin cos θ θ if . 12 θ π =
2025,jan,January 2025,1,frq,1,/home/max/testgen-suite/ocr-frq/mb-exams/source-pdfs/student-booklets/pc_25_jan_sb1.pdf,[9],1,1.0,1 mark,calculator-active,,P1,marking-guide-heading,/home/max/testgen-suite/ocr-frq/mb-exams/source-pdfs/marking-guides/pc_25_jan_mg.pdf,[10],[],Question 1 1 mark Youyi wants to buy a new cell phone from a company that offers 33 different types of cell phones. Each cell phone is available in 5 different colours. Determine the total number of available options. Pre-Calculus Mathematics: Booklet 1 (January 2025) 1
2025,jan,January 2025,2,frq,1,/home/max/testgen-suite/ocr-frq/mb-exams/source-pdfs/student-booklets/pc_25_jan_sb1.pdf,[10],1,2.0,2 marks,calculator-active,,T1,marking-guide-heading,/home/max/testgen-suite/ocr-frq/mb-exams/source-pdfs/marking-guides/pc_25_jan_mg.pdf,[12],[],Question 2 2 marks Determine the central angle subtended by an arc length of 30 cm on a circle with a diameter of 20.6 cm. Express your answer in degrees. Pre-Calculus Mathematics: Booklet 1 (January 2025) 2
2025,jan,January 2025,3,frq,1,/home/max/testgen-suite/ocr-frq/mb-exams/source-pdfs/student-booklets/pc_25_jan_sb1.pdf,[11],1,3.0,3 marks,calculator-active,,P3,marking-guide-heading,/home/max/testgen-suite/ocr-frq/mb-exams/source-pdfs/marking-guides/pc_25_jan_mg.pdf,[14],[],"Question 3 3 marks A choir has 14 sopranos. Karin and Ellen are two of them. Determine the number of possible ensembles of 3 sopranos that could be formed if either Karin or Ellen, or both, must be included. Pre-Calculus Mathematics: Booklet 1 (January 2025) 3"
2025,jan,January 2025,4,frq,1,/home/max/testgen-suite/ocr-frq/mb-exams/source-pdfs/student-booklets/pc_25_jan_sb1.pdf,[12],1,3.0,3 marks,calculator-active,,R10,marking-guide-heading,/home/max/testgen-suite/ocr-frq/mb-exams/source-pdfs/marking-guides/pc_25_jan_mg.pdf,[16],[],Question 4 3 marks Loïc invests $5000 at an annual interest rate of 6.75% compounded semi-annually. The value of his investment grows according to the following formula: nt A ˜ P˛ ˙˝ 1 ° r n ˆ ˘ˇ where A is the value of the investment after t years P is the amount of the initial deposit r is the ann
2025,jan,January 2025,5,frq,1,/home/max/testgen-suite/ocr-frq/mb-exams/source-pdfs/student-booklets/pc_25_jan_sb1.pdf,[13],1,4.0,4 marks,calculator-active,,T5,marking-guide-heading,/home/max/testgen-suite/ocr-frq/mb-exams/source-pdfs/marking-guides/pc_25_jan_mg.pdf,[20],[],"Question 5 4 marks Solve, algebraically, over the interval °0 2, ˜˛. csc2 ˜ ° csc˜ ° 6 0 ˛ Note: A calculator is not required for the remaining test questions. Pre-Calculus Mathematics: Booklet 1 (January 2025) 5"
2025,jan,January 2025,6,frq,1,/home/max/testgen-suite/ocr-frq/mb-exams/source-pdfs/student-booklets/pc_25_jan_sb1.pdf,[14],1,2.0,2 marks,no-calculator,,P1,marking-guide-heading,/home/max/testgen-suite/ocr-frq/mb-exams/source-pdfs/marking-guides/pc_25_jan_mg.pdf,[24],[],"Question 6 2 marks Determine how many 4-digit numbers can be made using the digits 0, 1, 2, 3, 4, and 5, if the third digit must be 3, and repetition is not allowed. Pre-Calculus Mathematics: Booklet 1 (January 2025) 6"
2025,jan,January 2025,7,frq,1,/home/max/testgen-suite/ocr-frq/mb-exams/source-pdfs/student-booklets/pc_25_jan_sb1.pdf,[15],1,3.0,3 marks,no-calculator,,"R3, R5",marking-guide-heading,/home/max/testgen-suite/ocr-frq/mb-exams/source-pdfs/marking-guides/pc_25_jan_mg.pdf,[26],[],Question 7 3 marks ˛ 1 ˆ Describe the transformations required to obtain the graph of the function y ˜ °4 f ˙ x ˘ from ˝ 3 ˇ the graph of y f x . ˜ ° ˛ Pre-Calculus Mathematics: Booklet 1 (January 2025) 7
2025,jan,January 2025,8,frq,1,/home/max/testgen-suite/ocr-frq/mb-exams/source-pdfs/student-booklets/pc_25_jan_sb1.pdf,[16],1,2.0,2 marks,no-calculator,,R13,marking-guide-heading,/home/max/testgen-suite/ocr-frq/mb-exams/source-pdfs/marking-guides/pc_25_jan_mg.pdf,[28],[],"Question 8 2 marks Given the graph of y f x , sketch the graph of y ˜ ° ˛ ˜ y f x° ˛. y f x° ˛ f x° ˛ x x The graph of f x˜ ° has already been drawn for your reference. No marks will be awarded for the graph of f x˜ °. Pre-Calculus Mathematics: Booklet 1 (January 2025) 8"
2025,jan,January 2025,9,frq,1,/home/max/testgen-suite/ocr-frq/mb-exams/source-pdfs/student-booklets/pc_25_jan_sb1.pdf,[17],1,1.0,1 mark,no-calculator,,R11,marking-guide-heading,/home/max/testgen-suite/ocr-frq/mb-exams/source-pdfs/marking-guides/pc_25_jan_mg.pdf,[30],[],"Question 9 1 mark Describe how to determine if °x a˛ is a factor of the polynomial function, p x˜ °. ˜ Pre-Calculus Mathematics: Booklet 1 (January 2025) 9"
2025,jan,January 2025,10,frq,1,/home/max/testgen-suite/ocr-frq/mb-exams/source-pdfs/student-booklets/pc_25_jan_sb1.pdf,[18],1,3.0,3 marks,no-calculator,,R8,marking-guide-heading,/home/max/testgen-suite/ocr-frq/mb-exams/source-pdfs/marking-guides/pc_25_jan_mg.pdf,[32],[],Question 10 3 marks 1 Express log x ˜ 2logy ° log z as a single logarithm. 2 Pre-Calculus Mathematics: Booklet 1 (January 2025) 10
2025,jan,January 2025,11,frq,1,/home/max/testgen-suite/ocr-frq/mb-exams/source-pdfs/student-booklets/pc_25_jan_sb1.pdf,[19],1,3.0,3 marks,no-calculator,,R1,marking-guide-heading,/home/max/testgen-suite/ocr-frq/mb-exams/source-pdfs/marking-guides/pc_25_jan_mg.pdf,[34],[],"Question 11 3 marks Given the graph of g x˜ °, sketch the graph of f x˜ ° ˛ 1 . g x˜ ° y -4 -4 g x˜ ° y x x -4 -4 The graph of g x˜ ° has already been drawn for your reference. No marks will be awarded for the graph of g x˜ °. g x˜ ° Pre-Calculus Mathematics: Booklet 1 (January 2025) 11"
2025,jan,January 2025,12,frq,1,/home/max/testgen-suite/ocr-frq/mb-exams/source-pdfs/student-booklets/pc_25_jan_sb1.pdf,[20],1,4.0,a) 1 mark; b) 3 marks,no-calculator,,T6,marking-guide-heading,/home/max/testgen-suite/ocr-frq/mb-exams/source-pdfs/marking-guides/pc_25_jan_mg.pdf,[38],[],"Question 12 a) 1 mark b) 3 marks 112 113 2 1 ˜ tan ˛ Given the identity 2 ° cos , 2˛ sec ˛ a) state a non-permissible value of ˛. b) prove the identity for all permissible values of ˛. Left-Hand Side Right-Hand Side Pre-Calculus Mathematics: Booklet 1 (January 2025) 12"
2025,jan,January 2025,13,frq,1,/home/max/testgen-suite/ocr-frq/mb-exams/source-pdfs/student-booklets/pc_25_jan_sb1.pdf,[21],1,2.0,2 marks,no-calculator,,R13,marking-guide-heading,/home/max/testgen-suite/ocr-frq/mb-exams/source-pdfs/marking-guides/pc_25_jan_mg.pdf,[42],[],Question 13 2 marks Determine an equation of the radical function represented by the graph of f x˜ °. y x 1 1 f x˜ ° f x˜ ° = __________________________________ Pre-Calculus Mathematics: Booklet 1 (January 2025) 13
2025,jan,January 2025,14,frq,1,/home/max/testgen-suite/ocr-frq/mb-exams/source-pdfs/student-booklets/pc_25_jan_sb1.pdf,[22],1,2.0,2 marks,no-calculator,,R1,marking-guide-heading,/home/max/testgen-suite/ocr-frq/mb-exams/source-pdfs/marking-guides/pc_25_jan_mg.pdf,[44],[],"Question 14 2 marks Given the graphs of f x and g x , sketch the graph of g f x . ˜ ° ˜ ° ˜ ˜ °° y y x 1 1 f x x x ˜ ° ˛ ˝ 1 3 3 , 1 1 g x x ˜ ° ˛ ˝ 2 1 1 1 y x x Pre-Calculus Mathematics: Booklet 1 (January 2025) 14"
2025,jan,January 2025,15,frq,1,/home/max/testgen-suite/ocr-frq/mb-exams/source-pdfs/student-booklets/pc_25_jan_sb1.pdf,[23],1,3.0,3 marks,no-calculator,,R12,marking-guide-heading,/home/max/testgen-suite/ocr-frq/mb-exams/source-pdfs/marking-guides/pc_25_jan_mg.pdf,[46],[],Question 15 3 marks Sketch a graph of p x˜ ° that satisfies all of the following conditions: • p x˜ ° is a polynomial function of degree 3 • p x˜ ° has a zero at – 5 with a multiplicity of 2 • p x˜ ° has a zero at 1 • p x˜ ° has a leading coefficient of – 2 y x Pre-Calculus Mathematics: Booklet 1 (J
2025,jan,January 2025,16,frq,1,/home/max/testgen-suite/ocr-frq/mb-exams/source-pdfs/student-booklets/pc_25_jan_sb1.pdf,[24],1,2.0,2 marks,no-calculator,,R14,marking-guide-heading,/home/max/testgen-suite/ocr-frq/mb-exams/source-pdfs/marking-guides/pc_25_jan_mg.pdf,[50],[],Question 16 2 marks 2˝ x x Sketch the graph of f x˜ ° ˛ . x 1 1 y x Pre-Calculus Mathematics: Booklet 1 (January 2025) 16
2025,jan,January 2025,17,mcq,2,/home/max/testgen-suite/ocr-frq/mb-exams/source-pdfs/student-booklets/pc_25_jan_sb2.pdf,[5],1,1.0,1 mark,no-calculator,B,R2,answer-key,/home/max/testgen-suite/ocr-frq/mb-exams/source-pdfs/marking-guides/pc_25_jan_mg.pdf,[55],[],Question 17 1 mark ˛ 2 Identify the function that has a different range than f x˜ ° x . a. y ˜ f x 4 ° ˛ b. y f x ˜ ° ˛ ˝ 4 c. y f ˜ ˛x ° 4˝ d. y f x ˜ ° ˛ ˝ 
2025,jan,January 2025,18,mcq,2,/home/max/testgen-suite/ocr-frq/mb-exams/source-pdfs/student-booklets/pc_25_jan_sb2.pdf,[5],1,1.0,1 mark,no-calculator,A,T3,answer-key,/home/max/testgen-suite/ocr-frq/mb-exams/source-pdfs/marking-guides/pc_25_jan_mg.pdf,[55],[],Question 18 1 mark °˜ 3 a. ­ 2 1 b. ­ 2 ˝˛ 1 c. 2 3 d. 2 
2025,jan,January 2025,19,mcq,2,/home/max/testgen-suite/ocr-frq/mb-exams/source-pdfs/student-booklets/pc_25_jan_sb2.pdf,[5],1,1.0,1 mark,no-calculator,D,R7,answer-key,/home/max/testgen-suite/ocr-frq/mb-exams/source-pdfs/marking-guides/pc_25_jan_mg.pdf,[55],[],"Question 19 1 mark 7 ˙ ˘ Identify the exact value of sin ˇˆ . 3 1 Identify the value of a in the equation, loga 3 = 4. 1 a. 64 1 b. 3 4 c. 12 d. 81 Pre-Calculus Mathematics: Booklet 2 (January 2025) 1"
2025,jan,January 2025,20,mcq,2,/home/max/testgen-suite/ocr-frq/mb-exams/source-pdfs/student-booklets/pc_25_jan_sb2.pdf,[6],1,1.0,1 mark,no-calculator,A,T3,answer-key,/home/max/testgen-suite/ocr-frq/mb-exams/source-pdfs/marking-guides/pc_25_jan_mg.pdf,[56],[],Question 20 1 mark Identify a value of x where the graphs of y = cos x and y = sinx intersect. 3° a. ˜ 4 ° b. ˜ 4 c. 0 3π d. 4 
2025,jan,January 2025,21,mcq,2,/home/max/testgen-suite/ocr-frq/mb-exams/source-pdfs/student-booklets/pc_25_jan_sb2.pdf,[6],1,1.0,1 mark,no-calculator,B,P4,answer-key,/home/max/testgen-suite/ocr-frq/mb-exams/source-pdfs/marking-guides/pc_25_jan_mg.pdf,[56],[],Question 21 1 mark Identify the number of negative terms in the binomial expansion of °2 ˜ ˛ 6. x y a. 0 b. 3 c. 4 d. 6 
2025,jan,January 2025,22,mcq,2,/home/max/testgen-suite/ocr-frq/mb-exams/source-pdfs/student-booklets/pc_25_jan_sb2.pdf,[6],1,1.0,1 mark,no-calculator,D,T5,answer-key,/home/max/testgen-suite/ocr-frq/mb-exams/source-pdfs/marking-guides/pc_25_jan_mg.pdf,[56],[],"Question 22 1 mark Identify the general solution of the equation, sinx = 1. a. x k k °  ˜ ˛, b. x ˜ 2k˛, k °  ˝ c. x ˜ ° k˝, k ˛ 2 ˝ d. x ˜ ° k˝ k 2 , ˛ 2 Pre-Calculus Mathematics: Booklet 2 (January 2025) 2"
2025,jan,January 2025,23,mcq,2,/home/max/testgen-suite/ocr-frq/mb-exams/source-pdfs/student-booklets/pc_25_jan_sb2.pdf,[7],1,1.0,1 mark,no-calculator,C,R12,answer-key,/home/max/testgen-suite/ocr-frq/mb-exams/source-pdfs/marking-guides/pc_25_jan_mg.pdf,[57],[],Question 23 1 mark Identify a possible degree of the polynomial function represented below. a. 2 y b. 3 x c. 4 d. 5 
2025,jan,January 2025,24,mcq,2,/home/max/testgen-suite/ocr-frq/mb-exams/source-pdfs/student-booklets/pc_25_jan_sb2.pdf,[7],1,1.0,1 mark,no-calculator,D,T6,answer-key,/home/max/testgen-suite/ocr-frq/mb-exams/source-pdfs/marking-guides/pc_25_jan_mg.pdf,[57],[],Question 24 1 mark Identify the expression that is equivalent to cos x cot x. 1 - sin x a. sin x sin2 x -1 b. sinx c. sin x 1 -sin2 x d. sinx 
2025,jan,January 2025,25,mcq,2,/home/max/testgen-suite/ocr-frq/mb-exams/source-pdfs/student-booklets/pc_25_jan_sb2.pdf,[7],1,1.0,1 mark,no-calculator,B,R1,answer-key,/home/max/testgen-suite/ocr-frq/mb-exams/source-pdfs/marking-guides/pc_25_jan_mg.pdf,[57],[],"Question 25 1 mark Given that the point (-7, -5) is on the graph of y g x , identify the corresponding point on the ˜ ° ˛ graph of y g° ˛ x . ˜ a. (7, 5) b. (-7, 5) c. (7, -5) d. (-5, -7) Pre-Calculus Mathematics: Booklet 2 (January 2025) 3"
2025,jan,January 2025,26,frq,2,/home/max/testgen-suite/ocr-frq/mb-exams/source-pdfs/student-booklets/pc_25_jan_sb2.pdf,[8],1,2.0,2 marks,no-calculator,,R11,marking-guide-heading,/home/max/testgen-suite/ocr-frq/mb-exams/source-pdfs/marking-guides/pc_25_jan_mg.pdf,[58],[],"Question 26 2 marks Given that x = 1 is one of the zeros of p x˜ ° ˛ x3 ˝ x2 ˙10x ˝ 8, express p x˜ ° in completely factored form. p x˜ ° = __________________________________ Pre-Calculus Mathematics: Booklet 2 (January 2025) 4"
2025,jan,January 2025,27,frq,2,/home/max/testgen-suite/ocr-frq/mb-exams/source-pdfs/student-booklets/pc_25_jan_sb2.pdf,[9],1,2.0,2 marks,no-calculator,,T3,marking-guide-heading,/home/max/testgen-suite/ocr-frq/mb-exams/source-pdfs/marking-guides/pc_25_jan_mg.pdf,[62],[],Question 27 2 marks 2˜ ˛ 1 5˙ Determine the exact value of csc 2 °°if°˜ ˝ . 1 ˛ cos ˜ 6 Pre-Calculus Mathematics: Booklet 2 (January 2025) 5
2025,jan,January 2025,28,frq,2,/home/max/testgen-suite/ocr-frq/mb-exams/source-pdfs/student-booklets/pc_25_jan_sb2.pdf,[10],1,3.0,3 marks,no-calculator,,R13,marking-guide-heading,/home/max/testgen-suite/ocr-frq/mb-exams/source-pdfs/marking-guides/pc_25_jan_mg.pdf,[64],[],"Question 28 3 marks Solve, graphically. ˜ ° 2x 5 ˛ ˜ x 1 y x 1 1 Pre-Calculus Mathematics: Booklet 2 (January 2025) 6"
2025,jan,January 2025,29,frq,2,/home/max/testgen-suite/ocr-frq/mb-exams/source-pdfs/student-booklets/pc_25_jan_sb2.pdf,[11],1,2.0,2 marks,no-calculator,,R8,marking-guide-heading,/home/max/testgen-suite/ocr-frq/mb-exams/source-pdfs/marking-guides/pc_25_jan_mg.pdf,[68],[],"Question 29 2 marks If log 2 = p and log 5 = q, express log 40 in terms of p and q. a a a Pre-Calculus Mathematics: Booklet 2 (January 2025) 7"
2025,jan,January 2025,30,frq,2,/home/max/testgen-suite/ocr-frq/mb-exams/source-pdfs/student-booklets/pc_25_jan_sb2.pdf,[12],1,1.0,1 mark,no-calculator,,R6,marking-guide-heading,/home/max/testgen-suite/ocr-frq/mb-exams/source-pdfs/marking-guides/pc_25_jan_mg.pdf,[70],[],"Question 30 1 mark Describe how to sketch the graph of y f ˝1 ° ˛ x ˜ ° ˛. ˜ , given the graph of a linear function, y f x Pre-Calculus Mathematics: Booklet 2 (January 2025) 8"
2025,jan,January 2025,31,frq,2,/home/max/testgen-suite/ocr-frq/mb-exams/source-pdfs/student-booklets/pc_25_jan_sb2.pdf,[13],1,3.0,3 marks,no-calculator,,T6,marking-guide-heading,/home/max/testgen-suite/ocr-frq/mb-exams/source-pdfs/marking-guides/pc_25_jan_mg.pdf,[72],[],"Question 31 3 marks 4 12 Given that sin˜ ° ˛ where ˜ is in quadrant III, and cos ˜ ° where ˜ is in quadrant IV, 5 13 determine the exact value of cos ˜ ° . ˝ ˛ ˙ Pre-Calculus Mathematics: Booklet 2 (January 2025) 9"
2025,jan,January 2025,32,frq,2,/home/max/testgen-suite/ocr-frq/mb-exams/source-pdfs/student-booklets/pc_25_jan_sb2.pdf,[14],1,3.0,3 marks,no-calculator,,R14,marking-guide-heading,/home/max/testgen-suite/ocr-frq/mb-exams/source-pdfs/marking-guides/pc_25_jan_mg.pdf,[76],[],Question 32 3 marks 2x ˝ 4 Sketch the graph of f x˜ ° ˛ . x ˙1 1 y x 1 Pre-Calculus Mathematics: Booklet 2 (January 2025) 10
2025,jan,January 2025,33,frq,2,/home/max/testgen-suite/ocr-frq/mb-exams/source-pdfs/student-booklets/pc_25_jan_sb2.pdf,[15],1,3.0,a) 1 mark; b) 1 mark; c) 1 mark,no-calculator,,"T3, T4",marking-guide-heading,/home/max/testgen-suite/ocr-frq/mb-exams/source-pdfs/marking-guides/pc_25_jan_mg.pdf,[80],[],"Question 33 a) 1 mark b) 1 mark c) 1 mark 127 Due to the tidal variations, the depth of the water in a bay is represented by the function, ˆ  d t˜ ° ˛ ˝2cos ˜t ˙ 4° ˙16 ˘ˇ6  where d is the depth of the water, in metres and t is the time, in hours. a) Determine the depth of the water when t = 2. "
2025,jan,January 2025,34,frq,2,/home/max/testgen-suite/ocr-frq/mb-exams/source-pdfs/student-booklets/pc_25_jan_sb2.pdf,[16],1,3.0,3 marks,no-calculator,,T3,marking-guide-heading,/home/max/testgen-suite/ocr-frq/mb-exams/source-pdfs/marking-guides/pc_25_jan_mg.pdf,[82],[],Question 34 3 marks Evaluate. 5˜ 13˜ 7˜ ° ° ˙ ˙ ° ˙ sin2 ˘ cot ˝˛ ˇˆ sec ˝˛ ˇˆ ˝˛ ˇˆ 4 3 4 Pre-Calculus Mathematics: Booklet 2 (January 2025) 12
2025,jan,January 2025,35,frq,2,/home/max/testgen-suite/ocr-frq/mb-exams/source-pdfs/student-booklets/pc_25_jan_sb2.pdf,[17],1,2.0,a) 1 mark; b) 1 mark,no-calculator,,R14,marking-guide-heading,/home/max/testgen-suite/ocr-frq/mb-exams/source-pdfs/marking-guides/pc_25_jan_mg.pdf,[84],[],"Question 35 a) 1 mark b) 1 mark 129 130 x ˝3 a) State the non-permissible value(s) of the function, f x˜ ° ˛ x . 2 ˝9 b) Describe what each non-permissible value represents on the graph of f x˜ ° ˛ x ˝3 x . 2 ˝9 Pre-Calculus Mathematics: Booklet 2 (January 2025) 13"
2025,jan,January 2025,36,frq,2,/home/max/testgen-suite/ocr-frq/mb-exams/source-pdfs/student-booklets/pc_25_jan_sb2.pdf,[18],1,1.0,1 mark,no-calculator,,R7,marking-guide-heading,/home/max/testgen-suite/ocr-frq/mb-exams/source-pdfs/marking-guides/pc_25_jan_mg.pdf,[86],[],Question 36 1 mark Determine which of the given values is greater. Justify your answer. log 38 or log 50 3 4 Pre-Calculus Mathematics: Booklet 2 (January 2025) 14
2025,jan,January 2025,37,frq,2,/home/max/testgen-suite/ocr-frq/mb-exams/source-pdfs/student-booklets/pc_25_jan_sb2.pdf,[19],1,1.0,1 mark,no-calculator,,T2,marking-guide-heading,/home/max/testgen-suite/ocr-frq/mb-exams/source-pdfs/marking-guides/pc_25_jan_mg.pdf,[88],[],"Question 37 1 mark ˜ ˝ Determine if the point ˛° 3 5 , 4 4 ˆ˙ is on the unit circle. Justify your answer. Pre-Calculus Mathematics: Booklet 2 (January 2025) 15"
2025,jan,January 2025,38,frq,2,/home/max/testgen-suite/ocr-frq/mb-exams/source-pdfs/student-booklets/pc_25_jan_sb2.pdf,[20],1,2.0,2 marks,no-calculator,,P4,marking-guide-heading,/home/max/testgen-suite/ocr-frq/mb-exams/source-pdfs/marking-guides/pc_25_jan_mg.pdf,[92],[],Question 38 2 marks 11 ° 3 Determine which term contains x 5 in the binomial expansion of ˝˛ 2x ˜ ˙ ˇˆ . x Pre-Calculus Mathematics: Booklet 2 (January 2025) 16
2025,jan,January 2025,39,frq,2,/home/max/testgen-suite/ocr-frq/mb-exams/source-pdfs/student-booklets/pc_25_jan_sb2.pdf,[21],1,3.0,3 marks,no-calculator,,R9,marking-guide-heading,/home/max/testgen-suite/ocr-frq/mb-exams/source-pdfs/marking-guides/pc_25_jan_mg.pdf,[94],[],Question 39 3 marks x Sketch the graph of y ˜ 2 3° ˛ ˝1. 1 1 y x Pre-Calculus Mathematics: Booklet 2 (January 2025) 17
2025,jan,January 2025,40,frq,2,/home/max/testgen-suite/ocr-frq/mb-exams/source-pdfs/student-booklets/pc_25_jan_sb2.pdf,[22],1,2.0,2 marks,no-calculator,,"R8, R10",marking-guide-heading,/home/max/testgen-suite/ocr-frq/mb-exams/source-pdfs/marking-guides/pc_25_jan_mg.pdf,[98],[],"Question 40 2 marks Solve, algebraically. log°2x ˜ 1˛ ˝ log°x ˙ 2˛ ˜ 1 Pre-Calculus Mathematics: Booklet 2 (January 2025) 18"
2025,jan,January 2025,41,frq,2,/home/max/testgen-suite/ocr-frq/mb-exams/source-pdfs/student-booklets/pc_25_jan_sb2.pdf,[23],1,2.0,a) 1 mark; b) 1 mark,no-calculator,,R1,marking-guide-heading,/home/max/testgen-suite/ocr-frq/mb-exams/source-pdfs/marking-guides/pc_25_jan_mg.pdf,[102],[],"Question 41 a) 1 mark b) 1 mark 136 137 Given the functions, f x ˛ ˝2 and g x ˛ ˝2 , ˜ ° x ˜ ° x a) state the equation of h x˜ ° ˛ f x˜ ° ˝ g x˜ °. b) sketch the graph of h x˜ ° ˛ f x˜ ° ˝ g x˜ °. 1 1 y x Pre-Calculus Mathematics: Booklet 2 (January 2025) 19"
2025,jan,January 2025,42,frq,2,/home/max/testgen-suite/ocr-frq/mb-exams/source-pdfs/student-booklets/pc_25_jan_sb2.pdf,[24],1,1.0,1 mark,no-calculator,,R11,marking-guide-heading,/home/max/testgen-suite/ocr-frq/mb-exams/source-pdfs/marking-guides/pc_25_jan_mg.pdf,[108],[],"Question 42 1 mark Given p x˜ ° ˛ ˝2x3 ˙ 3x ˙1, determine the remainder when p x˜ ° is divided by ° x ˜ 2˛. Pre-Calculus Mathematics: Booklet 2 (January 2025) 20"
2025,jan,January 2025,43,frq,2,/home/max/testgen-suite/ocr-frq/mb-exams/source-pdfs/student-booklets/pc_25_jan_sb2.pdf,[25],1,3.0,3 marks,no-calculator,,T4,marking-guide-heading,/home/max/testgen-suite/ocr-frq/mb-exams/source-pdfs/marking-guides/pc_25_jan_mg.pdf,[110],[],"Question 43 3 marks Determine the equation of the sinusoidal function in the form y Acos Bx ˝ ˜ ° ˛ D. y (0, 10) (15, –2) y = __________________________________ x Pre-Calculus Mathematics: Booklet 2 (January 2025) 21"
2025,jan,January 2025,44,frq,2,/home/max/testgen-suite/ocr-frq/mb-exams/source-pdfs/student-booklets/pc_25_jan_sb2.pdf,[26],1,2.0,2 marks,no-calculator,,P2,marking-guide-heading,/home/max/testgen-suite/ocr-frq/mb-exams/source-pdfs/marking-guides/pc_25_jan_mg.pdf,[112],[],Question 44 2 marks Determine the total number of arrangements of the letters in the word TORONTO. State your answer as a whole number. Pre-Calculus Mathematics: Booklet 2 (January 2025) 22
2025,jun,June 2025,1,frq,1,/home/max/testgen-suite/ocr-frq/mb-exams/source-pdfs/student-booklets/pc_25_jun_sb1.pdf,[9],1,1.0,1 mark,calculator-active,,P1,marking-guide-heading,/home/max/testgen-suite/ocr-frq/mb-exams/source-pdfs/marking-guides/pc_25_jun_mg.pdf,[10],[],Question 1 1 mark Manitoba postal codes consist of three letters and three digits. Determine the total number of possible postal codes in Manitoba if the following characteristics must be met: • The postal code must begin with the letter R. • Only 18 letters of the alphabet can be used. • The letter
2025,jun,June 2025,2,frq,1,/home/max/testgen-suite/ocr-frq/mb-exams/source-pdfs/student-booklets/pc_25_jun_sb1.pdf,[10],1,2.0,2 marks,calculator-active,,R10,marking-guide-heading,/home/max/testgen-suite/ocr-frq/mb-exams/source-pdfs/marking-guides/pc_25_jun_mg.pdf,[12],[],"Question 2 2 marks The percent of people who click on a link, in response to seeing an advertisement on YouTube, can be modeled by the formula: where R t is the percentage, in decimal form, of people who click on the link t is the time in days. Determine, algebraically, the number of days it will ta"
2025,jun,June 2025,3,frq,1,/home/max/testgen-suite/ocr-frq/mb-exams/source-pdfs/student-booklets/pc_25_jun_sb1.pdf,[11],1,3.0,3 marks,calculator-active,,P4,marking-guide-heading,/home/max/testgen-suite/ocr-frq/mb-exams/source-pdfs/marking-guides/pc_25_jun_mg.pdf,[14],[],Question 3 3 marks Determine and simplify the middle term in the binomial expansion of 5 4 3 6 x x   .
2025,jun,June 2025,4,frq,1,/home/max/testgen-suite/ocr-frq/mb-exams/source-pdfs/student-booklets/pc_25_jun_sb1.pdf,[12],1,3.0,3 marks,calculator-active,,T5,marking-guide-heading,/home/max/testgen-suite/ocr-frq/mb-exams/source-pdfs/marking-guides/pc_25_jun_mg.pdf,[16],[],"Question 4 3 marks Solve 3 5 6 0 2 tan tan x x , over the interval 0 2, . Note: A calculator is not required for the remaining test questions."
2025,jun,June 2025,5,frq,1,/home/max/testgen-suite/ocr-frq/mb-exams/source-pdfs/student-booklets/pc_25_jun_sb1.pdf,[13],1,2.0,a) 1 mark; b) 1 mark,no-calculator,,T1,marking-guide-heading,/home/max/testgen-suite/ocr-frq/mb-exams/source-pdfs/marking-guides/pc_25_jun_mg.pdf,[20],[],"Question 5 a) 1 mark b) 1 mark Given  80 , a) determine the measure of θ, in radians. b) state all the coterminal angles of θ. θ"
2025,jun,June 2025,6,frq,1,/home/max/testgen-suite/ocr-frq/mb-exams/source-pdfs/student-booklets/pc_25_jun_sb1.pdf,[14],1,1.0,1 mark,no-calculator,,R12,marking-guide-heading,/home/max/testgen-suite/ocr-frq/mb-exams/source-pdfs/marking-guides/pc_25_jun_mg.pdf,[22],[],"Question 6 1 mark State a possible value of n if the polynomial function p x x x n  1 4 2 has a range of , ."
2025,jun,June 2025,7,frq,1,/home/max/testgen-suite/ocr-frq/mb-exams/source-pdfs/student-booklets/pc_25_jun_sb1.pdf,[15],1,4.0,4 marks,no-calculator,,"R2, R3, R5",marking-guide-heading,/home/max/testgen-suite/ocr-frq/mb-exams/source-pdfs/marking-guides/pc_25_jun_mg.pdf,[24],[],Question 7 4 marks Describe the transformations used to obtain the graph of the function y f x  2 8 5 from the graph of y f x . 108
2025,jun,June 2025,8,frq,1,/home/max/testgen-suite/ocr-frq/mb-exams/source-pdfs/student-booklets/pc_25_jun_sb1.pdf,[16],1,2.0,2 marks,no-calculator,,R14,marking-guide-heading,/home/max/testgen-suite/ocr-frq/mb-exams/source-pdfs/marking-guides/pc_25_jun_mg.pdf,[26],[],Question 8 2 marks State the domain and range of the function f x x 2 2 . Domain: ____________________ Range: ____________________
2025,jun,June 2025,9,frq,1,/home/max/testgen-suite/ocr-frq/mb-exams/source-pdfs/student-booklets/pc_25_jun_sb1.pdf,[17],1,1.0,1 mark,no-calculator,,P4,marking-guide-heading,/home/max/testgen-suite/ocr-frq/mb-exams/source-pdfs/marking-guides/pc_25_jun_mg.pdf,[28],[],"Question 9 1 mark Given the following row of Pascal’s Triangle, state the values in the next row. 1 5 10 10 5 1"
2025,jun,June 2025,10,frq,1,/home/max/testgen-suite/ocr-frq/mb-exams/source-pdfs/student-booklets/pc_25_jun_sb1.pdf,[18],1,2.0,2 marks,no-calculator,,R6,marking-guide-heading,/home/max/testgen-suite/ocr-frq/mb-exams/source-pdfs/marking-guides/pc_25_jun_mg.pdf,[30],[],"Question 10 2 marks Given f x x 3 2 , determine the equation of f x 1 ."
2025,jun,June 2025,11,frq,1,/home/max/testgen-suite/ocr-frq/mb-exams/source-pdfs/student-booklets/pc_25_jun_sb1.pdf,[19],1,2.0,2 marks,no-calculator,,R13,marking-guide-heading,/home/max/testgen-suite/ocr-frq/mb-exams/source-pdfs/marking-guides/pc_25_jun_mg.pdf,[32],[],"Question 11 2 marks Given the graph of y f x , sketch the graph of y f x . 112 The graph of f x has already been drawn for your reference. No marks will be awarded for the graph of f x . y x 1 1 f x 1 1 f x y x"
2025,jun,June 2025,12,frq,1,/home/max/testgen-suite/ocr-frq/mb-exams/source-pdfs/student-booklets/pc_25_jun_sb1.pdf,[20],1,3.0,3 marks,no-calculator,,T6,marking-guide-heading,/home/max/testgen-suite/ocr-frq/mb-exams/source-pdfs/marking-guides/pc_25_jun_mg.pdf,"[36, 37]",[],Question 12 3 marks Prove the identity for all permissible values of x. csc sec tan cot csc sec 2 2 x x x x x x 113 Left-Hand Side Right-Hand Side
2025,jun,June 2025,13,frq,1,/home/max/testgen-suite/ocr-frq/mb-exams/source-pdfs/student-booklets/pc_25_jun_sb1.pdf,[21],1,1.0,1 mark,no-calculator,,R9,marking-guide-heading,/home/max/testgen-suite/ocr-frq/mb-exams/source-pdfs/marking-guides/pc_25_jun_mg.pdf,[40],[],Question 13 1 mark Justify that the graph of f x ex 1 5 does not have an x-intercept.
2025,jun,June 2025,14,frq,1,/home/max/testgen-suite/ocr-frq/mb-exams/source-pdfs/student-booklets/pc_25_jun_sb1.pdf,[22],1,2.0,2 marks,no-calculator,,R1,marking-guide-heading,/home/max/testgen-suite/ocr-frq/mb-exams/source-pdfs/marking-guides/pc_25_jun_mg.pdf,[42],[],"Question 14 2 marks Given the graphs of f x and g x , sketch the graph of h x f x g x . y x g x f x 1 1 The graph of f x and g x have already been drawn for your reference. No marks will be awarded for the graph of f x and g x . f x g x y x 1 1"
2025,jun,June 2025,15,frq,1,/home/max/testgen-suite/ocr-frq/mb-exams/source-pdfs/student-booklets/pc_25_jun_sb1.pdf,[23],1,4.0,4 marks,no-calculator,,R13,marking-guide-heading,/home/max/testgen-suite/ocr-frq/mb-exams/source-pdfs/marking-guides/pc_25_jun_mg.pdf,[46],[],Question 15 4 marks Sketch the graph of f x x 5 2 4 ( ) . 1 1 y x
2025,jun,June 2025,16,mcq,2,/home/max/testgen-suite/ocr-frq/mb-exams/source-pdfs/student-booklets/pc_25_jun_sb2.pdf,[5],1,1.0,1 mark,no-calculator,B,R11,answer-key,/home/max/testgen-suite/ocr-frq/mb-exams/source-pdfs/marking-guides/pc_25_jun_mg.pdf,[51],[],"Question 16 1 mark Identify the number of x-intercepts on the graph of the polynomial function, p x x x x  3 8 5 2 . a. 1 b. 2 c. 3 d. 4 "
2025,jun,June 2025,17,mcq,2,/home/max/testgen-suite/ocr-frq/mb-exams/source-pdfs/student-booklets/pc_25_jun_sb2.pdf,[5],1,1.0,1 mark,no-calculator,D,R5,answer-key,/home/max/testgen-suite/ocr-frq/mb-exams/source-pdfs/marking-guides/pc_25_jun_mg.pdf,[51],[],Question 17 1 mark Identify the equation that represents the graph of y x 2 3 after a reflection over the x-axis. a. y x 2 3 b. y x 2 3 c. y x 2 3 d. y x 2 3 
2025,jun,June 2025,18,mcq,2,/home/max/testgen-suite/ocr-frq/mb-exams/source-pdfs/student-booklets/pc_25_jun_sb2.pdf,[5],1,1.0,1 mark,no-calculator,B,R7,answer-key,/home/max/testgen-suite/ocr-frq/mb-exams/source-pdfs/marking-guides/pc_25_jun_mg.pdf,[51],[],"Question 18 1 mark Given 2 2 3 log = x , identify the value of x. a. 1 b. 3 c. 6 d. 8"
2025,jun,June 2025,19,mcq,2,/home/max/testgen-suite/ocr-frq/mb-exams/source-pdfs/student-booklets/pc_25_jun_sb2.pdf,[6],1,1.0,1 mark,no-calculator,C,R14,answer-key,/home/max/testgen-suite/ocr-frq/mb-exams/source-pdfs/marking-guides/pc_25_jun_mg.pdf,[52],[],Question 19 1 mark Identify the y-intercept on the graph of y x x x 3 5 6 2 . a. - 3 b. - 2 c. -1 2 d. 3 
2025,jun,June 2025,20,mcq,2,/home/max/testgen-suite/ocr-frq/mb-exams/source-pdfs/student-booklets/pc_25_jun_sb2.pdf,[6],1,1.0,1 mark,no-calculator,C,P2,answer-key,/home/max/testgen-suite/ocr-frq/mb-exams/source-pdfs/marking-guides/pc_25_jun_mg.pdf,[52],[],Question 20 1 mark Identify the total number of arrangements for 10 students and 2 teachers to sit in a row if the teachers must sit together. a. 10!2! b. 11! c. 11!2! d. 12! 
2025,jun,June 2025,21,mcq,2,/home/max/testgen-suite/ocr-frq/mb-exams/source-pdfs/student-booklets/pc_25_jun_sb2.pdf,[6],1,1.0,1 mark,no-calculator,B,R11,answer-key,/home/max/testgen-suite/ocr-frq/mb-exams/source-pdfs/marking-guides/pc_25_jun_mg.pdf,[52],[],Question 21 1 mark Identify which expression represents the remainder when the polynomial P x is divided by x 4 . a. P 4 b. P 4 c. P x 4 d. P x 4
2025,jun,June 2025,22,mcq,2,/home/max/testgen-suite/ocr-frq/mb-exams/source-pdfs/student-booklets/pc_25_jun_sb2.pdf,[7],1,1.0,1 mark,no-calculator,D,T4,answer-key,/home/max/testgen-suite/ocr-frq/mb-exams/source-pdfs/marking-guides/pc_25_jun_mg.pdf,[53],[],Question 22 1 mark Identify the period of the graph of the sinusoidal function. a. b. 10 c. 20π d. 20 
2025,jun,June 2025,23,mcq,2,/home/max/testgen-suite/ocr-frq/mb-exams/source-pdfs/student-booklets/pc_25_jun_sb2.pdf,[7],1,1.0,1 mark,no-calculator,C,R8,answer-key,/home/max/testgen-suite/ocr-frq/mb-exams/source-pdfs/marking-guides/pc_25_jun_mg.pdf,[53],[],Question 23 1 mark Identify an equivalent expression for log log 3 3 9 5 + . a. log314 b. 2 5 3 log c. log3 45 d. log3 9 5  
2025,jun,June 2025,24,mcq,2,/home/max/testgen-suite/ocr-frq/mb-exams/source-pdfs/student-booklets/pc_25_jun_sb2.pdf,[7],1,1.0,1 mark,no-calculator,A,T1,answer-key,/home/max/testgen-suite/ocr-frq/mb-exams/source-pdfs/marking-guides/pc_25_jun_mg.pdf,[53],[],"Question 24 1 mark Identify the coterminal angle(s) of 11 10 over the interval 3 , . a. = 9 10 b. = 31 10 21 10 , c. = 31 10 9 10 , d. = 21 10 9 10 , 10π (5,2) (−5,−2) f x y x"
2025,jun,June 2025,25,frq,2,/home/max/testgen-suite/ocr-frq/mb-exams/source-pdfs/student-booklets/pc_25_jun_sb2.pdf,[8],1,3.0,3 marks,no-calculator,,R11,marking-guide-heading,/home/max/testgen-suite/ocr-frq/mb-exams/source-pdfs/marking-guides/pc_25_jun_mg.pdf,[54],[],Question 25 3 marks Express p x x x 3 13 12 in completely factored form. 117 p x _______________________________
2025,jun,June 2025,26,frq,2,/home/max/testgen-suite/ocr-frq/mb-exams/source-pdfs/student-booklets/pc_25_jun_sb2.pdf,[9],1,3.0,3 marks,no-calculator,,T5,marking-guide-heading,/home/max/testgen-suite/ocr-frq/mb-exams/source-pdfs/marking-guides/pc_25_jun_mg.pdf,[56],[],"Question 26 3 marks Verify, by substitution, that the equation cos sin csc sec 2 2 2 2 is true for 6 . Left-Hand Side Right-Hand Side"
2025,jun,June 2025,27,frq,2,/home/max/testgen-suite/ocr-frq/mb-exams/source-pdfs/student-booklets/pc_25_jun_sb2.pdf,[10],1,3.0,a) 1 mark; b) 2 marks,no-calculator,,R9,marking-guide-heading,/home/max/testgen-suite/ocr-frq/mb-exams/source-pdfs/marking-guides/pc_25_jun_mg.pdf,[60],[],"Question 27 a) 1 mark b) 2 marks Given f x x log3 2, a) determine the x-intercept of f x x log3 2. b) sketch the graph of f x x log3 2. 1 1 y x 119 120"
2025,jun,June 2025,28,frq,2,/home/max/testgen-suite/ocr-frq/mb-exams/source-pdfs/student-booklets/pc_25_jun_sb2.pdf,[11],1,2.0,2 marks,no-calculator,,T3,marking-guide-heading,/home/max/testgen-suite/ocr-frq/mb-exams/source-pdfs/marking-guides/pc_25_jun_mg.pdf,[64],[],Question 28 2 marks Evaluate. sec tan 2 2 5 4 2 3       121
2025,jun,June 2025,29,frq,2,/home/max/testgen-suite/ocr-frq/mb-exams/source-pdfs/student-booklets/pc_25_jun_sb2.pdf,[12],1,1.0,1 mark,no-calculator,,R1,marking-guide-heading,/home/max/testgen-suite/ocr-frq/mb-exams/source-pdfs/marking-guides/pc_25_jun_mg.pdf,[66],[],"Question 29 1 mark Given the functions f x x 3 and g x x 2, state the domain of g f x . 122"
2025,jun,June 2025,30,frq,2,/home/max/testgen-suite/ocr-frq/mb-exams/source-pdfs/student-booklets/pc_25_jun_sb2.pdf,[13],1,1.0,1 mark,no-calculator,,T6,marking-guide-heading,/home/max/testgen-suite/ocr-frq/mb-exams/source-pdfs/marking-guides/pc_25_jun_mg.pdf,[68],[],Question 30 1 mark Evaluate. sin cos cos sin 70 25 70 25 123
2025,jun,June 2025,31,frq,2,/home/max/testgen-suite/ocr-frq/mb-exams/source-pdfs/student-booklets/pc_25_jun_sb2.pdf,[14],1,2.0,2 marks,no-calculator,,R10,marking-guide-heading,/home/max/testgen-suite/ocr-frq/mb-exams/source-pdfs/marking-guides/pc_25_jun_mg.pdf,[70],[],"Question 31 2 marks Solve, algebraically. log15 2 1 1 x 124"
2025,jun,June 2025,32,frq,2,/home/max/testgen-suite/ocr-frq/mb-exams/source-pdfs/student-booklets/pc_25_jun_sb2.pdf,[15],1,2.0,2 marks,no-calculator,,R1,marking-guide-heading,/home/max/testgen-suite/ocr-frq/mb-exams/source-pdfs/marking-guides/pc_25_jun_mg.pdf,[72],[],"Question 32 2 marks Given the graph of y f x , sketch the graph of y f x 1 . y x 1 f x π 2 y x 1 f x π 2 The graph of f x has already been drawn for your reference. No marks will be awarded for the graph of f x . 125"
2025,jun,June 2025,33,frq,2,/home/max/testgen-suite/ocr-frq/mb-exams/source-pdfs/student-booklets/pc_25_jun_sb2.pdf,[16],1,4.0,a) 3 marks; b) 1 mark,no-calculator,,T4,marking-guide-heading,/home/max/testgen-suite/ocr-frq/mb-exams/source-pdfs/marking-guides/pc_25_jun_mg.pdf,[76],[],"Question 33 a) 3 marks b) 1 mark A light is attached to the end of a blade of a wind turbine. The height of the light, with respect to the ground, follows the sinusoidal equation: where h t is the height of the light with respect to the ground, measured in feet and, t is the time, measured in second"
2025,jun,June 2025,34,frq,2,/home/max/testgen-suite/ocr-frq/mb-exams/source-pdfs/student-booklets/pc_25_jun_sb2.pdf,[17],1,1.0,1 mark,no-calculator,,P2,marking-guide-heading,/home/max/testgen-suite/ocr-frq/mb-exams/source-pdfs/marking-guides/pc_25_jun_mg.pdf,[80],[],Question 34 1 mark Elodie was asked to determine the total number of arrangements of the letters in the word EXCELLENCE. Her solution: Describe her error. 128
2025,jun,June 2025,35,frq,2,/home/max/testgen-suite/ocr-frq/mb-exams/source-pdfs/student-booklets/pc_25_jun_sb2.pdf,[18],1,4.0,a) 3 marks; b) 1 mark,no-calculator,,T6,marking-guide-heading,/home/max/testgen-suite/ocr-frq/mb-exams/source-pdfs/marking-guides/pc_25_jun_mg.pdf,[82],[],"Question 35 a) 3 marks b) 1 mark Given that cos 4 7 where is in quadrant III and sin  = 5 13 β where β is in quadrant II, determine the exact value of: a) cos  b) sec  129 130"
2025,jun,June 2025,36,frq,2,/home/max/testgen-suite/ocr-frq/mb-exams/source-pdfs/student-booklets/pc_25_jun_sb2.pdf,[19],1,2.0,2 marks,no-calculator,,"R4, R5",marking-guide-heading,/home/max/testgen-suite/ocr-frq/mb-exams/source-pdfs/marking-guides/pc_25_jun_mg.pdf,[86],[],"Question 36 2 marks Determine the equation for g x , in terms of f x . g x = __________________________________ y x g x f x 1 1 131"
2025,jun,June 2025,37,frq,2,/home/max/testgen-suite/ocr-frq/mb-exams/source-pdfs/student-booklets/pc_25_jun_sb2.pdf,[20],1,1.0,1 mark,no-calculator,,R7,marking-guide-heading,/home/max/testgen-suite/ocr-frq/mb-exams/source-pdfs/marking-guides/pc_25_jun_mg.pdf,[88],[],"Question 37 1 mark State possible values for m and n that satisfy the equation, logm n = 5. 132"
2025,jun,June 2025,38,frq,2,/home/max/testgen-suite/ocr-frq/mb-exams/source-pdfs/student-booklets/pc_25_jun_sb2.pdf,[21],1,4.0,4 marks,no-calculator,,R14,marking-guide-heading,/home/max/testgen-suite/ocr-frq/mb-exams/source-pdfs/marking-guides/pc_25_jun_mg.pdf,[90],[],Question 38 4 marks Sketch the graph of f x x x x  4 7 12 2 . 1 1 y x 133
2025,jun,June 2025,39,frq,2,/home/max/testgen-suite/ocr-frq/mb-exams/source-pdfs/student-booklets/pc_25_jun_sb2.pdf,[22],1,1.0,1 mark,no-calculator,,P2,marking-guide-heading,/home/max/testgen-suite/ocr-frq/mb-exams/source-pdfs/marking-guides/pc_25_jun_mg.pdf,[92],[],Question 39 1 mark Justify that the value of 3 4 P does not exist. 134
2025,jun,June 2025,40,frq,2,/home/max/testgen-suite/ocr-frq/mb-exams/source-pdfs/student-booklets/pc_25_jun_sb2.pdf,[23],1,1.0,1 mark,no-calculator,,T4,marking-guide-heading,/home/max/testgen-suite/ocr-frq/mb-exams/source-pdfs/marking-guides/pc_25_jun_mg.pdf,[94],[],"Question 40 1 mark State the range of the sinusoidal function that has the following characteristics: • an amplitude of 3 • a maximum at 2 1 ,   135"
2025,jun,June 2025,41,frq,2,/home/max/testgen-suite/ocr-frq/mb-exams/source-pdfs/student-booklets/pc_25_jun_sb2.pdf,[24],1,3.0,3 marks,no-calculator,,P3,marking-guide-heading,/home/max/testgen-suite/ocr-frq/mb-exams/source-pdfs/marking-guides/pc_25_jun_mg.pdf,[96],[],"Question 41 3 marks Solve, algebraically. nC = 15 2 136"
2025,jun,June 2025,42,frq,2,/home/max/testgen-suite/ocr-frq/mb-exams/source-pdfs/student-booklets/pc_25_jun_sb2.pdf,[25],1,1.0,1 mark,no-calculator,,T5,marking-guide-heading,/home/max/testgen-suite/ocr-frq/mb-exams/source-pdfs/marking-guides/pc_25_jun_mg.pdf,[100],[],"Question 42 1 mark Describe how to use the graphs of f x x 5sin2 and g x 3 to solve the equation, 5sin = 3 2x , over the interval 0 2 , . 137 1 g x f x y x π 2π"
2025,jun,June 2025,43,frq,2,/home/max/testgen-suite/ocr-frq/mb-exams/source-pdfs/student-booklets/pc_25_jun_sb2.pdf,[26],1,3.0,3 marks,no-calculator,,R8,marking-guide-heading,/home/max/testgen-suite/ocr-frq/mb-exams/source-pdfs/marking-guides/pc_25_jun_mg.pdf,[102],[],"Question 43 3 marks Solve, algebraically. 2 5 1 3 125 3 3 3 log log log a 138"
2025,jun,June 2025,44,frq,2,/home/max/testgen-suite/ocr-frq/mb-exams/source-pdfs/student-booklets/pc_25_jun_sb2.pdf,[27],1,1.0,1 mark,no-calculator,,T1,marking-guide-heading,/home/max/testgen-suite/ocr-frq/mb-exams/source-pdfs/marking-guides/pc_25_jun_mg.pdf,[104],[],"Question 44 1 mark Sketch the angle, 7 12 , in standard position. y x 139"
2025,jun,June 2025,45,frq,2,/home/max/testgen-suite/ocr-frq/mb-exams/source-pdfs/student-booklets/pc_25_jun_sb2.pdf,[28],1,3.0,3 marks,no-calculator,,R12,marking-guide-heading,/home/max/testgen-suite/ocr-frq/mb-exams/source-pdfs/marking-guides/pc_25_jun_mg.pdf,[108],[],Question 45 3 marks Sketch the graph of p x x x x  1 2 4 2. 140
2025,jun,June 2025,46,frq,2,/home/max/testgen-suite/ocr-frq/mb-exams/source-pdfs/student-booklets/pc_25_jun_sb2.pdf,[29],1,2.0,2 marks,no-calculator,,T3,marking-guide-heading,/home/max/testgen-suite/ocr-frq/mb-exams/source-pdfs/marking-guides/pc_25_jun_mg.pdf,[110],[],"Question 46 2 marks The point, P y      1 6 , , lies on the unit circle and is located in Quadrant III. Determine the exact value of cscθ . 141"
2026,jan,January 2026,1,frq,1,/home/max/testgen-suite/ocr-frq/mb-exams/source-pdfs/student-booklets/pc_26_jan_sb1.pdf,[9],1,2.0,2 marks,calculator-active,,T1,marking-guide-heading,/home/max/testgen-suite/ocr-frq/mb-exams/source-pdfs/marking-guides/pc_26_jan_mg.pdf,[10],[],Question 1 2 marks Liam went for a ride on a Ferris wheel with a radius of 5 metres. Determine the distance he travelled if the Ferris wheel stopped after rotating 1260°. 101
2026,jan,January 2026,2,frq,1,/home/max/testgen-suite/ocr-frq/mb-exams/source-pdfs/student-booklets/pc_26_jan_sb1.pdf,[10],1,4.0,4 marks,calculator-active,,P4,marking-guide-heading,/home/max/testgen-suite/ocr-frq/mb-exams/source-pdfs/marking-guides/pc_26_jan_mg.pdf,[12],[],Question 2 4 marks Determine and simplify the term that contains x12 in the binomial expansion of 2 3 4 7 x . 102
2026,jan,January 2026,3,frq,1,/home/max/testgen-suite/ocr-frq/mb-exams/source-pdfs/student-booklets/pc_26_jan_sb1.pdf,[11],1,3.0,a) 1 mark; b) 2 marks,calculator-active,,R10,marking-guide-heading,/home/max/testgen-suite/ocr-frq/mb-exams/source-pdfs/marking-guides/pc_26_jan_mg.pdf,[14],[],"Question 3 a) 1 mark b) 2 marks The normal healing of wounds can be modeled by an exponential function. The area of the wound decreases according to the formula, where: A is the area of the wound in cm2, after t days, A0 is the initial area of the wound in cm2, and t is the time, in days, after heal"
2026,jan,January 2026,4,frq,1,/home/max/testgen-suite/ocr-frq/mb-exams/source-pdfs/student-booklets/pc_26_jan_sb1.pdf,[12],1,3.0,3 marks,calculator-active,,P3,marking-guide-heading,/home/max/testgen-suite/ocr-frq/mb-exams/source-pdfs/marking-guides/pc_26_jan_mg.pdf,[18],[],"Question 4 3 marks During a hockey practice, 4 players are wearing a green jersey and 5 players are wearing a red jersey. Determine the number of ways three players can be selected if at least two of the players must be wearing a red jersey. Note: A calculator is not required for the remaining test "
2026,jan,January 2026,5,frq,1,/home/max/testgen-suite/ocr-frq/mb-exams/source-pdfs/student-booklets/pc_26_jan_sb1.pdf,[13],1,4.0,4 marks,no-calculator,,T5,marking-guide-heading,/home/max/testgen-suite/ocr-frq/mb-exams/source-pdfs/marking-guides/pc_26_jan_mg.pdf,[20],[],"Question 5 4 marks Solve, algebraically, over the interval 0 2, . 2 5 1 0 2 sin cos x x 106"
2026,jan,January 2026,6,frq,1,/home/max/testgen-suite/ocr-frq/mb-exams/source-pdfs/student-booklets/pc_26_jan_sb1.pdf,[14],1,1.0,1 mark,no-calculator,,R3,marking-guide-heading,/home/max/testgen-suite/ocr-frq/mb-exams/source-pdfs/marking-guides/pc_26_jan_mg.pdf,[24],[],"Question 6 1 mark The function, y f x , has a domain of 8 4 , . The domain of the graph of y f bx is 4 2, . State the value of b. 107"
2026,jan,January 2026,7,frq,1,/home/max/testgen-suite/ocr-frq/mb-exams/source-pdfs/student-booklets/pc_26_jan_sb1.pdf,[15],1,1.0,1 mark,no-calculator,,R14,marking-guide-heading,/home/max/testgen-suite/ocr-frq/mb-exams/source-pdfs/marking-guides/pc_26_jan_mg.pdf,[26],[],Question 7 1 mark Describe the difference between the graph of f x x x x  3 4 3 and the graph of g x x 4.
2026,jan,January 2026,8,frq,1,/home/max/testgen-suite/ocr-frq/mb-exams/source-pdfs/student-booklets/pc_26_jan_sb1.pdf,[16],1,1.0,1 mark,no-calculator,,T2,marking-guide-heading,/home/max/testgen-suite/ocr-frq/mb-exams/source-pdfs/marking-guides/pc_26_jan_mg.pdf,[28],[],"Question 8 1 mark Determine if the point   3 5 2 3 , is on the unit circle. Justify your answer."
2026,jan,January 2026,9,frq,1,/home/max/testgen-suite/ocr-frq/mb-exams/source-pdfs/student-booklets/pc_26_jan_sb1.pdf,[17],1,3.0,3 marks,no-calculator,,"R2, R5",marking-guide-heading,/home/max/testgen-suite/ocr-frq/mb-exams/source-pdfs/marking-guides/pc_26_jan_mg.pdf,[30],[],"Question 9 3 marks Given the graph of f x , sketch the graph of g x f x  1 3. The graph of f x has already been drawn for your reference. No marks will be awarded for the graph of f x . f(x) 1 1 f x y x f(x) 1 1 y x f x"
2026,jan,January 2026,10,frq,1,/home/max/testgen-suite/ocr-frq/mb-exams/source-pdfs/student-booklets/pc_26_jan_sb1.pdf,[18],1,1.0,1 mark,no-calculator,,R11,marking-guide-heading,/home/max/testgen-suite/ocr-frq/mb-exams/source-pdfs/marking-guides/pc_26_jan_mg.pdf,[34],[],Question 10 1 mark Bonnie was asked to determine the factors of p x x x x   3 2 4 5 4 2 . Describe the error she made in her set up of synthetic division. 111
2026,jan,January 2026,11,frq,1,/home/max/testgen-suite/ocr-frq/mb-exams/source-pdfs/student-booklets/pc_26_jan_sb1.pdf,[19],1,2.0,a) 1 mark; b) 1 mark,no-calculator,,R1,marking-guide-heading,/home/max/testgen-suite/ocr-frq/mb-exams/source-pdfs/marking-guides/pc_26_jan_mg.pdf,[36],[],"Question 11 a) 1 mark b) 1 mark Given the functions, f x x 1 1 and g x x 3, a) state the equation of f g x . f g x = ________________ b) state the domain of f g x . Domain: __________________"
2026,jan,January 2026,12,frq,1,/home/max/testgen-suite/ocr-frq/mb-exams/source-pdfs/student-booklets/pc_26_jan_sb1.pdf,[20],1,3.0,3 marks,no-calculator,,T6,marking-guide-heading,/home/max/testgen-suite/ocr-frq/mb-exams/source-pdfs/marking-guides/pc_26_jan_mg.pdf,"[40, 41, 42]",[],Question 12 3 marks Prove the identity for all permissible values of x. tan cot tan 2 2 x x x Left-Hand Side Right-Hand Side
2026,jan,January 2026,13,frq,1,/home/max/testgen-suite/ocr-frq/mb-exams/source-pdfs/student-booklets/pc_26_jan_sb1.pdf,[21],1,2.0,a) 1 mark; b) 1 mark,no-calculator,,R1,marking-guide-heading,/home/max/testgen-suite/ocr-frq/mb-exams/source-pdfs/marking-guides/pc_26_jan_mg.pdf,[46],[],"Question 13 a) 1 mark b) 1 mark Given f x x  2 2 and g x x 2 1, a) determine the equation of h x g x f x . h x ___________________________________ b) state the range of h x . Range: ___________________________________"
2026,jan,January 2026,14,frq,1,/home/max/testgen-suite/ocr-frq/mb-exams/source-pdfs/student-booklets/pc_26_jan_sb1.pdf,[22],1,2.0,a) 1 mark; b) 1 mark,no-calculator,,"R5, R6",marking-guide-heading,/home/max/testgen-suite/ocr-frq/mb-exams/source-pdfs/marking-guides/pc_26_jan_mg.pdf,[50],[],"Question 14 a) 1 mark b) 1 mark Given the graph of f x , a) sketch the graph after a reflection over the line y = x. b) state a restriction on the domain of f x in order for its inverse to be a function. y x 1 1 y x 1 1 117 118 The graph of f x has already been drawn for your reference. No marks wil"
2026,jan,January 2026,15,frq,1,/home/max/testgen-suite/ocr-frq/mb-exams/source-pdfs/student-booklets/pc_26_jan_sb1.pdf,[23],1,1.0,1 mark,no-calculator,,"R4, R5",marking-guide-heading,/home/max/testgen-suite/ocr-frq/mb-exams/source-pdfs/marking-guides/pc_26_jan_mg.pdf,[54],[],Question 15 1 mark Describe a transformation of a function that would not affect its domain.
2026,jan,January 2026,16,frq,1,/home/max/testgen-suite/ocr-frq/mb-exams/source-pdfs/student-booklets/pc_26_jan_sb1.pdf,[24],1,1.0,1 mark,no-calculator,,R1,marking-guide-heading,/home/max/testgen-suite/ocr-frq/mb-exams/source-pdfs/marking-guides/pc_26_jan_mg.pdf,[56],[],"Question 16 1 mark Given the graph of f x , sketch the graph of the function y f x . The graph of f x has already been drawn for your reference. No marks will be awarded for the graph of f x . y x 1 1 y x 1 1 f x f x"
2026,jan,January 2026,17,frq,1,/home/max/testgen-suite/ocr-frq/mb-exams/source-pdfs/student-booklets/pc_26_jan_sb1.pdf,[25],1,3.0,3 marks,no-calculator,,R11,marking-guide-heading,/home/max/testgen-suite/ocr-frq/mb-exams/source-pdfs/marking-guides/pc_26_jan_mg.pdf,[58],[],"Question 17 3 marks Determine, algebraically, all of the zeros of the polynomial function, p x x x x  3 20 12 3 2 ."
2026,jan,January 2026,18,mcq,2,/home/max/testgen-suite/ocr-frq/mb-exams/source-pdfs/student-booklets/pc_26_jan_sb2.pdf,[5],1,1.0,1 mark,no-calculator,C,T2,answer-key,/home/max/testgen-suite/ocr-frq/mb-exams/source-pdfs/marking-guides/pc_26_jan_mg.pdf,[63],[],"Question 18 1 mark Given θ = 240°, identify the coordinates of the point, P , on the unit circle. a. b. c. d. "
2026,jan,January 2026,19,mcq,2,/home/max/testgen-suite/ocr-frq/mb-exams/source-pdfs/student-booklets/pc_26_jan_sb2.pdf,[5],1,1.0,1 mark,no-calculator,D,R1,answer-key,/home/max/testgen-suite/ocr-frq/mb-exams/source-pdfs/marking-guides/pc_26_jan_mg.pdf,[63],[],"Question 19 1 mark Given the functions, f x x  3 5 and g x x x  2 1, identify the value of g f 2 . a. −10 b. −5 c. −3 d. −1    3 2 1 2 ,    2 2 2 2 ,    1 2 3 2 , 1 2 3 2 ,   "
2026,jan,January 2026,20,mcq,2,/home/max/testgen-suite/ocr-frq/mb-exams/source-pdfs/student-booklets/pc_26_jan_sb2.pdf,[6],1,1.0,1 mark,no-calculator,C,R3,answer-key,/home/max/testgen-suite/ocr-frq/mb-exams/source-pdfs/marking-guides/pc_26_jan_mg.pdf,[64],[],"Question 20 1 mark Given f x x 5, identify the equation of the transformed graph that has the same y-intercept. a. y f x 3 b. y f x 3 c. y f x 3 d. y f x 3 "
2026,jan,January 2026,21,mcq,2,/home/max/testgen-suite/ocr-frq/mb-exams/source-pdfs/student-booklets/pc_26_jan_sb2.pdf,[6],1,1.0,1 mark,no-calculator,A,R12,answer-key,/home/max/testgen-suite/ocr-frq/mb-exams/source-pdfs/marking-guides/pc_26_jan_mg.pdf,[64],[],"Question 21 1 mark Given the graph of p x ax bx cx d 3 2 , identify the statement that is true. a. a d 0 0 , b. a d > > 0 0 , c. a d < < 0 0 , d. a d 0 0 , "
2026,jan,January 2026,22,mcq,2,/home/max/testgen-suite/ocr-frq/mb-exams/source-pdfs/student-booklets/pc_26_jan_sb2.pdf,[6],1,1.0,1 mark,no-calculator,B,T5,answer-key,/home/max/testgen-suite/ocr-frq/mb-exams/source-pdfs/marking-guides/pc_26_jan_mg.pdf,[64],[],"Question 22 1 mark Identify the general solution of the equation, cscθ = −1. a. b. c. d. y x   2 k k ,  3 2 2   k k ,  3 2   k k ,    2k k , "
2026,jan,January 2026,23,mcq,2,/home/max/testgen-suite/ocr-frq/mb-exams/source-pdfs/student-booklets/pc_26_jan_sb2.pdf,[7],1,1.0,1 mark,no-calculator,B,R13,answer-key,/home/max/testgen-suite/ocr-frq/mb-exams/source-pdfs/marking-guides/pc_26_jan_mg.pdf,[65],[],"Question 23 1 mark Identify the equation of a radical function with a domain of 6, and a range of ,3 . a. y x 6 3 b. y x 6 3 c. y x  3 6 d. y x 6 3 "
2026,jan,January 2026,24,mcq,2,/home/max/testgen-suite/ocr-frq/mb-exams/source-pdfs/student-booklets/pc_26_jan_sb2.pdf,[7],1,1.0,1 mark,no-calculator,D,P3,answer-key,/home/max/testgen-suite/ocr-frq/mb-exams/source-pdfs/marking-guides/pc_26_jan_mg.pdf,[65],[],"Question 24 1 mark Identify the value of n in the equation, n n C C 3 7 = . a. 3 b. 4 c. 7 d. 10 "
2026,jan,January 2026,25,mcq,2,/home/max/testgen-suite/ocr-frq/mb-exams/source-pdfs/student-booklets/pc_26_jan_sb2.pdf,[7],1,1.0,1 mark,no-calculator,A,R11,answer-key,/home/max/testgen-suite/ocr-frq/mb-exams/source-pdfs/marking-guides/pc_26_jan_mg.pdf,[65],[],Question 25 1 mark Identify the remainder when p x x 5 1 is divided by x 1 . a. −2 b. −1 c. 0 d. 4
2026,jan,January 2026,26,frq,2,/home/max/testgen-suite/ocr-frq/mb-exams/source-pdfs/student-booklets/pc_26_jan_sb2.pdf,[8],1,2.0,2 marks,no-calculator,,R13,marking-guide-heading,/home/max/testgen-suite/ocr-frq/mb-exams/source-pdfs/marking-guides/pc_26_jan_mg.pdf,[66],[],Question 26 2 marks Match each function with its corresponding graph. Write the corresponding letter in this column. A) B) C) D) y x y x y x y x  3 3 3 3 y x 1 1 y x 1 1 y x 1 1 y x 1 1
2026,jan,January 2026,27,frq,2,/home/max/testgen-suite/ocr-frq/mb-exams/source-pdfs/student-booklets/pc_26_jan_sb2.pdf,[9],1,2.0,2 marks,no-calculator,,T4,marking-guide-heading,/home/max/testgen-suite/ocr-frq/mb-exams/source-pdfs/marking-guides/pc_26_jan_mg.pdf,[68],[],"Question 27 2 marks The amplitude, A, of the sinusoidal function can be determined using the equation A n 20 . State the values of m and n. y x m,-10 3 ,n   0 20 ,"
2026,jan,January 2026,28,frq,2,/home/max/testgen-suite/ocr-frq/mb-exams/source-pdfs/student-booklets/pc_26_jan_sb2.pdf,[10],1,3.0,3 marks,no-calculator,,P2,marking-guide-heading,/home/max/testgen-suite/ocr-frq/mb-exams/source-pdfs/marking-guides/pc_26_jan_mg.pdf,[70],[],"Question 28 3 marks Solve, algebraically. n P 1 2 20 124"
2026,jan,January 2026,29,frq,2,/home/max/testgen-suite/ocr-frq/mb-exams/source-pdfs/student-booklets/pc_26_jan_sb2.pdf,[11],1,3.0,3 marks,no-calculator,,T6,marking-guide-heading,/home/max/testgen-suite/ocr-frq/mb-exams/source-pdfs/marking-guides/pc_26_jan_mg.pdf,[74],[],Question 29 3 marks Determine the exact value of sin 23 12  . 125
2026,jan,January 2026,30,frq,2,/home/max/testgen-suite/ocr-frq/mb-exams/source-pdfs/student-booklets/pc_26_jan_sb2.pdf,[12],1,1.0,1 mark,no-calculator,,R10,marking-guide-heading,/home/max/testgen-suite/ocr-frq/mb-exams/source-pdfs/marking-guides/pc_26_jan_mg.pdf,[78],[],"Question 30 1 mark Cameron was asked to solve the equation, log3 4 2 x . Cameron’s solution: Describe Cameron’s error. 126"
2026,jan,January 2026,31,frq,2,/home/max/testgen-suite/ocr-frq/mb-exams/source-pdfs/student-booklets/pc_26_jan_sb2.pdf,[13],1,1.0,1 mark,no-calculator,,T6,marking-guide-heading,/home/max/testgen-suite/ocr-frq/mb-exams/source-pdfs/marking-guides/pc_26_jan_mg.pdf,[80],[],"Question 31 1 mark Given the identity sin tan sin sec 2 , state the non-permissible value of over the interval ,2 . 127"
2026,jan,January 2026,32,frq,2,/home/max/testgen-suite/ocr-frq/mb-exams/source-pdfs/student-booklets/pc_26_jan_sb2.pdf,[14],1,4.0,4 marks,no-calculator,,T4,marking-guide-heading,/home/max/testgen-suite/ocr-frq/mb-exams/source-pdfs/marking-guides/pc_26_jan_mg.pdf,[82],[],"Question 32 4 marks Sketch the graph of y x     5 2 2 cos  over the domain 0 5 , . 128 y x"
2026,jan,January 2026,33,frq,2,/home/max/testgen-suite/ocr-frq/mb-exams/source-pdfs/student-booklets/pc_26_jan_sb2.pdf,[15],1,1.0,1 mark,no-calculator,,R12,marking-guide-heading,/home/max/testgen-suite/ocr-frq/mb-exams/source-pdfs/marking-guides/pc_26_jan_mg.pdf,[86],[],"Question 33 1 mark Describe the behaviour of the graph of the polynomial function, p x x x 3 1 2 , as it approaches the x-intercept at x = 3."
2026,jan,January 2026,34,frq,2,/home/max/testgen-suite/ocr-frq/mb-exams/source-pdfs/student-booklets/pc_26_jan_sb2.pdf,[16],1,1.0,1 mark,no-calculator,,T1,marking-guide-heading,/home/max/testgen-suite/ocr-frq/mb-exams/source-pdfs/marking-guides/pc_26_jan_mg.pdf,[88],[],Question 34 1 mark Sketch the angle of 4 radians in standard position. y x
2026,jan,January 2026,35,frq,2,/home/max/testgen-suite/ocr-frq/mb-exams/source-pdfs/student-booklets/pc_26_jan_sb2.pdf,[17],1,4.0,4 marks,no-calculator,,R10,marking-guide-heading,/home/max/testgen-suite/ocr-frq/mb-exams/source-pdfs/marking-guides/pc_26_jan_mg.pdf,[90],[],"Question 35 4 marks Solve, algebraically. log log log 5 5 5 12 2 48 x"
2026,jan,January 2026,36,frq,2,/home/max/testgen-suite/ocr-frq/mb-exams/source-pdfs/student-booklets/pc_26_jan_sb2.pdf,[18],1,2.0,2 marks,no-calculator,,R9,marking-guide-heading,/home/max/testgen-suite/ocr-frq/mb-exams/source-pdfs/marking-guides/pc_26_jan_mg.pdf,[94],[],Question 36 2 marks State the equation of the exponential function represented by the graph of f x . f x = ____________________________________ f x y x 1 1
2026,jan,January 2026,37,frq,2,/home/max/testgen-suite/ocr-frq/mb-exams/source-pdfs/student-booklets/pc_26_jan_sb2.pdf,[19],1,3.0,3 marks,no-calculator,,T3,marking-guide-heading,/home/max/testgen-suite/ocr-frq/mb-exams/source-pdfs/marking-guides/pc_26_jan_mg.pdf,[96],[],Question 37 3 marks Evaluate. cos csc cot 11 3 3 11 6        
2026,jan,January 2026,38,frq,2,/home/max/testgen-suite/ocr-frq/mb-exams/source-pdfs/student-booklets/pc_26_jan_sb2.pdf,[20],1,1.0,1 mark,no-calculator,,P1,marking-guide-heading,/home/max/testgen-suite/ocr-frq/mb-exams/source-pdfs/marking-guides/pc_26_jan_mg.pdf,[100],[],"Question 38 1 mark Min Li has a 3-digit code for his lock. Determine the number of possible codes for his lock, if repetition is allowed. 134"
2026,jan,January 2026,39,frq,2,/home/max/testgen-suite/ocr-frq/mb-exams/source-pdfs/student-booklets/pc_26_jan_sb2.pdf,[21],1,2.0,2 marks,no-calculator,,R10,marking-guide-heading,/home/max/testgen-suite/ocr-frq/mb-exams/source-pdfs/marking-guides/pc_26_jan_mg.pdf,[102],[],"Question 39 2 marks Solve, algebraically. 1 6 6 3 2 2    x x"
2026,jan,January 2026,40,frq,2,/home/max/testgen-suite/ocr-frq/mb-exams/source-pdfs/student-booklets/pc_26_jan_sb2.pdf,[22],1,4.0,4 marks,no-calculator,,R14,marking-guide-heading,/home/max/testgen-suite/ocr-frq/mb-exams/source-pdfs/marking-guides/pc_26_jan_mg.pdf,[106],[],Question 40 4 marks Sketch the graph of f x x x  5 1 3 and state the y-intercept. y-intercept: _________________ y x 1 1
2026,jan,January 2026,41,frq,2,/home/max/testgen-suite/ocr-frq/mb-exams/source-pdfs/student-booklets/pc_26_jan_sb2.pdf,[23],1,2.0,2 marks,no-calculator,,"R7, R10",marking-guide-heading,/home/max/testgen-suite/ocr-frq/mb-exams/source-pdfs/marking-guides/pc_26_jan_mg.pdf,[110],[],"Question 41 2 marks Given log2 5 x = , determine the value of log4 2x ."
2026,jan,January 2026,42,frq,2,/home/max/testgen-suite/ocr-frq/mb-exams/source-pdfs/student-booklets/pc_26_jan_sb2.pdf,[24],1,1.0,1 mark,no-calculator,,T6,marking-guide-heading,/home/max/testgen-suite/ocr-frq/mb-exams/source-pdfs/marking-guides/pc_26_jan_mg.pdf,[112],[],"Question 42 1 mark Henry was asked to prove the identity, csc cos cot sin 2 2 2 2 2 1 2 , for all permissible values of . His work: Explain why his proof is insufficient."
2026,jan,January 2026,43,frq,2,/home/max/testgen-suite/ocr-frq/mb-exams/source-pdfs/student-booklets/pc_26_jan_sb2.pdf,[25],1,4.0,4 marks,no-calculator,,R13,marking-guide-heading,/home/max/testgen-suite/ocr-frq/mb-exams/source-pdfs/marking-guides/pc_26_jan_mg.pdf,[114],[],Question 43 4 marks Sketch the graph of y x 2 1 . y x 1 1
2026,jan,January 2026,44,frq,2,/home/max/testgen-suite/ocr-frq/mb-exams/source-pdfs/student-booklets/pc_26_jan_sb2.pdf,[26],1,2.0,2 marks,no-calculator,,"R7, R8",marking-guide-heading,/home/max/testgen-suite/ocr-frq/mb-exams/source-pdfs/marking-guides/pc_26_jan_mg.pdf,[118],[],Question 44 2 marks Evaluate. log log 3 3 54 6 −
2026,jan,January 2026,45,frq,2,/home/max/testgen-suite/ocr-frq/mb-exams/source-pdfs/student-booklets/pc_26_jan_sb2.pdf,[27],1,2.0,2 marks,no-calculator,,R12,marking-guide-heading,/home/max/testgen-suite/ocr-frq/mb-exams/source-pdfs/marking-guides/pc_26_jan_mg.pdf,[120],[],"Question 45 2 marks Determine, algebraically, the equation of the graph of the polynomial function, p x . p x = ___________________________ y x 4 1 6 -3 p x"
2026,jun,June 2026,1,frq,1,/home/max/testgen-suite/ocr-frq/mb-exams/source-pdfs/student-booklets/pc_26_jun_sb1.pdf,[9],1,2.0,2 marks,calculator-active,,T1,marking-guide-heading,/home/max/testgen-suite/ocr-frq/mb-exams/source-pdfs/marking-guides/pc_26_jun_mg.pdf,[10],[],"Question 1 2 marks Jack rolled a water bottle from one edge of his desk to the other. The desk measures 60 cm from edge to edge. The water bottle has a diameter of 7 cm. Determine the angle that the water bottle rotated, in degrees. 101"
2026,jun,June 2026,2,frq,1,/home/max/testgen-suite/ocr-frq/mb-exams/source-pdfs/student-booklets/pc_26_jun_sb1.pdf,[10],1,2.0,2 marks,calculator-active,,P3,marking-guide-heading,/home/max/testgen-suite/ocr-frq/mb-exams/source-pdfs/marking-guides/pc_26_jun_mg.pdf,[12],[],"Question 2 2 marks There are 15 dogs and 12 cats in an animal shelter. Determine the number of ways that three dogs and two cats can be selected if Scout, one of the dogs, must be selected. 102"
2026,jun,June 2026,3,frq,1,/home/max/testgen-suite/ocr-frq/mb-exams/source-pdfs/student-booklets/pc_26_jun_sb1.pdf,[11],1,3.0,3 marks,calculator-active,,R10,marking-guide-heading,/home/max/testgen-suite/ocr-frq/mb-exams/source-pdfs/marking-guides/pc_26_jun_mg.pdf,[14],[],"Question 3 3 marks Emily wants to save money to buy a car. She invests $180 per month at an annual interest rate of 4.5%, compounded monthly. Determine, algebraically, the number of monthly investments she will need to make to obtain at least $15 000. Express the final answer as a whole number. Use "
2026,jun,June 2026,4,frq,1,/home/max/testgen-suite/ocr-frq/mb-exams/source-pdfs/student-booklets/pc_26_jun_sb1.pdf,[12],1,3.0,3 marks,calculator-active,,P4,marking-guide-heading,/home/max/testgen-suite/ocr-frq/mb-exams/source-pdfs/marking-guides/pc_26_jun_mg.pdf,[18],[],Question 4 3 marks Determine and simplify the 4th term in the binomial expansion of 3 2 2 6 x x   . 104
2026,jun,June 2026,5,frq,1,/home/max/testgen-suite/ocr-frq/mb-exams/source-pdfs/student-booklets/pc_26_jun_sb1.pdf,[13],1,3.0,3 marks,calculator-active,,T5,marking-guide-heading,/home/max/testgen-suite/ocr-frq/mb-exams/source-pdfs/marking-guides/pc_26_jun_mg.pdf,[20],[],"Question 5 3 marks Solve, algebraically, over the interval 0 2, . Note: A calculator is not required for the remaining test questions. 4 3 1 0 2 cos cos x x 105"
2026,jun,June 2026,6,frq,1,/home/max/testgen-suite/ocr-frq/mb-exams/source-pdfs/student-booklets/pc_26_jun_sb1.pdf,[14],1,1.0,1 mark,no-calculator,,R14,marking-guide-heading,/home/max/testgen-suite/ocr-frq/mb-exams/source-pdfs/marking-guides/pc_26_jun_mg.pdf,[22],[],"Question 6 1 mark State an equation for a rational function, g x , whose graph has a vertical asymptote at x = 7. g x ____________________________________ 106"
2026,jun,June 2026,7,frq,1,/home/max/testgen-suite/ocr-frq/mb-exams/source-pdfs/student-booklets/pc_26_jun_sb1.pdf,[15],1,2.0,2 marks,no-calculator,,R13,marking-guide-heading,/home/max/testgen-suite/ocr-frq/mb-exams/source-pdfs/marking-guides/pc_26_jun_mg.pdf,[24],[],"Question 7 2 marks State an equation of a radical function, f x , with a domain of x ≤0 and a range of y ≥1. f x ____________________________________ 107"
2026,jun,June 2026,8,frq,1,/home/max/testgen-suite/ocr-frq/mb-exams/source-pdfs/student-booklets/pc_26_jun_sb1.pdf,[16],1,3.0,3 marks,no-calculator,,T6,marking-guide-heading,/home/max/testgen-suite/ocr-frq/mb-exams/source-pdfs/marking-guides/pc_26_jun_mg.pdf,"[26, 27, 28]",[],Question 8 3 marks Prove the identity for all permissible values of x. cos sin sec sin sec csc x x x x x x 2 Left-Hand Side Right-Hand Side 108
2026,jun,June 2026,9,frq,1,/home/max/testgen-suite/ocr-frq/mb-exams/source-pdfs/student-booklets/pc_26_jun_sb1.pdf,[17],1,3.0,3 marks,no-calculator,,"R1, R3, R5",marking-guide-heading,/home/max/testgen-suite/ocr-frq/mb-exams/source-pdfs/marking-guides/pc_26_jun_mg.pdf,[32],[],"Question 9 3 marks Given the graph of, y f x , sketch the graph of y f x 2 . 109 1 1 y x f x 1 1 f x y x The graph of f x has already been drawn for your reference. No marks will be awarded for the graph of f x ."
2026,jun,June 2026,10,frq,1,/home/max/testgen-suite/ocr-frq/mb-exams/source-pdfs/student-booklets/pc_26_jun_sb1.pdf,[18],1,3.0,3 marks,no-calculator,,R10,marking-guide-heading,/home/max/testgen-suite/ocr-frq/mb-exams/source-pdfs/marking-guides/pc_26_jun_mg.pdf,[34],[],"Question 10 3 marks Solve, algebraically. log log x x  1 2 1 110"
2026,jun,June 2026,11,frq,1,/home/max/testgen-suite/ocr-frq/mb-exams/source-pdfs/student-booklets/pc_26_jun_sb1.pdf,[19],1,1.0,1 mark,no-calculator,,P4,marking-guide-heading,/home/max/testgen-suite/ocr-frq/mb-exams/source-pdfs/marking-guides/pc_26_jun_mg.pdf,[38],[],Question 11 1 mark Justify that there are only two negative terms in the expansion of 2 5 4 x y .
2026,jun,June 2026,12,frq,1,/home/max/testgen-suite/ocr-frq/mb-exams/source-pdfs/student-booklets/pc_26_jun_sb1.pdf,[20],1,1.0,1 mark,no-calculator,,T5,marking-guide-heading,/home/max/testgen-suite/ocr-frq/mb-exams/source-pdfs/marking-guides/pc_26_jun_mg.pdf,[40],[],"Question 12 1 mark The graph of y x 5 2 3 sin below can be used to solve the equation 0 5 2 3 sin x . State how many solutions there are to the equation 0 5 2 3 sin x over the interval 0 2, . 112 1 y x π 2"
2026,jun,June 2026,13,frq,1,/home/max/testgen-suite/ocr-frq/mb-exams/source-pdfs/student-booklets/pc_26_jun_sb1.pdf,[21],1,3.0,a) 1 mark; b) 2 marks,no-calculator,,R1,marking-guide-heading,/home/max/testgen-suite/ocr-frq/mb-exams/source-pdfs/marking-guides/pc_26_jun_mg.pdf,[42],[],"Question 13 a) 1 mark b) 2 marks Given the functions, f x x 2 1 and g x x 1, a) state the equation of h x f x g x . h x ____________________________________ b) sketch the graph of h x . 113 114 y x 1 1"
2026,jun,June 2026,14,frq,1,/home/max/testgen-suite/ocr-frq/mb-exams/source-pdfs/student-booklets/pc_26_jun_sb1.pdf,[22],1,2.0,2 marks,no-calculator,,"R2, R3",marking-guide-heading,/home/max/testgen-suite/ocr-frq/mb-exams/source-pdfs/marking-guides/pc_26_jun_mg.pdf,[46],[],"Question 14 2 marks State an equation for g x , in terms of f x . g x = ____________________________________ 115 y x f x g x 1 1"
2026,jun,June 2026,15,frq,1,/home/max/testgen-suite/ocr-frq/mb-exams/source-pdfs/student-booklets/pc_26_jun_sb1.pdf,[23],1,3.0,3 marks,no-calculator,,R12,marking-guide-heading,/home/max/testgen-suite/ocr-frq/mb-exams/source-pdfs/marking-guides/pc_26_jun_mg.pdf,[48],[],"Question 15 3 marks Sketch the graph of a polynomial function, p x , with the following characteristics: • degree 5 • leading coefficient of –1 • a zero at –3, with a multiplicity of 3 • a zero at 1, with a multiplicity of 2 116 y x"
2026,jun,June 2026,16,mcq,2,/home/max/testgen-suite/ocr-frq/mb-exams/source-pdfs/student-booklets/pc_26_jun_sb2.pdf,[5],1,1.0,1 mark,no-calculator,A,T6,answer-key,/home/max/testgen-suite/ocr-frq/mb-exams/source-pdfs/marking-guides/pc_26_jun_mg.pdf,[54],[],Question 16 1 mark Identify the expression that is equivalent to tan csc 2 1 . a. b. tanθ c. secθ d. sinθ 
2026,jun,June 2026,17,mcq,2,/home/max/testgen-suite/ocr-frq/mb-exams/source-pdfs/student-booklets/pc_26_jun_sb2.pdf,[5],1,1.0,1 mark,no-calculator,C,P2,answer-key,/home/max/testgen-suite/ocr-frq/mb-exams/source-pdfs/marking-guides/pc_26_jun_mg.pdf,[54],[],Question 17 1 mark Identify the expression that represents the number of ways five books can be arranged on a shelf if two of them must be together. a. 5 2 ! ! b. 5! 2! − c. 4 2 ! ! d. 3 2 ! ! 
2026,jun,June 2026,18,mcq,2,/home/max/testgen-suite/ocr-frq/mb-exams/source-pdfs/student-booklets/pc_26_jun_sb2.pdf,[5],1,1.0,1 mark,no-calculator,C,R10,answer-key,/home/max/testgen-suite/ocr-frq/mb-exams/source-pdfs/marking-guides/pc_26_jun_mg.pdf,[54],[],"Question 18 1 mark Identify the value of x in the equation, log8 1 3 x . a. −2 b. −1 2 c. d. 2 cotθ 1 2"
2026,jun,June 2026,19,mcq,2,/home/max/testgen-suite/ocr-frq/mb-exams/source-pdfs/student-booklets/pc_26_jun_sb2.pdf,[6],1,1.0,1 mark,no-calculator,D,R1,answer-key,/home/max/testgen-suite/ocr-frq/mb-exams/source-pdfs/marking-guides/pc_26_jun_mg.pdf,[55],[],"Question 19 1 mark Given the functions, f x x 1 and g x x 1, identify the domain of f g x . a. , b.  , , 1 1 c. 1, d. 1, "
2026,jun,June 2026,20,mcq,2,/home/max/testgen-suite/ocr-frq/mb-exams/source-pdfs/student-booklets/pc_26_jun_sb2.pdf,[6],1,1.0,1 mark,no-calculator,B,R14,answer-key,/home/max/testgen-suite/ocr-frq/mb-exams/source-pdfs/marking-guides/pc_26_jun_mg.pdf,[55],[],"Question 20 1 mark Given f x x x x  3 2 5 2 2 , identify the equation of the horizontal asymptote. a. y 2 b. y = 0 c. y = 3 5 d. y = 2 "
2026,jun,June 2026,21,mcq,2,/home/max/testgen-suite/ocr-frq/mb-exams/source-pdfs/student-booklets/pc_26_jun_sb2.pdf,[6],1,1.0,1 mark,no-calculator,D,T4,answer-key,/home/max/testgen-suite/ocr-frq/mb-exams/source-pdfs/marking-guides/pc_26_jun_mg.pdf,[55],[],"Question 21 1 mark Identify the range of the sinusoidal function, f x x 2 3 sin . a. y y  b. y y y 2 4 ,  c. y y y  2 2,  d. y y y 1 5 , "
2026,jun,June 2026,22,mcq,2,/home/max/testgen-suite/ocr-frq/mb-exams/source-pdfs/student-booklets/pc_26_jun_sb2.pdf,[7],1,1.0,1 mark,no-calculator,A,R11,answer-key,/home/max/testgen-suite/ocr-frq/mb-exams/source-pdfs/marking-guides/pc_26_jun_mg.pdf,[56],[],"Question 22 1 mark Given that x 3 is a factor of the polynomial P x , identify which of the following is true. a. P 3 0 b. P 0 3 c. P 0 3 d. P 3 0 "
2026,jun,June 2026,23,mcq,2,/home/max/testgen-suite/ocr-frq/mb-exams/source-pdfs/student-booklets/pc_26_jun_sb2.pdf,[7],1,1.0,1 mark,no-calculator,A,T1,answer-key,/home/max/testgen-suite/ocr-frq/mb-exams/source-pdfs/marking-guides/pc_26_jun_mg.pdf,[56],[],Question 23 1 mark Identify the value that best represents the angle in standard position. a. −4.4 radians b. −2 radians c. 1.3 radians d. 1.9 radians 
2026,jun,June 2026,24,mcq,2,/home/max/testgen-suite/ocr-frq/mb-exams/source-pdfs/student-booklets/pc_26_jun_sb2.pdf,[7],1,1.0,1 mark,no-calculator,B,R8,answer-key,/home/max/testgen-suite/ocr-frq/mb-exams/source-pdfs/marking-guides/pc_26_jun_mg.pdf,[56],[],Question 24 1 mark Identify the expression that is equivalent to log log a a x x 2 3 . a. loga x 3 2 b. loga x x 3 2 c. loga x x      2 3 d. log log log a a a x x + + 2 3 y x
2026,jun,June 2026,25,frq,2,/home/max/testgen-suite/ocr-frq/mb-exams/source-pdfs/student-booklets/pc_26_jun_sb2.pdf,[8],1,3.0,3 marks,no-calculator,,T3,marking-guide-heading,/home/max/testgen-suite/ocr-frq/mb-exams/source-pdfs/marking-guides/pc_26_jun_mg.pdf,[58],[],Question 25 3 marks Evaluate. tan csc cos 3 3 4 4 3 13 6         117
2026,jun,June 2026,26,frq,2,/home/max/testgen-suite/ocr-frq/mb-exams/source-pdfs/student-booklets/pc_26_jun_sb2.pdf,[9],1,2.0,2 marks,no-calculator,,R8,marking-guide-heading,/home/max/testgen-suite/ocr-frq/mb-exams/source-pdfs/marking-guides/pc_26_jun_mg.pdf,[62],[],"Question 26 2 marks If a =log4 and b =log3, express log36 in terms of a and b. 118"
2026,jun,June 2026,27,frq,2,/home/max/testgen-suite/ocr-frq/mb-exams/source-pdfs/student-booklets/pc_26_jun_sb2.pdf,[10],1,2.0,2 marks,no-calculator,,T6,marking-guide-heading,/home/max/testgen-suite/ocr-frq/mb-exams/source-pdfs/marking-guides/pc_26_jun_mg.pdf,"[64, 65]",[],Question 27 2 marks Justify that tan2x has a non-permissible value at x 4.
2026,jun,June 2026,28,frq,2,/home/max/testgen-suite/ocr-frq/mb-exams/source-pdfs/student-booklets/pc_26_jun_sb2.pdf,[11],1,2.0,2 marks,no-calculator,,T3,marking-guide-heading,/home/max/testgen-suite/ocr-frq/mb-exams/source-pdfs/marking-guides/pc_26_jun_mg.pdf,"[68, 69]",[],"Question 28 2 marks Determine the exact value of tanθ, if sec 6 5 and θ terminates in quadrant IV."
2026,jun,June 2026,29,frq,2,/home/max/testgen-suite/ocr-frq/mb-exams/source-pdfs/student-booklets/pc_26_jun_sb2.pdf,[12],1,3.0,a) 2 marks; b) 1 mark,no-calculator,,R14,marking-guide-heading,/home/max/testgen-suite/ocr-frq/mb-exams/source-pdfs/marking-guides/pc_26_jun_mg.pdf,[72],[],"Question 29 a) 2 marks b) 1 mark Given the function, g x x 4 1 2 , a) sketch the graph of g x . b) state the range of the graph of g x . 121 122 y x 1 1"
2026,jun,June 2026,30,frq,2,/home/max/testgen-suite/ocr-frq/mb-exams/source-pdfs/student-booklets/pc_26_jun_sb2.pdf,[13],1,3.0,a) 2 marks; b) 1 mark,no-calculator,,R6,marking-guide-heading,/home/max/testgen-suite/ocr-frq/mb-exams/source-pdfs/marking-guides/pc_26_jun_mg.pdf,[76],[],"Question 30 a) 2 marks b) 1 mark Given y x 2 4, a) determine the equation of the inverse. y = ____________________________________ b) state a restriction on the domain of y x 2 4, in order for its inverse to be a function. 123 124"
2026,jun,June 2026,31,frq,2,/home/max/testgen-suite/ocr-frq/mb-exams/source-pdfs/student-booklets/pc_26_jun_sb2.pdf,[14],1,3.0,3 marks,no-calculator,,T6,marking-guide-heading,/home/max/testgen-suite/ocr-frq/mb-exams/source-pdfs/marking-guides/pc_26_jun_mg.pdf,[78],[],"Question 31 3 marks Given cos 1 3 and sin 2 3 where α and β terminate in the same quadrant, determine the exact value of sin ."
2026,jun,June 2026,32,frq,2,/home/max/testgen-suite/ocr-frq/mb-exams/source-pdfs/student-booklets/pc_26_jun_sb2.pdf,[15],1,4.0,4 marks,no-calculator,,R13,marking-guide-heading,/home/max/testgen-suite/ocr-frq/mb-exams/source-pdfs/marking-guides/pc_26_jun_mg.pdf,[82],[],Question 32 4 marks Sketch the graph of y x 2 4 . 126 y x 1 1
2026,jun,June 2026,33,frq,2,/home/max/testgen-suite/ocr-frq/mb-exams/source-pdfs/student-booklets/pc_26_jun_sb2.pdf,[16],1,3.0,3 marks,no-calculator,,R11,marking-guide-heading,/home/max/testgen-suite/ocr-frq/mb-exams/source-pdfs/marking-guides/pc_26_jun_mg.pdf,[84],[],"Question 33 3 marks Express p x x x x x   4 3 2 6 4 8 in completely factored form, given that x 1 is a factor of p x . p x = ____________________________________ 127"
2026,jun,June 2026,34,frq,2,/home/max/testgen-suite/ocr-frq/mb-exams/source-pdfs/student-booklets/pc_26_jun_sb2.pdf,[17],1,4.0,4 marks,no-calculator,,T4,marking-guide-heading,/home/max/testgen-suite/ocr-frq/mb-exams/source-pdfs/marking-guides/pc_26_jun_mg.pdf,[88],[],Question 34 4 marks Sketch at least one period of the graph of y x       sin 2 4  . x y 128
2026,jun,June 2026,35,frq,2,/home/max/testgen-suite/ocr-frq/mb-exams/source-pdfs/student-booklets/pc_26_jun_sb2.pdf,[18],1,3.0,a) 1 mark; b) 2 marks,no-calculator,,R9,marking-guide-heading,/home/max/testgen-suite/ocr-frq/mb-exams/source-pdfs/marking-guides/pc_26_jun_mg.pdf,[90],[],"Question 35 a) 1 mark b) 2 marks Given g x x log2 3, a) determine the x-intercept of the graph. b) sketch the graph of g x . y x 1 1 129 130"
2026,jun,June 2026,36,frq,2,/home/max/testgen-suite/ocr-frq/mb-exams/source-pdfs/student-booklets/pc_26_jun_sb2.pdf,[19],1,1.0,1 mark,no-calculator,,T6,marking-guide-heading,/home/max/testgen-suite/ocr-frq/mb-exams/source-pdfs/marking-guides/pc_26_jun_mg.pdf,[94],[],"Question 36 1 mark Modesola incorrectly evaluated the expression, cos sin 2 2 30 30   . Modesola’s answer: Describe their error. 131"
2026,jun,June 2026,37,frq,2,/home/max/testgen-suite/ocr-frq/mb-exams/source-pdfs/student-booklets/pc_26_jun_sb2.pdf,[20],1,1.0,1 mark,no-calculator,,R13,marking-guide-heading,/home/max/testgen-suite/ocr-frq/mb-exams/source-pdfs/marking-guides/pc_26_jun_mg.pdf,[96],[],"Question 37 1 mark Given the graph of y f x , state the range of y f x . 132 x y 1 1 f x"
2026,jun,June 2026,38,frq,2,/home/max/testgen-suite/ocr-frq/mb-exams/source-pdfs/student-booklets/pc_26_jun_sb2.pdf,[21],1,1.0,1 mark,no-calculator,,T2,marking-guide-heading,/home/max/testgen-suite/ocr-frq/mb-exams/source-pdfs/marking-guides/pc_26_jun_mg.pdf,[98],[],Question 38 1 mark Determine a value of x that satisfies sin cos 2 2 2 1 5 1 x x  . 133
2026,jun,June 2026,39,frq,2,/home/max/testgen-suite/ocr-frq/mb-exams/source-pdfs/student-booklets/pc_26_jun_sb2.pdf,[22],1,2.0,2 marks,no-calculator,,R10,marking-guide-heading,/home/max/testgen-suite/ocr-frq/mb-exams/source-pdfs/marking-guides/pc_26_jun_mg.pdf,[100],[],"Question 39 2 marks Solve, algebraically. 9 1 3 2 3 1 x x    134"
2026,jun,June 2026,40,frq,2,/home/max/testgen-suite/ocr-frq/mb-exams/source-pdfs/student-booklets/pc_26_jun_sb2.pdf,[23],1,2.0,2 marks,no-calculator,,P2,marking-guide-heading,/home/max/testgen-suite/ocr-frq/mb-exams/source-pdfs/marking-guides/pc_26_jun_mg.pdf,[104],[],Question 40 2 marks Determine the total number of arrangements of the letters in the word GUIDES if the vowels and consonants must alternate. 135
2026,jun,June 2026,41,frq,2,/home/max/testgen-suite/ocr-frq/mb-exams/source-pdfs/student-booklets/pc_26_jun_sb2.pdf,[24],1,2.0,2 marks,no-calculator,,P2,marking-guide-heading,/home/max/testgen-suite/ocr-frq/mb-exams/source-pdfs/marking-guides/pc_26_jun_mg.pdf,[106],[],"Question 41 2 marks Solve, algebraically. 5 5 3 6 80 ! ! ! ! n n 136"
2026,jun,June 2026,42,frq,2,/home/max/testgen-suite/ocr-frq/mb-exams/source-pdfs/student-booklets/pc_26_jun_sb2.pdf,[25],1,1.0,1 mark,no-calculator,,R7,marking-guide-heading,/home/max/testgen-suite/ocr-frq/mb-exams/source-pdfs/marking-guides/pc_26_jun_mg.pdf,[110],[],Question 42 1 mark Justify that 2.1 is a better estimate than 2.6 for the value of log529. 137
2026,jun,June 2026,43,frq,2,/home/max/testgen-suite/ocr-frq/mb-exams/source-pdfs/student-booklets/pc_26_jun_sb2.pdf,[26],1,2.0,2 marks,no-calculator,,R11,marking-guide-heading,/home/max/testgen-suite/ocr-frq/mb-exams/source-pdfs/marking-guides/pc_26_jun_mg.pdf,[112],[],"Question 43 2 marks When p x x kx 3 6 is divided by x 2 , the remainder is 4. Determine the value of k. 138"
2026,jun,June 2026,44,frq,2,/home/max/testgen-suite/ocr-frq/mb-exams/source-pdfs/student-booklets/pc_26_jun_sb2.pdf,[27],1,3.0,3 marks,no-calculator,,"R2, R3, R5",marking-guide-heading,/home/max/testgen-suite/ocr-frq/mb-exams/source-pdfs/marking-guides/pc_26_jun_mg.pdf,[114],[],Question 44 3 marks Describe the transformations used to obtain the graph of the function y f x  7 14 from the graph of y f x . 139
